ma_uc,stt,ma_phan_he,phan_he,ten_uc,actor_chinh,actor_phu,bi_danh,bmt,so_trans,do_phuc_tap,la_tu_dong,pham_vi,trang_thai,nhom_excel,ghi_chu
UC-0001,1,KKN,QUẢN LÝ KÊNH TRAO ĐỔI DỮ LIỆU,Quản lý thông tin đăng ký/thay đổi kết nối trao đổi dữ liệu với CIC,"CBĐVGBC, QTHT (gọi chung là Người dùng)",,,B,4,Trung bình,,,,,
UC-0002,2,KKN,QUẢN LÝ KÊNH TRAO ĐỔI DỮ LIỆU,Quản lý thông tin ngừng/khôi phục kết nối trao đổi dữ liệu với CIC,"CBĐVGBC, QTHT (gọi chung là Người dùng)",,,B,4,Trung bình,,,,,
UC-0003,3,KKN,QUẢN LÝ KÊNH TRAO ĐỔI DỮ LIỆU,Tra cứu thông tin đăng ký/thay đổi kết nối trao đổi dữ liệu với CIC,"CBĐVGBC, QTHT (gọi chung là Người dùng)",,,B,3,Đơn giản,,,,,
UC-0004,4,KKN,QUẢN LÝ KÊNH TRAO ĐỔI DỮ LIỆU,Tra cứu thông tin ngừng/khôi phục kết nối trao đổi dữ liệu với CIC,"CBĐVGBC, QTHT (gọi chung là Người dùng)",,,B,3,Đơn giản,,,,,
UC-0005,5,KKN,QUẢN LÝ KÊNH TRAO ĐỔI DỮ LIỆU,Phê duyệt thông tin đăng ký/thay đổi kết nối trao đổi dữ liệu với CIC,QTHT,,,B,2,Đơn giản,,,,,
UC-0006,6,KKN,QUẢN LÝ KÊNH TRAO ĐỔI DỮ LIỆU,Phê duyệt thông tin ngừng/khôi phục kết nối trao đổi dữ liệu với CIC,QTHT,,,B,2,Đơn giản,,,,,
UC-0007,7,KKN,QUẢN LÝ KÊNH TRAO ĐỔI DỮ LIỆU,Từ chối thông tin đăng ký/thay đổi kết nối trao đổi dữ liệu với CIC,QTHT,,,B,2,Đơn giản,,,,,
UC-0008,8,KKN,QUẢN LÝ KÊNH TRAO ĐỔI DỮ LIỆU,Từ chối thông tin ngừng/khôi phục kết nối trao đổi dữ liệu với CIC,QTHT,,,B,2,Đơn giản,,,,,
UC-0009,9,KKN,QUẢN LÝ KÊNH TRAO ĐỔI DỮ LIỆU,Kiểm tra thiết lập kết nối trao đổi dữ liệu với CIC,"CBĐVGBC, QTHT (gọi chung là Người dùng)",,,B,3,Đơn giản,,,,,
UC-0010,10,KKN,QUẢN LÝ KÊNH TRAO ĐỔI DỮ LIỆU,Báo cáo thống kê tình hình nhận/gửi dữ liệu qua Web CIC,QTHT,,,B,4,Trung bình,,,,,
UC-0011,11,KKN,QUẢN LÝ KÊNH TRAO ĐỔI DỮ LIỆU,Báo cáo thống kê tình hình nhận/gửi dữ liệu qua API,QTHT,,,B,4,Trung bình,,,,,
UC-0012,12,KKN,QUẢN LÝ KÊNH TRAO ĐỔI DỮ LIỆU,Báo cáo thống kê tình hình nhận/gửi dữ liệu qua H2H,QTHT,,,B,4,Trung bình,,,,,
UC-0013,13,KKN,QUẢN LÝ KÊNH TRAO ĐỔI DỮ LIỆU,Lưu trữ file data,HT-M5,,,M,2,Đơn giản,,,,,
UC-0014,14,KKN,QUẢN LÝ KÊNH TRAO ĐỔI DỮ LIỆU,Tra cứu thông tin file data,QTHT,,,B,2,Đơn giản,,,,,
UC-0015,15,KKN,QUẢN LÝ KÊNH TRAO ĐỔI DỮ LIỆU,Lưu trữ thông tin yêu cầu truy vấn,HT-M5,,,M,2,Đơn giản,,,,,
UC-0016,16,KKN,QUẢN LÝ KÊNH TRAO ĐỔI DỮ LIỆU,Tra cứu thông tin yêu cầu truy vấn,QTHT,,,B,3,Đơn giản,,,,,
UC-0017,17,KKN,QUẢN LÝ KÊNH TRAO ĐỔI DỮ LIỆU,Tổng hợp DL theo yêu cầu truy vấn,Hệ thống,,,B,3,Đơn giản,1,,,,
UC-0018,18,KKN,QUẢN LÝ KÊNH TRAO ĐỔI DỮ LIỆU,Tra cứu DL tổng hợp theo yêu cầu truy vấn,QTHT,,,B,2,Đơn giản,,,,,
UC-0019,19,KKN,QUẢN LÝ KÊNH TRAO ĐỔI DỮ LIỆU,Gửi thông báo không có DL cho hệ thống M5,HT-M5,,,M,2,Đơn giản,,,,,
UC-0020,20,KKN,QUẢN LÝ KÊNH TRAO ĐỔI DỮ LIỆU,Tra cứu thông báo không có DL gửi cho hệ thống M5,QTHT,,,B,3,Đơn giản,,,,,
UC-0021,21,KKN,QUẢN LÝ KÊNH TRAO ĐỔI DỮ LIỆU,Gửi dữ liệu tổng hợp sang hệ thống M5,HT-M5,,,M,2,Đơn giản,,,,,
UC-0022,22,KKN,QUẢN LÝ KÊNH TRAO ĐỔI DỮ LIỆU,Gửi dữ liệu tổng hợp sang hệ thống XHTD,HT-XHTD,,,M,2,Đơn giản,,,,,
UC-0023,23,KKN,QUẢN LÝ KÊNH TRAO ĐỔI DỮ LIỆU,Nhận file dữ liệu đã được tổng hợp từ hệ thống XHTD,HT-XHTD,,,M,2,Đơn giản,,,,,
UC-0024,24,KKN,QUẢN LÝ KÊNH TRAO ĐỔI DỮ LIỆU,Gửi file dữ liệu đã được tổng hợp từ hệ thống XHTD sang hệ thống M5,HT-M5,,,M,2,Đơn giản,,,,,
UC-0025,25,KKN,QUẢN LÝ KÊNH TRAO ĐỔI DỮ LIỆU,Gửi kết quả cấp/gán mã CIC có đánh dấu liên kết với hệ thống M5,HT-M5,,,M,2,Đơn giản,,,,,
UC-0026,26,KKN,QUẢN LÝ KÊNH TRAO ĐỔI DỮ LIỆU,Tra cứu thông báo phản hồi kết quả xử lý cho yêu cầu gửi từ hệ thống M5,QTHT,,,B,3,Đơn giản,,,,,
UC-0027,27,KKN,QUẢN LÝ KÊNH TRAO ĐỔI DỮ LIỆU,Tổng hợp dữ liệu phục vụ XHTD,Hệ thống,,,B,2,Đơn giản,1,,,,
UC-0028,28,KKN,QUẢN LÝ KÊNH TRAO ĐỔI DỮ LIỆU,Tra cứu dữ liệu đã tổng hợp phục vụ XHTD,QTHT,,,B,3,Đơn giản,,,,,
UC-0029,29,KKN,QUẢN LÝ KÊNH TRAO ĐỔI DỮ LIỆU,Tổng hợp dữ liệu phục vụ CĐTD,Hệ thống,,,B,2,Đơn giản,1,,,,
UC-0030,30,KKN,QUẢN LÝ KÊNH TRAO ĐỔI DỮ LIỆU,Tra cứu dữ liệu đã tổng hợp phục vụ CĐTD,QTHT,,,B,3,Đơn giản,,,,,
UC-0031,31,KKN,QUẢN LÝ KÊNH TRAO ĐỔI DỮ LIỆU,Tổng hợp dữ liệu phục vụ M4,Hệ thống,,,B,2,Đơn giản,1,,,,
UC-0032,32,KKN,QUẢN LÝ KÊNH TRAO ĐỔI DỮ LIỆU,Tra cứu dữ liệu đã tổng hợp phục vụ M4,QTHT,,,B,3,Đơn giản,,,,,
UC-0033,33,KKN,QUẢN LÝ KÊNH TRAO ĐỔI DỮ LIỆU,Tổng hợp dữ liệu phục vụ Tính phí,Hệ thống,,,B,2,Đơn giản,1,,,,
UC-0034,34,KKN,QUẢN LÝ KÊNH TRAO ĐỔI DỮ LIỆU,Tra cứu dữ liệu đã tổng hợp phục vụ Tính phí,QTHT,,,B,3,Đơn giản,,,,,
UC-0035,35,KKN,QUẢN LÝ KÊNH TRAO ĐỔI DỮ LIỆU,Ghi nhận kết quả chạy Job CĐTD&XHTD,"HT-XHTD, HT-CĐTD, HT-M5, Hệ thống (Hệ thống nội bộ)",,,M,2,Đơn giản,,,,,
UC-0036,36,KKN,QUẢN LÝ KÊNH TRAO ĐỔI DỮ LIỆU,Khai thác kết quả CĐTD&XHTD,QTHT,,,B,3,Đơn giản,,,,,
UC-0037,37,KKN,QUẢN LÝ KÊNH TRAO ĐỔI DỮ LIỆU,Tạo thông tin yêu cầu truy vấn dữ liệu,"HT-XHTD, HT-CĐTD, HT-M5, Hệ thống (Hệ thống nội bộ)",,,M,2,Đơn giản,,,,,
UC-0038,38,KKN,QUẢN LÝ KÊNH TRAO ĐỔI DỮ LIỆU,Tra cứu thông tin yêu cầu truy vấn dữ liệu,QTHT,,,B,3,Đơn giản,,,,,
UC-0039,39,KKN,QUẢN LÝ KÊNH TRAO ĐỔI DỮ LIỆU,Tạo thông tin yêu cầu trao đổi dữ liệu,"HT-XHTD, HT-CĐTD, HT-M5, Hệ thống (Hệ thống nội bộ)",,,M,2,Đơn giản,,,,,
UC-0040,40,KKN,QUẢN LÝ KÊNH TRAO ĐỔI DỮ LIỆU,Tra thông tin cứu yêu cầu trao đổi dữ liệu,QTHT,,,B,3,Đơn giản,,,,,
UC-0041,41,KKN,QUẢN LÝ KÊNH TRAO ĐỔI DỮ LIỆU,Tạo và gửi gói tin truy vấn dữ liệu,"HT-XHTD, HT-CĐTD, HT-M5, Hệ thống (Hệ thống nội bộ)",,,M,2,Đơn giản,,,,,
UC-0042,42,KKN,QUẢN LÝ KÊNH TRAO ĐỔI DỮ LIỆU,Tạo và gửi gói tin trao đổi dữ liệu,"HT-XHTD, HT-CĐTD, HT-M5, Hệ thống (Hệ thống nội bộ)",,,M,2,Đơn giản,,,,,
UC-0043,43,KKN,QUẢN LÝ KÊNH TRAO ĐỔI DỮ LIỆU,Tra cứu thông tin về gói tin truy vấn dữ liệu,QTHT,,,B,3,Đơn giản,,,,,
UC-0044,44,KKN,QUẢN LÝ KÊNH TRAO ĐỔI DỮ LIỆU,Tra cứu thông tin về gói tin trao đổi dữ liệu,QTHT,,,B,3,Đơn giản,,,,,
UC-0045,45,KKN,QUẢN LÝ KÊNH TRAO ĐỔI DỮ LIỆU,Nhận phản hồi về gói tin,"HT-XHTD, HT-CĐTD, HT-M5, Hệ thống (Hệ thống nội bộ)",,,M,2,Đơn giản,,,,,
UC-0046,46,KKN,QUẢN LÝ KÊNH TRAO ĐỔI DỮ LIỆU,Tra cứu thông tin phản hồi về gói tin,QTHT,,,B,3,Đơn giản,,,,,
UC-0047,47,KKN,QUẢN LÝ KÊNH TRAO ĐỔI DỮ LIỆU,Nhận gói tin phản hồi về dữ liệu truy vấn,"HT-XHTD, HT-CĐTD, HT-M5, Hệ thống (Hệ thống nội bộ)",,,M,2,Đơn giản,,,,,
UC-0048,48,KKN,QUẢN LÝ KÊNH TRAO ĐỔI DỮ LIỆU,Lưu trữ dữ liệu truy vấn,"HT-XHTD, HT-CĐTD, HT-M5, Hệ thống (Hệ thống nội bộ)",,,M,2,Đơn giản,,,,,
UC-0049,49,KKN,QUẢN LÝ KÊNH TRAO ĐỔI DỮ LIỆU,Tra cứu dữ liệu truy vấn đã lưu trữ,QTHT,,,B,3,Đơn giản,,,,,
UC-0050,50,KKN,QUẢN LÝ KÊNH TRAO ĐỔI DỮ LIỆU,Nhận gói tin yêu cầu truy vấn/trao đổi dữ liệu,HT-C06 (Hệ thống tại CQQLNN),,,M,2,Đơn giản,,,,,
UC-0051,51,KKN,QUẢN LÝ KÊNH TRAO ĐỔI DỮ LIỆU,Kiểm tra điều kiện gói tin yêu cầu truy vấn/trao đổi dữ liệu,"HT-XHTD, HT-CĐTD, HT-M5, Hệ thống (Hệ thống nội bộ)",,,M,2,Đơn giản,,,,,
UC-0052,52,KKN,QUẢN LÝ KÊNH TRAO ĐỔI DỮ LIỆU,Gửi phản hồi kết quả kiểm tra gói tin cho hệ thống nguồn,HT-C06 (Hệ thống tại CQQLNN),,,M,2,Đơn giản,,,,,
UC-0053,53,KKN,QUẢN LÝ KÊNH TRAO ĐỔI DỮ LIỆU,Tra cứu phản hồi về kết quả gói tin gửi cho hệ thống nguồn,QTHT,,,B,3,Đơn giản,,,,,
UC-0054,54,KKN,QUẢN LÝ KÊNH TRAO ĐỔI DỮ LIỆU,Gửi gói tin yêu cầu truy vấn/trao đổi dữ liệu,"HT-XHTD, HT-CĐTD, HT-M5, Hệ thống (Hệ thống nội bộ)",,,M,2,Đơn giản,,,,,
UC-0055,55,KKN,QUẢN LÝ KÊNH TRAO ĐỔI DỮ LIỆU,Tra cứu thông tin gói tin truy vấn/trao đổi dữ liệu đã nhận/gửi,QTHT,,,B,3,Đơn giản,,,,,
UC-0056,56,KKN,QUẢN LÝ KÊNH TRAO ĐỔI DỮ LIỆU,Nhận thông tin yêu cầu truy vấn/trao đổi dữ liệu,"HT-XHTD, HT-CĐTD, HT-M5, Hệ thống (Hệ thống nội bộ)",,,M,2,Đơn giản,,,,,
UC-0057,57,KKN,QUẢN LÝ KÊNH TRAO ĐỔI DỮ LIỆU,Thực hiện bóc tách và lưu trữ dữ liệu của gói tin trao đổi dữ liệu,"HT-XHTD, HT-CĐTD, HT-M5, Hệ thống (Hệ thống nội bộ)",,,M,1,Đơn giản,,,,,
UC-0058,58,KKN,QUẢN LÝ KÊNH TRAO ĐỔI DỮ LIỆU,Tra cứu dữ liệu đã lưu trữ vào hệ thống,QTHT,,,B,3,Đơn giản,,,,,
UC-0059,59,KKN,QUẢN LÝ KÊNH TRAO ĐỔI DỮ LIỆU,Tổng hợp dữ liệu để trả lời cho gói tin truy vấn,"HT-XHTD, HT-CĐTD, HT-M5, Hệ thống (Hệ thống nội bộ)",,,M,2,Đơn giản,,,,,
UC-0060,60,KKN,QUẢN LÝ KÊNH TRAO ĐỔI DỮ LIỆU,Gửi thông tin dữ liệu phản hồi,"HT-XHTD, HT-CĐTD, HT-M5, Hệ thống (Hệ thống nội bộ)",,,M,2,Đơn giản,,,,,
UC-0061,61,KKN,QUẢN LÝ KÊNH TRAO ĐỔI DỮ LIỆU,Nhận gói tin dữ liệu phản hồi,"HT-XHTD, HT-CĐTD, HT-M5, Hệ thống (Hệ thống nội bộ)",,,M,2,Đơn giản,,,,,
UC-0062,62,KKN,QUẢN LÝ KÊNH TRAO ĐỔI DỮ LIỆU,Gửi gói tin dữ liệu phản hồi,HT-C06 (Hệ thống tại CQQLNN),,,M,2,Đơn giản,,,,,
UC-0063,63,KKN,QUẢN LÝ KÊNH TRAO ĐỔI DỮ LIỆU,Tra cứu thông tin về gói tin dữ liệu đã nhận/gửi,QTHT,,,B,3,Đơn giản,,,,,
UC-0064,64,KKN,QUẢN LÝ KÊNH TRAO ĐỔI DỮ LIỆU,Tạo và gửi yêu cầu truy vấn dữ liệu tới TCTD nước ngoài,HT-TCTDNN,,,M,2,Đơn giản,,,,,
UC-0065,65,KKN,QUẢN LÝ KÊNH TRAO ĐỔI DỮ LIỆU,Tra cứu thông tin yêu cầu truy vấn dữ liệu gửi tới TCTD nước ngoài,QTHT,,,B,3,Đơn giản,,,,,
UC-0066,66,KKN,QUẢN LÝ KÊNH TRAO ĐỔI DỮ LIỆU,Nhận yêu cầu truy vấn dữ liệu từ TCTD nước ngoài,HT-TCTDNN,,,M,2,Đơn giản,,,,,
UC-0067,67,KKN,QUẢN LÝ KÊNH TRAO ĐỔI DỮ LIỆU,Tra cứu thông tin yêu cầu truy vấn dữ liệu nhận từ TCTD nước ngoài,QTHT,,,B,3,Đơn giản,,,,,
UC-0068,68,KKN,QUẢN LÝ KÊNH TRAO ĐỔI DỮ LIỆU,Nhận phản hồi lỗi từ hệ thống của TCTD nước ngoài,HT-TCTDNN,,,M,2,Đơn giản,,,,,
UC-0069,69,KKN,QUẢN LÝ KÊNH TRAO ĐỔI DỮ LIỆU,Tra cứu thông tin phản hồi lỗi từ TCTD nước ngoài,QTHT,,,B,3,Đơn giản,,,,,
UC-0070,70,KKN,QUẢN LÝ KÊNH TRAO ĐỔI DỮ LIỆU,Tổng hợp dữ liệu để trả lời cho yêu cầu truy vấn dữ liệu từ TCTD nước ngoài,Hệ thống,,,B,2,Đơn giản,1,,,,
UC-0071,71,KKN,QUẢN LÝ KÊNH TRAO ĐỔI DỮ LIỆU,Gửi dữ liệu phản hồi cho TCTD nước ngoài,HT-TCTDNN,,,M,2,Đơn giản,,,,,
UC-0072,72,KKN,QUẢN LÝ KÊNH TRAO ĐỔI DỮ LIỆU,Tra cứu thông tin dữ liệu đã gửi trả lời cho yêu cầu truy vấn dữ liệu từ TCTD nước ngoài,QTHT,,,B,3,Đơn giản,,,,,
UC-0073,73,KKN,QUẢN LÝ KÊNH TRAO ĐỔI DỮ LIỆU,Nhận và lưu trữ thông tin dữ liệu thu thập được từ TCTD nước ngoài,HT-TCTDNN,,,M,2,Đơn giản,,,,,
UC-0074,74,KKN,QUẢN LÝ KÊNH TRAO ĐỔI DỮ LIỆU,Tra cứu thông tin dữ liệu thu thập được từ TCTD nước ngoài,QTHT,,,B,3,Đơn giản,,,,,
UC-0075,75,KKN,QUẢN LÝ KÊNH TRAO ĐỔI DỮ LIỆU,Nhận gói tin dữ liệu/yêu cầu truy vấn từ TCTD,HT-TCTD,,,M,2,Đơn giản,,,,,
UC-0076,76,KKN,QUẢN LÝ KÊNH TRAO ĐỔI DỮ LIỆU,Tra cứu thông tin gói tin dữ liệu/yêu cầu truy vấn từ TCTD,QTHT,,,B,3,Đơn giản,,,,,
UC-0077,77,KKN,QUẢN LÝ KÊNH TRAO ĐỔI DỮ LIỆU,Gửi gói tin dữ liệu phản hồi cho TCTD,HT-TCTD,,,M,2,Đơn giản,,,,,
UC-0078,78,KKN,QUẢN LÝ KÊNH TRAO ĐỔI DỮ LIỆU,Tra cứu gói tin dữ liệu đã gửi cho TCTD,QTHT,,,B,3,Đơn giản,,,,,
UC-0079,79,XLDL,THU THẬP XỬ LÝ DỮ LIỆU,Gửi dữ liệu có cấu trúc xác định theo định dạng json qua Web CIC - D10 thông tin định danh khách hàng vay phát sinh,ĐVGBC,,,B,2,Đơn giản,,,,,
UC-0080,80,XLDL,THU THẬP XỬ LÝ DỮ LIỆU,Tiếp nhận và kiểm tra file dữ liệu có cấu trúc xác định theo định dạng json qua API - D10 thông tin định danh khách hàng vay phát sinh,CB-TTXLDL,,,B,2,Đơn giản,,,,,
UC-0081,81,XLDL,THU THẬP XỬ LÝ DỮ LIỆU,Tiếp nhận và kiểm tra file dữ liệu có cấu trúc xác định theo định dạng json qua API - D11 thông tin định danh khách hàng vay cuối tháng,CB-TTXLDL,,,B,2,Đơn giản,,,,,
UC-0082,82,XLDL,THU THẬP XỬ LÝ DỮ LIỆU,Tiếp nhận và kiểm tra file có cấu trúc xác định theo định dạng json qua API - D12 thông tin về người có liên quan của khách hàng vay,CB-TTXLDL,,,B,2,Đơn giản,,,,,
UC-0083,83,XLDL,THU THẬP XỬ LÝ DỮ LIỆU,Tiếp nhận và kiểm tra file dữ liệu có cấu trúc xác định theo định dạng json qua API - D20 thông tin tài chính khách hàng vay doanh nghiệp,CB-TTXLDL,,,B,2,Đơn giản,,,,,
UC-0084,84,XLDL,THU THẬP XỬ LÝ DỮ LIỆU,Tiếp nhận và kiểm tra file dữ liệu có cấu trúc xác định theo định dạng json qua API - D31 thông tin quan hệ tín dụng rút gọn,CB-TTXLDL,,,B,2,Đơn giản,,,,,
UC-0085,85,XLDL,THU THẬP XỬ LÝ DỮ LIỆU,Tiếp nhận và kiểm tra file dữ liệu có cấu trúc xác định theo định dạng json qua API - D32 thông tin quan hệ tín dụng cuối tháng,CB-TTXLDL,,,B,2,Đơn giản,,,,,
UC-0086,86,XLDL,THU THẬP XỬ LÝ DỮ LIỆU,Tiếp nhận và kiểm tra file dữ liệu có cấu trúc xác định theo định dạng json qua API - D33 thông tin thẻ tín dụng rút gọn,CB-TTXLDL,,,B,2,Đơn giản,,,,,
UC-0087,87,XLDL,THU THẬP XỬ LÝ DỮ LIỆU,Tiếp nhận và kiểm tra file dữ liệu có cấu trúc xác định theo định dạng json qua API - D34 thông tin thẻ tín dụng cuối tháng,CB-TTXLDL,,,B,2,Đơn giản,,,,,
UC-0088,88,XLDL,THU THẬP XỬ LÝ DỮ LIỆU,"Tiếp nhận và kiểm tra file dữ liệu có cấu trúc xác định theo định dạng json qua API - D35 thông tin thống kê tình hình giải ngân, trả nợ của khách hàng",CB-TTXLDL,,,B,2,Đơn giản,,,,,
UC-0089,89,XLDL,THU THẬP XỬ LÝ DỮ LIỆU,Tiếp nhận và kiểm tra file dữ liệu có cấu trúc xác định theo định dạng json qua API - D40 thông tin về biện pháp bảo đảm cấp tín dụng,CB-TTXLDL,,,B,2,Đơn giản,,,,,
UC-0090,90,XLDL,THU THẬP XỬ LÝ DỮ LIỆU,Tiếp nhận và kiểm tra file dữ liệu có cấu trúc xác định theo định dạng json qua API - D50 thông tin mua và ủy thác mua trái phiếu doanh nghiệp (không bao gồm TCTD),CB-TTXLDL,,,B,2,Đơn giản,,,,,
UC-0091,91,XLDL,THU THẬP XỬ LÝ DỮ LIỆU,Tiếp nhận và kiểm tra file dữ liệu có cấu trúc xác định theo định dạng json qua API - D60 thông tin hoạt động xử lý nợ xấu nội bảng,CB-TTXLDL,,,B,2,Đơn giản,,,,,
UC-0092,92,XLDL,THU THẬP XỬ LÝ DỮ LIỆU,Tiếp nhận và kiểm tra file dữ liệu có cấu trúc xác định theo định dạng json qua API - D70 thông tin dư nợ tại VAMC,CB-TTXLDL,,,B,2,Đơn giản,,,,,
UC-0093,93,XLDL,THU THẬP XỬ LÝ DỮ LIỆU,Tiếp nhận và kiểm tra file dữ liệu có cấu trúc xác định theo định dạng json qua API - Q11 Tệp thông tin định danh khách hàng vay,CB-TTXLDL,,,B,2,Đơn giản,,,,,
UC-0094,94,XLDL,THU THẬP XỬ LÝ DỮ LIỆU,Tiếp nhận và kiểm tra file dữ liệu có cấu trúc xác định theo định dạng json qua API - Q12 Thông tin về người có liên quan của khách hàng vay,CB-TTXLDL,,,B,2,Đơn giản,,,,,
UC-0095,95,XLDL,THU THẬP XỬ LÝ DỮ LIỆU,"Tiếp nhận và kiểm tra file dữ liệu có cấu trúc xác định theo định dạng json qua API - Q32 Thông tin về quan hệ tín dụng (không bao gồm thông tin về thẻ tín dụng, mua và ủy thác mua trái phiếu doanh nghiệp)",CB-TTXLDL,,,B,2,Đơn giản,,,,,
UC-0096,96,XLDL,THU THẬP XỬ LÝ DỮ LIỆU,Tiếp nhận và kiểm tra file dữ liệu có cấu trúc xác định theo định dạng json qua API - Q40 Thông tin về biện pháp bảo đảm cấp tín dụng,CB-TTXLDL,,,B,2,Đơn giản,,,,,
UC-0097,97,XLDL,THU THẬP XỬ LÝ DỮ LIỆU,Tiếp nhận và kiểm tra file dữ liệu có cấu trúc xác định theo định dạng json qua API - DKQ Tệp kết quả tự phân loại nợ,CB-TTXLDL,,,B,2,Đơn giản,,,,,
UC-0098,98,XLDL,THU THẬP XỬ LÝ DỮ LIỆU,Tiếp nhận và kiểm tra file dữ liệu có cấu trúc xác định theo định dạng json qua API - D36 Thông tin trích lập dự phòng rủi ro cuối quý,CB-TTXLDL,,,B,2,Đơn giản,,,,,
UC-0099,99,XLDL,THU THẬP XỬ LÝ DỮ LIỆU,Tiếp nhận và kiểm tra file dữ liệu có cấu trúc xác định theo định dạng json qua kênh H2H - D10 thông tin định danh khách hàng vay phát sinh,CB-TTXLDL,,,B,2,Đơn giản,,,,,
UC-0100,100,XLDL,THU THẬP XỬ LÝ DỮ LIỆU,Tiếp nhận và kiểm tra file dữ liệu có cấu trúc xác định theo định dạng json qua kênh H2H - D11 thông tin định danh khách hàng vay cuối tháng,CB-TTXLDL,,,B,2,Đơn giản,,,,,
UC-0101,101,XLDL,THU THẬP XỬ LÝ DỮ LIỆU,Tiếp nhận và kiểm tra file dữ liệu có cấu trúc xác định theo định dạng json qua kênh H2H - D12 thông tin về người có liên quan của khách hàng vay,CB-TTXLDL,,,B,2,Đơn giản,,,,,
UC-0102,102,XLDL,THU THẬP XỬ LÝ DỮ LIỆU,Tiếp nhận và kiểm tra file dữ liệu có cấu trúc xác định theo định dạng json qua kênh H2H - D20 thông tin tài chính khách hàng vay doanh nghiệp,CB-TTXLDL,,,B,2,Đơn giản,,,,,
UC-0103,103,XLDL,THU THẬP XỬ LÝ DỮ LIỆU,Tiếp nhận và kiểm tra file dữ liệu có cấu trúc xác định theo định dạng json qua kênh H2H - D31 thông tin quan hệ tín dụng rút gọn,CB-TTXLDL,,,B,2,Đơn giản,,,,,
UC-0104,104,XLDL,THU THẬP XỬ LÝ DỮ LIỆU,Tiếp nhận và kiểm tra file dữ liệu có cấu trúc xác định theo định dạng json qua kênh H2H - D32 thông tin quan hệ tín dụng cuối tháng,CB-TTXLDL,,,B,2,Đơn giản,,,,,
UC-0105,105,XLDL,THU THẬP XỬ LÝ DỮ LIỆU,Tiếp nhận và kiểm tra file dữ liệu có cấu trúc xác định theo định dạng json qua kênh H2H - D33 thông tin thẻ tín dụng rút gọn,CB-TTXLDL,,,B,2,Đơn giản,,,,,
UC-0106,106,XLDL,THU THẬP XỬ LÝ DỮ LIỆU,Tiếp nhận và kiểm tra file dữ liệu có cấu trúc xác định theo định dạng json qua kênh H2H - D34 thông tin thẻ tín dụng cuối tháng,CB-TTXLDL,,,B,2,Đơn giản,,,,,
UC-0107,107,XLDL,THU THẬP XỬ LÝ DỮ LIỆU,"Tiếp nhận và kiểm tra file dữ liệu có cấu trúc xác định theo định dạng json qua kênh H2H - D35 thông tin thống kê tình hình giải ngân, trả nợ của khách hàng",CB-TTXLDL,,,B,2,Đơn giản,,,,,
UC-0108,108,XLDL,THU THẬP XỬ LÝ DỮ LIỆU,Tiếp nhận và kiểm tra file dữ liệu có cấu trúc xác định theo định dạng json qua kênh H2H - D40 thông tin về biện pháp bảo đảm cấp tín dụng,CB-TTXLDL,,,B,2,Đơn giản,,,,,
UC-0109,109,XLDL,THU THẬP XỬ LÝ DỮ LIỆU,Tiếp nhận và kiểm tra file dữ liệu có cấu trúc xác định theo định dạng json qua kênh H2H - D50 thông tin mua và ủy thác mua trái phiếu doanh nghiệp (không bao gồm TCTD),CB-TTXLDL,,,B,2,Đơn giản,,,,,
UC-0110,110,XLDL,THU THẬP XỬ LÝ DỮ LIỆU,Tiếp nhận và kiểm tra file dữ liệu có cấu trúc xác định theo định dạng json qua kênh H2H - D60 thông tin hoạt động xử lý nợ xấu nội bảng,CB-TTXLDL,,,B,2,Đơn giản,,,,,
UC-0111,111,XLDL,THU THẬP XỬ LÝ DỮ LIỆU,Tiếp nhận và kiểm tra file dữ liệu có cấu trúc xác định theo định dạng json qua kênh H2H - D70 thông tin dư nợ tại VAMC,CB-TTXLDL,,,B,2,Đơn giản,,,,,
UC-0112,112,XLDL,THU THẬP XỬ LÝ DỮ LIỆU,Tiếp nhận và kiểm tra file dữ liệu có cấu trúc xác định theo định dạng json qua kênh H2H - Q11 Tệp thông tin định danh khách hàng vay,CB-TTXLDL,,,B,2,Đơn giản,,,,,
UC-0113,113,XLDL,THU THẬP XỬ LÝ DỮ LIỆU,Tiếp nhận và kiểm tra file dữ liệu có cấu trúc xác định theo định dạng json qua kênh H2H - Q12 Thông tin về người có liên quan của khách hàng vay,CB-TTXLDL,,,B,2,Đơn giản,,,,,
UC-0114,114,XLDL,THU THẬP XỬ LÝ DỮ LIỆU,"Tiếp nhận và kiểm tra file dữ liệu có cấu trúc xác định theo định dạng json qua kênh H2H - Q32 Thông tin về quan hệ tín dụng (không bao gồm thông tin về thẻ tín dụng, mua và ủy thác mua trái phiếu doanh nghiệp)",CB-TTXLDL,,,B,2,Đơn giản,,,,,
UC-0115,115,XLDL,THU THẬP XỬ LÝ DỮ LIỆU,Tiếp nhận và kiểm tra file dữ liệu có cấu trúc xác định theo định dạng json qua kênh H2H - Q40 Thông tin về biện pháp bảo đảm cấp tín dụng,CB-TTXLDL,,,B,2,Đơn giản,,,,,
UC-0116,116,XLDL,THU THẬP XỬ LÝ DỮ LIỆU,Tiếp nhận và kiểm tra file dữ liệu có cấu trúc xác định theo định dạng json qua kênh H2H - DKQ Tệp thông tin kết quả tự phân loại nợ,CB-TTXLDL,,,B,2,Đơn giản,,,,,
UC-0117,117,XLDL,THU THẬP XỬ LÝ DỮ LIỆU,Tiếp nhận và kiểm tra file dữ liệu có cấu trúc xác định theo định dạng json qua kênh H2H - D36 Thông tin trích lập dự phòng rủi ro cuối quý,CB-TTXLDL,,,B,2,Đơn giản,,,,,
UC-0118,118,XLDL,THU THẬP XỬ LÝ DỮ LIỆU,Kiểm tra tên tệp có cấu trúc xác định theo định dạng json - D10 thông tin định danh khách hàng vay phát sinh,Hệ thống,,,B,2,Đơn giản,1,,,,
UC-0119,119,XLDL,THU THẬP XỬ LÝ DỮ LIỆU,Kiểm tra tên tệp có cấu trúc xác định theo định dạng json - D11 thông tin định danh khách hàng vay cuối tháng,Hệ thống,,,B,2,Đơn giản,1,,,,
UC-0120,120,XLDL,THU THẬP XỬ LÝ DỮ LIỆU,Kiểm tra tên tệp có cấu trúc xác định theo định dạng json - D12 thông tin về người có liên quan của khách hàng vay,Hệ thống,,,B,2,Đơn giản,1,,,,
UC-0121,121,XLDL,THU THẬP XỬ LÝ DỮ LIỆU,Kiểm tra tên tệp có cấu trúc xác định theo định dạng json - D20 thông tin tài chính khách hàng vay doanh nghiệp,Hệ thống,,,B,2,Đơn giản,1,,,,
UC-0122,122,XLDL,THU THẬP XỬ LÝ DỮ LIỆU,Kiểm tra tên tệp có cấu trúc xác định theo định dạng json - D31 thông tin quan hệ tín dụng rút gọn,Hệ thống,,,B,2,Đơn giản,1,,,,
UC-0123,123,XLDL,THU THẬP XỬ LÝ DỮ LIỆU,Kiểm tra tên tệp có cấu trúc xác định theo định dạng json - D32 thông tin quan hệ tín dụng cuối tháng,Hệ thống,,,B,2,Đơn giản,1,,,,
UC-0124,124,XLDL,THU THẬP XỬ LÝ DỮ LIỆU,Kiểm tra tên tệp có cấu trúc xác định theo định dạng json - D33 thông tin thẻ tín dụng rút gọn,Hệ thống,,,B,2,Đơn giản,1,,,,
UC-0125,125,XLDL,THU THẬP XỬ LÝ DỮ LIỆU,Kiểm tra tên tệp có cấu trúc xác định theo định dạng json - D34 thông tin thẻ tín dụng cuối tháng,Hệ thống,,,B,2,Đơn giản,1,,,,
UC-0126,126,XLDL,THU THẬP XỬ LÝ DỮ LIỆU,"Kiểm tra tên tệp có cấu trúc xác định theo định dạng json - D35 thông tin thống kê tình hình giải ngân, trả nợ của khách hàng",Hệ thống,,,B,2,Đơn giản,1,,,,
UC-0127,127,XLDL,THU THẬP XỬ LÝ DỮ LIỆU,Kiểm tra tên tệp có cấu trúc xác định theo định dạng json - D40 thông tin về biện pháp bảo đảm cấp tín dụng,Hệ thống,,,B,2,Đơn giản,1,,,,
UC-0128,128,XLDL,THU THẬP XỬ LÝ DỮ LIỆU,Kiểm tra tên tệp có cấu trúc xác định theo định dạng json - D50 thông tin mua và ủy thác mua trái phiếu doanh nghiệp (không bao gồm TCTD),Hệ thống,,,B,2,Đơn giản,1,,,,
UC-0129,129,XLDL,THU THẬP XỬ LÝ DỮ LIỆU,Kiểm tra tên tệp có cấu trúc xác định theo định dạng json - D60 thông tin hoạt động xử lý nợ xấu nội bảng,Hệ thống,,,B,2,Đơn giản,1,,,,
UC-0130,130,XLDL,THU THẬP XỬ LÝ DỮ LIỆU,Kiểm tra tên tệp có cấu trúc xác định theo định dạng json - D70 thông tin dư nợ tại VAMC,Hệ thống,,,B,2,Đơn giản,1,,,,
UC-0131,131,XLDL,THU THẬP XỬ LÝ DỮ LIỆU,Kiểm tra tên tệp có cấu trúc xác định theo định dạng Excel - Q11 Tệp thông tin định danh khách hàng vay,Hệ thống,,,B,2,Đơn giản,1,,,,
UC-0132,132,XLDL,THU THẬP XỬ LÝ DỮ LIỆU,Kiểm tra tên tệp có cấu trúc xác định theo định dạng Excel - Q12 Thông tin về người có liên quan của khách hàng vay,Hệ thống,,,B,2,Đơn giản,1,,,,
UC-0133,133,XLDL,THU THẬP XỬ LÝ DỮ LIỆU,"Kiểm tra tên tệp có cấu trúc xác định theo định dạng Excel - Q32 Thông tin về quan hệ tín dụng (không bao gồm thông tin về thẻ tín dụng, mua và ủy thác mua trái phiếu doanh nghiệp)",Hệ thống,,,B,2,Đơn giản,1,,,,
UC-0134,134,XLDL,THU THẬP XỬ LÝ DỮ LIỆU,Kiểm tra tên tệp có cấu trúc xác định theo định dạng Excel - Q40 Thông tin về biện pháp bảo đảm cấp tín dụng,Hệ thống,,,B,2,Đơn giản,1,,,,
UC-0135,135,XLDL,THU THẬP XỬ LÝ DỮ LIỆU,Kiểm tra tên tệp có cấu trúc xác định theo định dạng Json - DKQ Tệp thông tin kết quả tự phân loại nợ,Hệ thống,,,B,2,Đơn giản,1,,,,
UC-0136,136,XLDL,THU THẬP XỬ LÝ DỮ LIỆU,Kiểm tra tên tệp có cấu trúc xác định theo định dạng Json - D36 Thông tin trích lập dự phòng rủi ro cuối quý,Hệ thống,,,B,2,Đơn giản,1,,,,
UC-0137,137,XLDL,THU THẬP XỬ LÝ DỮ LIỆU,Kiểm soát trình tự xử lý theo ngày báo cáo của tệp có cấu trúc xác định theo định dạng json - D10 thông tin định danh khách hàng vay phát sinh,Hệ thống,,,B,2,Đơn giản,1,,,,
UC-0138,138,XLDL,THU THẬP XỬ LÝ DỮ LIỆU,Kiểm soát trình tự xử lý theo ngày báo cáo của tệp có cấu trúc xác định theo định dạng json - D11 thông tin định danh khách hàng vay cuối tháng,Hệ thống,,,B,2,Đơn giản,1,,,,
UC-0139,139,XLDL,THU THẬP XỬ LÝ DỮ LIỆU,Kiểm soát trình tự xử lý theo ngày báo cáo của tệp có cấu trúc xác định theo định dạng json - D12 thông tin về người có liên quan của khách hàng vay,Hệ thống,,,B,2,Đơn giản,1,,,,
UC-0140,140,XLDL,THU THẬP XỬ LÝ DỮ LIỆU,Kiểm soát trình tự xử lý theo ngày báo cáo của tệp có cấu trúc xác định theo định dạng json - D20 thông tin tài chính khách hàng vay doanh nghiệp,Hệ thống,,,B,2,Đơn giản,1,,,,
UC-0141,141,XLDL,THU THẬP XỬ LÝ DỮ LIỆU,Kiểm soát trình tự xử lý theo ngày báo cáo của tệp có cấu trúc xác định theo định dạng json - D31 thông tin quan hệ tín dụng rút gọn,Hệ thống,,,B,2,Đơn giản,1,,,,
UC-0142,142,XLDL,THU THẬP XỬ LÝ DỮ LIỆU,Kiểm soát trình tự xử lý theo ngày báo cáo của tệp có cấu trúc xác định theo định dạng json - D32 thông tin quan hệ tín dụng cuối tháng,Hệ thống,,,B,2,Đơn giản,1,,,,
UC-0143,143,XLDL,THU THẬP XỬ LÝ DỮ LIỆU,Kiểm soát trình tự xử lý theo ngày báo cáo của tệp có cấu trúc xác định theo định dạng json - D33 thông tin thẻ tín dụng rút gọn,Hệ thống,,,B,2,Đơn giản,1,,,,
UC-0144,144,XLDL,THU THẬP XỬ LÝ DỮ LIỆU,Kiểm soát trình tự xử lý theo ngày báo cáo của tệp có cấu trúc xác định theo định dạng json - D34 thông tin thẻ tín dụng cuối tháng,Hệ thống,,,B,2,Đơn giản,1,,,,
UC-0145,145,XLDL,THU THẬP XỬ LÝ DỮ LIỆU,"Kiểm soát trình tự xử lý theo ngày báo cáo của tệp có cấu trúc xác định theo định dạng json - D35 thông tin thống kê tình hình giải ngân, trả nợ của khách hàng",Hệ thống,,,B,2,Đơn giản,1,,,,
UC-0146,146,XLDL,THU THẬP XỬ LÝ DỮ LIỆU,Kiểm soát trình tự xử lý theo ngày báo cáo của tệp có cấu trúc xác định theo định dạng json - D40 thông tin về biện pháp bảo đảm cấp tín dụng,Hệ thống,,,B,2,Đơn giản,1,,,,
UC-0147,147,XLDL,THU THẬP XỬ LÝ DỮ LIỆU,Kiểm soát trình tự xử lý theo ngày báo cáo của tệp có cấu trúc xác định theo định dạng json - D50 thông tin mua và ủy thác mua trái phiếu doanh nghiệp (không bao gồm TCTD),Hệ thống,,,B,2,Đơn giản,1,,,,
UC-0148,148,XLDL,THU THẬP XỬ LÝ DỮ LIỆU,Kiểm soát trình tự xử lý theo ngày báo cáo của tệp có cấu trúc xác định theo định dạng json - D60 thông tin hoạt động xử lý nợ xấu nội bảng,Hệ thống,,,B,2,Đơn giản,1,,,,
UC-0149,149,XLDL,THU THẬP XỬ LÝ DỮ LIỆU,Kiểm soát trình tự xử lý theo ngày báo cáo của tệp có cấu trúc xác định theo định dạng json - D70 thông tin dư nợ tại VAMC,Hệ thống,,,B,2,Đơn giản,1,,,,
UC-0150,150,XLDL,THU THẬP XỬ LÝ DỮ LIỆU,Kiểm soát trình tự xử lý theo ngày báo cáo của tệp có cấu trúc xác định theo định dạng Excel - Q11 Tệp thông tin định danh khách hàng vay,Hệ thống,,,B,2,Đơn giản,1,,,,
UC-0151,151,XLDL,THU THẬP XỬ LÝ DỮ LIỆU,Kiểm soát trình tự xử lý theo ngày báo cáo của tệp có cấu trúc xác định theo định dạng Excel - Q12 Thông tin về người có liên quan của khách hàng vay,Hệ thống,,,B,2,Đơn giản,1,,,,
UC-0152,152,XLDL,THU THẬP XỬ LÝ DỮ LIỆU,"Kiểm soát trình tự xử lý theo ngày báo cáo của tệp có cấu trúc xác định theo định dạng Excel - Q32 Thông tin về quan hệ tín dụng (không bao gồm thông tin về thẻ tín dụng, mua và ủy thác mua trái phiếu doanh nghiệp)",Hệ thống,,,B,2,Đơn giản,1,,,,
UC-0153,153,XLDL,THU THẬP XỬ LÝ DỮ LIỆU,Kiểm soát trình tự xử lý theo ngày báo cáo của tệp có cấu trúc xác định theo định dạng Excel - Q40 Thông tin về biện pháp bảo đảm cấp tín dụng,Hệ thống,,,B,2,Đơn giản,1,,,,
UC-0154,154,XLDL,THU THẬP XỬ LÝ DỮ LIỆU,Kiểm soát trình tự xử lý theo ngày báo cáo của tệp có cấu trúc xác định theo định dạng DKQ Tệp thông tin kết quả phân loại nợ,Hệ thống,,,B,2,Đơn giản,1,,,,
UC-0155,155,XLDL,THU THẬP XỬ LÝ DỮ LIỆU,Kiểm soát trình tự xử lý theo ngày báo cáo của tệp có cấu trúc xác định theo định dạng D36 - Thông tin trích lập dự phòng rủi ro cuối quý,Hệ thống,,,B,2,Đơn giản,1,,,,
UC-0156,156,XLDL,THU THẬP XỬ LÝ DỮ LIỆU,Xác nhận tiếp nhận tệp báo cáo cho tệp có cấu trúc xác định,CB-TTXLDL,,,B,2,Đơn giản,,,,,
UC-0157,157,XLDL,THU THẬP XỬ LÝ DỮ LIỆU,Từ chối tiếp nhận tệp báo cáo cho tệp có cấu trúc xác định,CB-TTXLDL,,,B,2,Đơn giản,,,,,
UC-0158,158,XLDL,THU THẬP XỬ LÝ DỮ LIỆU,"Giải nén file zip, Tiếp nhận tệp báo cáo có cấu trúc xác định",Hệ thống,,,B,2,Đơn giản,1,,,,
UC-0159,159,XLDL,THU THẬP XỬ LÝ DỮ LIỆU,Gửi thông báo Từ chối tiếp nhận cho đơn vị qua Web CIC,Hệ thống,,,B,2,Đơn giản,1,,,,
UC-0160,160,XLDL,THU THẬP XỬ LÝ DỮ LIỆU,Gửi thông báo Từ chối tiếp nhận cho đơn vị qua API,Hệ thống,,,B,2,Đơn giản,1,,,,
UC-0161,161,XLDL,THU THẬP XỬ LÝ DỮ LIỆU,Gửi thông báo Từ chối tiếp nhận cho đơn vị qua kênh H2H,Hệ thống,,,B,2,Đơn giản,1,,,,
UC-0162,162,XLDL,THU THẬP XỬ LÝ DỮ LIỆU,Gửi thông báo Đã tiếp nhận cho đơn vị qua Web CIC,Hệ thống,,,B,2,Đơn giản,1,,,,
UC-0163,163,XLDL,THU THẬP XỬ LÝ DỮ LIỆU,Gửi thông báo Đã tiếp nhận cho đơn vị qua API,Hệ thống,,,B,2,Đơn giản,1,,,,
UC-0164,164,XLDL,THU THẬP XỬ LÝ DỮ LIỆU,Gửi thông báo Đã tiếp nhận cho đơn vị qua kênh H2H,Hệ thống,,,B,2,Đơn giản,1,,,,
UC-0165,165,XLDL,THU THẬP XỬ LÝ DỮ LIỆU,Tra cứu thông báo đã gửi cho đơn vị gửi báo cáo,ĐVGBC/CB-TTXLDL/QTHT (Gọi chung là người dùng),,,B,3,Đơn giản,,,,,
UC-0166,166,XLDL,THU THẬP XỬ LÝ DỮ LIỆU,Tra cứu tình trạng tiếp nhận tệp báo cáo mà đơn vị đã gửi,ĐVGBC/CB-TTXLDL/QTHT (Gọi chung là người dùng),,,B,3,Đơn giản,,,,,
UC-0167,167,XLDL,THU THẬP XỬ LÝ DỮ LIỆU,Thiết lập thời hạn/mốc thời gian gửi tệp dữ liệu,"CB-TTXLDL, QTHT, ĐVGBC (gọi chung là người dùng)",,,B,3,Đơn giản,,,,,
UC-0168,168,XLDL,THU THẬP XỬ LÝ DỮ LIỆU,Tra cứu thông tin thời hạn/mốc thời gian gửi tệp dữ liệu,ĐVGBC,,,B,3,Đơn giản,,,,,
UC-0169,169,XLDL,THU THẬP XỬ LÝ DỮ LIỆU,Tạo tệp báo cáo điều chỉnh thông tin - File E Điều chỉnh theo chỉ tiêu dữ liệu khách hàng,ĐVGBC,,,B,3,Đơn giản,,,,,
UC-0170,170,XLDL,THU THẬP XỬ LÝ DỮ LIỆU,Tra cứu tệp điều chỉnh,ĐVGBC,,,B,3,Đơn giản,,,,,
UC-0171,171,XLDL,THU THẬP XỬ LÝ DỮ LIỆU,Gửi tệp điều chỉnh có cấu trúc xác định qua Web CIC,ĐVGBC,,,B,2,Đơn giản,,,,,
UC-0172,172,XLDL,THU THẬP XỬ LÝ DỮ LIỆU,Tiếp nhận tệp điều chỉnh có cấu trúc xác định qua API,Hệ thống,,,B,2,Đơn giản,1,,,,
UC-0173,173,XLDL,THU THẬP XỬ LÝ DỮ LIỆU,Tiếp nhận tệp điều chỉnh có cấu trúc xác định qua kênh H2H,Hệ thống,,,B,2,Đơn giản,1,,,,
UC-0174,174,XLDL,THU THẬP XỬ LÝ DỮ LIỆU,Kiểm tra tên tệp điều chỉnh có cấu trúc xác định - C10 thông tin định danh khách hàng vay phát sinh,Hệ thống,,,B,2,Đơn giản,1,,,,
UC-0175,175,XLDL,THU THẬP XỬ LÝ DỮ LIỆU,Kiểm tra tên tệp điều chỉnh có cấu trúc xác định - C11 thông tin định danh khách hàng vay cuối tháng,Hệ thống,,,B,2,Đơn giản,1,,,,
UC-0176,176,XLDL,THU THẬP XỬ LÝ DỮ LIỆU,Kiểm tra tên tệp điều chỉnh có cấu trúc xác định - C12 thông tin về người có liên quan của khách hàng vay,Hệ thống,,,B,2,Đơn giản,1,,,,
UC-0177,177,XLDL,THU THẬP XỬ LÝ DỮ LIỆU,Kiểm tra tên tệp điều chỉnh có cấu trúc xác định - C20 thông tin tài chính khách hàng vay doanh nghiệp,Hệ thống,,,B,2,Đơn giản,1,,,,
UC-0178,178,XLDL,THU THẬP XỬ LÝ DỮ LIỆU,Kiểm tra tên tệp điều chỉnh có cấu trúc xác định - C31 thông tin quan hệ tín dụng rút gọn,Hệ thống,,,B,2,Đơn giản,1,,,,
UC-0179,179,XLDL,THU THẬP XỬ LÝ DỮ LIỆU,Kiểm tra tên tệp điều chỉnh có cấu trúc xác định - C32 thông tin quan hệ tín dụng cuối tháng,Hệ thống,,,B,2,Đơn giản,1,,,,
UC-0180,180,XLDL,THU THẬP XỬ LÝ DỮ LIỆU,Kiểm tra tên tệp điều chỉnh có cấu trúc xác định - C33 thông tin thẻ tín dụng rút gọn,Hệ thống,,,B,2,Đơn giản,1,,,,
UC-0181,181,XLDL,THU THẬP XỬ LÝ DỮ LIỆU,Kiểm tra tên tệp điều chỉnh có cấu trúc xác định - C34 thông tin thẻ tín dụng cuối tháng,Hệ thống,,,B,2,Đơn giản,1,,,,
UC-0182,182,XLDL,THU THẬP XỬ LÝ DỮ LIỆU,"Kiểm tra tên tệp điều chỉnh có cấu trúc xác định - C35 thông tin thống kê tình hình giải ngân, trả nợ của khách hàng",Hệ thống,,,B,2,Đơn giản,1,,,,
UC-0183,183,XLDL,THU THẬP XỬ LÝ DỮ LIỆU,Kiểm tra tên tệp điều chỉnh có cấu trúc xác định - C40 thông tin về biện pháp bảo đảm cấp tín dụng,Hệ thống,,,B,2,Đơn giản,1,,,,
UC-0184,184,XLDL,THU THẬP XỬ LÝ DỮ LIỆU,Kiểm tra tên tệp điều chỉnh có cấu trúc xác định - C50 thông tin mua và ủy thác mua trái phiếu doanh nghiệp (không bao gồm TCTD),Hệ thống,,,B,2,Đơn giản,1,,,,
UC-0185,185,XLDL,THU THẬP XỬ LÝ DỮ LIỆU,Kiểm tra tên tệp điều chỉnh có cấu trúc xác định - C60 thông tin hoạt động xử lý nợ xấu nội bảng,Hệ thống,,,B,2,Đơn giản,1,,,,
UC-0186,186,XLDL,THU THẬP XỬ LÝ DỮ LIỆU,Kiểm tra tên tệp điều chỉnh có cấu trúc xác định - C70 thông tin dư nợ tại VAMC,Hệ thống,,,B,2,Đơn giản,1,,,,
UC-0187,187,XLDL,THU THẬP XỬ LÝ DỮ LIỆU,Kiểm tra tên tệp điều chỉnh có cấu trúc xác định - E Điều chỉnh dữ liệu khách hàng,Hệ thống,,,B,2,Đơn giản,1,,,,
UC-0188,188,XLDL,THU THẬP XỬ LÝ DỮ LIỆU,Kiểm tra loại tệp điều chỉnh có cấu trúc xác định,Hệ thống,,,B,2,Đơn giản,1,,,,
UC-0189,189,XLDL,THU THẬP XỬ LÝ DỮ LIỆU,Kiểm tra tình trạng tiếp nhận của tệp báo cáo - D10 thông tin định danh khách hàng vay phát sinh,Hệ thống,,,B,4,Trung bình,1,,,,
UC-0190,190,XLDL,THU THẬP XỬ LÝ DỮ LIỆU,Kiểm tra tình trạng tiếp nhận của tệp báo cáo - D11 thông tin định danh khách hàng vay cuối tháng,Hệ thống,,,B,4,Trung bình,1,,,,
UC-0191,191,XLDL,THU THẬP XỬ LÝ DỮ LIỆU,Kiểm tra tình trạng tiếp nhận của tệp báo cáo - D12 thông tin về người có liên quan của khách hàng vay,Hệ thống,,,B,4,Trung bình,1,,,,
UC-0192,192,XLDL,THU THẬP XỬ LÝ DỮ LIỆU,Kiểm tra tình trạng tiếp nhận của tệp báo cáo - D20 thông tin tài chính khách hàng vay doanh nghiệp,Hệ thống,,,B,4,Trung bình,1,,,,
UC-0193,193,XLDL,THU THẬP XỬ LÝ DỮ LIỆU,Kiểm tra tình trạng tiếp nhận của tệp báo cáo - D31 thông tin quan hệ tín dụng rút gọn,Hệ thống,,,B,4,Trung bình,1,,,,
UC-0194,194,XLDL,THU THẬP XỬ LÝ DỮ LIỆU,Kiểm tra tình trạng tiếp nhận của tệp báo cáo - D32 thông tin quan hệ tín dụng cuối tháng,Hệ thống,,,B,4,Trung bình,1,,,,
UC-0195,195,XLDL,THU THẬP XỬ LÝ DỮ LIỆU,Kiểm tra tình trạng tiếp nhận của tệp báo cáo - D33 thông tin thẻ tín dụng rút gọn,Hệ thống,,,B,4,Trung bình,1,,,,
UC-0196,196,XLDL,THU THẬP XỬ LÝ DỮ LIỆU,Kiểm tra tình trạng tiếp nhận của tệp báo cáo - D34 thông tin thẻ tín dụng cuối tháng,Hệ thống,,,B,4,Trung bình,1,,,,
UC-0197,197,XLDL,THU THẬP XỬ LÝ DỮ LIỆU,"Kiểm tra tình trạng tiếp nhận của tệp báo cáo - D35 thông tin thống kê tình hình giải ngân, trả nợ của khách hàng",Hệ thống,,,B,4,Trung bình,1,,,,
UC-0198,198,XLDL,THU THẬP XỬ LÝ DỮ LIỆU,Kiểm tra tình trạng tiếp nhận của tệp báo cáo - D40 thông tin về biện pháp bảo đảm cấp tín dụng,Hệ thống,,,B,4,Trung bình,1,,,,
UC-0199,199,XLDL,THU THẬP XỬ LÝ DỮ LIỆU,Kiểm tra tình trạng tiếp nhận của tệp báo cáo - D50 thông tin mua và ủy thác mua trái phiếu doanh nghiệp (không bao gồm TCTD),Hệ thống,,,B,4,Trung bình,1,,,,
UC-0200,200,XLDL,THU THẬP XỬ LÝ DỮ LIỆU,Kiểm tra tình trạng tiếp nhận của tệp báo cáo - D60 thông tin hoạt động xử lý nợ xấu nội bảng,Hệ thống,,,B,4,Trung bình,1,,,,
UC-0201,201,XLDL,THU THẬP XỬ LÝ DỮ LIỆU,Kiểm tra tình trạng tiếp nhận của tệp báo cáo - D70 thông tin dư nợ tại VAMC,Hệ thống,,,B,4,Trung bình,1,,,,
UC-0202,202,XLDL,THU THẬP XỬ LÝ DỮ LIỆU,"Giải nén file zip, Tiếp nhận tệp báo cáo điều chỉnh có cấu trúc xác định",Hệ thống,,,B,2,Đơn giản,1,,,,
UC-0203,203,XLDL,THU THẬP XỬ LÝ DỮ LIỆU,Gửi thông báo Từ chối tiếp nhận file điều chỉnh cho đơn vị qua Web CIC,Hệ thống,,,B,2,Đơn giản,1,,,,
UC-0204,204,XLDL,THU THẬP XỬ LÝ DỮ LIỆU,Gửi thông báo Từ chối tiếp nhận file điều chỉnh cho đơn vị qua API,Hệ thống,,,B,2,Đơn giản,1,,,,
UC-0205,205,XLDL,THU THẬP XỬ LÝ DỮ LIỆU,Gửi thông báo Từ chối tiếp nhận file điều chỉnh cho đơn vị qua kênh H2H,Hệ thống,,,B,2,Đơn giản,1,,,,
UC-0206,206,XLDL,THU THẬP XỬ LÝ DỮ LIỆU,Gửi thông báo Đã tiếp nhận file điều chỉnh cho đơn vị qua Web CIC,Hệ thống,,,B,2,Đơn giản,1,,,,
UC-0207,207,XLDL,THU THẬP XỬ LÝ DỮ LIỆU,Gửi thông báo Đã tiếp nhận file điều chỉnh cho đơn vị qua API,Hệ thống,,,B,2,Đơn giản,1,,,,
UC-0208,208,XLDL,THU THẬP XỬ LÝ DỮ LIỆU,Gửi thông báo Đã tiếp nhận file điều chỉnh cho đơn vị qua kênh H2H,Hệ thống,,,B,2,Đơn giản,1,,,,
UC-0209,209,XLDL,THU THẬP XỬ LÝ DỮ LIỆU,Tra cứu thông báo từ chối/tiếp nhận file điều chỉnh đã gửi cho đơn vị gửi báo cáo.,"CB-TTXLDL, LĐ-TTXLDL, LĐP-TTXLDL (gọi chung là Người dùng)",,,B,3,Đơn giản,,,,,
UC-0210,210,XLDL,THU THẬP XỬ LÝ DỮ LIỆU,Tra cứu tình trạng tiếp nhận tệp file điều chỉnh báo cáo mà đơn vị đã gửi,"CB-TTXLDL, LĐ-TTXLDL, LĐP-TTXLDL (gọi chung là Người dùng)",,,B,1,Đơn giản,,,,,
UC-0211,211,XLDL,THU THẬP XỬ LÝ DỮ LIỆU,Gửi tệp dữ liệu có cấu trúc chưa xác định qua Web CIC,ĐVGBC,,,B,2,Đơn giản,,,,,
UC-0212,212,XLDL,THU THẬP XỬ LÝ DỮ LIỆU,Tiếp nhận tệp dữ liệu có cấu trúc chưa xác định qua API,CB-TTXLDL,,,B,2,Đơn giản,,,,,
UC-0213,213,XLDL,THU THẬP XỬ LÝ DỮ LIỆU,Tiếp nhận tệp dữ liệu có cấu trúc chưa xác định qua kênh H2H,CB-TTXLDL,,,B,2,Đơn giản,,,,,
UC-0214,214,XLDL,THU THẬP XỬ LÝ DỮ LIỆU,Kiểm tra tên tệp dữ liệu có cấu trúc chưa xác định,Hệ thống,,,B,2,Đơn giản,1,,,,
UC-0215,215,XLDL,THU THẬP XỬ LÝ DỮ LIỆU,Hệ thống tự động Phân loại nghiệp vụ theo tên tệp báo cáo có cấu trúc chưa xác định,Hệ thống,,,B,2,Đơn giản,1,,,,
UC-0216,216,XLDL,THU THẬP XỬ LÝ DỮ LIỆU,Quản lý phân loại nghiệp vụ cho tệp báo cáo có cấu trúc chưa xác định,CB-TTXLDL,,,B,3,Đơn giản,,,,,
UC-0217,217,XLDL,THU THẬP XỬ LÝ DỮ LIỆU,Tra cứu phân loại nghiệp vụ cho tệp báo cáo có cấu trúc chưa xác định,CB-TTXLDL,,,B,3,Đơn giản,,,,,
UC-0218,218,XLDL,THU THẬP XỬ LÝ DỮ LIỆU,Hệ thống tự động Chuyển đổi dữ liệu theo các quy tắc chuyển đổi đã được quy định tương ứng với từng loại nghiệp vụ.,Hệ thống,,,B,5,Trung bình,1,,,,
UC-0219,219,XLDL,THU THẬP XỬ LÝ DỮ LIỆU,Chuyển đổi nội dung tệp về đúng cấu trúc quy định đã được thiết lập,Hệ thống,,,B,5,Trung bình,1,,,,
UC-0220,220,XLDL,THU THẬP XỬ LÝ DỮ LIỆU,Thiết lập quy tắc chuyển đổi với loại dữ liệu chưa xác định cấu trúc -,CB-TTXLDL/QTHT (gọi chung là người dùng),,,B,3,Đơn giản,,,,,
UC-0221,221,XLDL,THU THẬP XỬ LÝ DỮ LIỆU,Tra cứu quy tắc chuyển đổi loại dữ liệu chưa xác định cấu trúc,CB-TTXLDL/QTHT (gọi chung là người dùng),,,B,3,Đơn giản,,,,,
UC-0222,222,XLDL,THU THẬP XỬ LÝ DỮ LIỆU,Tra cứu nội dung tệp báo cáo không thể thực hiện chuyển đổi tự động,CB-TTXLDL,,,B,3,Đơn giản,,,,,
UC-0223,223,XLDL,THU THẬP XỬ LÝ DỮ LIỆU,"Đánh dấu tệp báo cáo không thể thực hiện chuyển đổi tự động, cần chuyển đổi thủ công",CB-TTXLDL,,,B,3,Đơn giản,,,,,
UC-0224,224,XLDL,THU THẬP XỬ LÝ DỮ LIỆU,Từ chối tiếp nhận tệp báo cáo chưa xác định cấu trúc,CB-TTXLDL,,,B,2,Đơn giản,,,,,
UC-0225,225,XLDL,THU THẬP XỬ LÝ DỮ LIỆU,Gửi thông báo từ chối tiếp nhận tệp báo cáo chưa xác định cấu trúc cho đơn vị qua Web CIC,CB-TTXLDL,,,B,2,Đơn giản,,,,,
UC-0226,226,XLDL,THU THẬP XỬ LÝ DỮ LIỆU,Gửi thông báo từ chối tiếp nhận tệp báo cáo chưa xác định cấu trúc cho đơn vị qua API,CB-TTXLDL,,,B,2,Đơn giản,,,,,
UC-0227,227,XLDL,THU THẬP XỬ LÝ DỮ LIỆU,Gửi thông báo từ chối tiếp nhận tệp báo cáo chưa xác định cấu trúc cho đơn vị qua kênh H2H,CB-TTXLDL,,,B,2,Đơn giản,,,,,
UC-0228,228,XLDL,THU THẬP XỬ LÝ DỮ LIỆU,Tra cứu thông báo từ chối tiếp nhận tệp báo cáo chưa xác định cấu trúc tới đơn vị gửi báo cáo.,CB-TTXLDL,,,B,2,Đơn giản,,,,,
UC-0229,229,XLDL,THU THẬP XỬ LÝ DỮ LIỆU,Tra cứu tình trạng tiếp nhận tệp báo cáo chưa xác đinh cấu trúc,ĐVGBC,,,B,3,Đơn giản,,,,,
UC-0230,230,XLDL,THU THẬP XỬ LÝ DỮ LIỆU,Quản lý gửi tệp phi cấu trúc - Web CIC,ĐVGBC,,,B,4,Trung bình,,,,,
UC-0231,231,XLDL,THU THẬP XỬ LÝ DỮ LIỆU,Tra cứu tệp phi cấu trúc - Web CIC,ĐVGBC,,,B,3,Đơn giản,,,,,
UC-0232,232,XLDL,THU THẬP XỬ LÝ DỮ LIỆU,Tiếp nhận tệp báo cáo phi cấu trúc qua kênh API,CB-TTXLDL,,,B,2,Đơn giản,,,,,
UC-0233,233,XLDL,THU THẬP XỬ LÝ DỮ LIỆU,Tiếp nhận tệp báo cáo phi cấu trúc qua kênh H2H,CB-TTXLDL,,,B,2,Đơn giản,,,,,
UC-0234,234,XLDL,THU THẬP XỬ LÝ DỮ LIỆU,Kiểm tra dung lượng file báo cáo phi cấu trúc theo từng loại file,Hệ thống,,,B,2,Đơn giản,1,,,,
UC-0235,235,XLDL,THU THẬP XỬ LÝ DỮ LIỆU,Gửi thông báo từ chối tiếp nhận cho đơn vị gửi báo cáo,CB-TTXLDL,,,B,2,Đơn giản,,,,,
UC-0236,236,XLDL,THU THẬP XỬ LÝ DỮ LIỆU,Tra cứu thông báo về việc tiếp nhận tệp báo cáo phi cấu trúc do đơn vị gửi báo cáo,CB-TTXLDL,,,B,3,Đơn giản,,,,,
UC-0237,237,XLDL,THU THẬP XỬ LÝ DỮ LIỆU,Tra cứu thông báo về việc tiếp nhận tệp báo cáo phi cấu trúc từ CIC gửi,ĐVGBC,,,B,3,Đơn giản,,,,,
UC-0238,238,XLDL,THU THẬP XỬ LÝ DỮ LIỆU,Xác nhận tiếp nhận tệp báo cáo phi cấu trúc,CB-TTXLDL,,,B,2,Đơn giản,,,,,
UC-0239,239,XLDL,THU THẬP XỬ LÝ DỮ LIỆU,Tra cứu tệp báo cáo phi cấu trúc đơn vị gửi báo cáo đã gửi,CB-TTXLDL,,,B,3,Đơn giản,,,,,
UC-0240,240,XLDL,THU THẬP XỬ LÝ DỮ LIỆU,"Quản lý dữ liệu phục vụ các sản phẩm XHTD (XH50, XH51, XH52) thu thập được",CB-TTXLDL,,,B,4,Trung bình,,,,,
UC-0241,241,XLDL,THU THẬP XỬ LÝ DỮ LIỆU,Tra cứu dữ liệu phục vụ các sản phẩm XHTD thu thập được,CB-TTXLDL,,,B,3,Đơn giản,,,,,
UC-0242,242,XLDL,THU THẬP XỬ LÝ DỮ LIỆU,Quản lý dữ liệu thu thập được từ hãng thông tin quốc tế,CB-TTXLDL,,,B,4,Trung bình,,,,,
UC-0243,243,XLDL,THU THẬP XỬ LÝ DỮ LIỆU,Tra cứu dữ liệu thu thập được từ hãng thông tin quốc tế,CB-TTXLDL,,,B,3,Đơn giản,,,,,
UC-0244,244,XLDL,THU THẬP XỬ LÝ DỮ LIỆU,Quản lý dữ liệu thông tin đăng ký/cấp mới tải khoản từ các phòng ban hoặc từ M5,CB-TTXLDL,,,B,4,Trung bình,,,,,
UC-0245,245,XLDL,THU THẬP XỬ LÝ DỮ LIỆU,Tra cứu dữ liệu thông tin đăng ký/cấp mới tải khoản từ các phòng ban hoặc từ M5,CB-TTXLDL,,,B,3,Đơn giản,,,,,
UC-0246,246,XLDL,THU THẬP XỬ LÝ DỮ LIỆU,Quản lý dữ liệu thu thập thông tin định danh khách hàng vay,CB-TTXLDL,,,B,4,Trung bình,,,,,
UC-0247,247,XLDL,THU THẬP XỬ LÝ DỮ LIỆU,Tra cứu dữ liệu thông tin định danh khách hàng vay,CB-TTXLDL,,,B,3,Đơn giản,,,,,
UC-0248,248,XLDL,THU THẬP XỬ LÝ DỮ LIỆU,Quản lý dữ liệu thu thập thông tin về người có liên quan của khách hàng vay,CB-TTXLDL,,,B,4,Trung bình,,,,,
UC-0249,249,XLDL,THU THẬP XỬ LÝ DỮ LIỆU,Tra cứu dữ liệu thông tin về người có liên quan của khách hàng vay,CB-TTXLDL,,,B,3,Đơn giản,,,,,
UC-0250,250,XLDL,THU THẬP XỬ LÝ DỮ LIỆU,Quản lý dữ liệu thu thập thông tin tài chính khách hàng vay là doanh nghiệp,CB-TTXLDL,,,B,4,Trung bình,,,,,
UC-0251,251,XLDL,THU THẬP XỬ LÝ DỮ LIỆU,Tra cứu dữ liệu thông tin tài chính khách hàng vay là doanh nghiệp,CB-TTXLDL,,,B,3,Đơn giản,,,,,
UC-0252,252,XLDL,THU THẬP XỬ LÝ DỮ LIỆU,Quản lý dữ liệu thu thập thông tin quan hệ tín dụng,CB-TTXLDL,,,B,4,Trung bình,,,,,
UC-0253,253,XLDL,THU THẬP XỬ LÝ DỮ LIỆU,Tra cứu dữ liệu thông tin quan hệ tín dụng,CB-TTXLDL,,,B,3,Đơn giản,,,,,
UC-0254,254,XLDL,THU THẬP XỬ LÝ DỮ LIỆU,Quản lý dữ liệu thu thập thông tin thẻ tín dụng,CB-TTXLDL,,,B,4,Trung bình,,,,,
UC-0255,255,XLDL,THU THẬP XỬ LÝ DỮ LIỆU,Tra cứu dữ liệu thông tin thẻ tín dụng,CB-TTXLDL,,,B,3,Đơn giản,,,,,
UC-0256,256,XLDL,THU THẬP XỬ LÝ DỮ LIỆU,"Quản lý dữ liệu thu thập thông tin thống kê tình hình giải ngân, trả nợ của khách hàng",CB-TTXLDL,,,B,4,Trung bình,,,,,
UC-0257,257,XLDL,THU THẬP XỬ LÝ DỮ LIỆU,"Tra cứu dữ liệu thông tin thống kê tình hình giải ngân, trả nợ của khách hàng",CB-TTXLDL,,,B,3,Đơn giản,,,,,
UC-0258,258,XLDL,THU THẬP XỬ LÝ DỮ LIỆU,Quản lý dữ liệu thu thập thông tin về biện pháp bảo đảm cấp tín dụng,CB-TTXLDL,,,B,4,Trung bình,,,,,
UC-0259,259,XLDL,THU THẬP XỬ LÝ DỮ LIỆU,Tra cứu dữ liệu thông tin về biện pháp bảo đảm cấp tín dụng,CB-TTXLDL,,,B,3,Đơn giản,,,,,
UC-0260,260,XLDL,THU THẬP XỬ LÝ DỮ LIỆU,Quản lý dữ liệu thu thập thông tin mua và ủy thác mua trái phiếu doanh nghiệp (không bao gồm TCTD),CB-TTXLDL,,,B,4,Trung bình,,,,,
UC-0261,261,XLDL,THU THẬP XỬ LÝ DỮ LIỆU,Tra cứu dữ liệu thông tin mua và ủy thác mua trái phiếu doanh nghiệp (không bao gồm TCTD),CB-TTXLDL,,,B,3,Đơn giản,,,,,
UC-0262,262,XLDL,THU THẬP XỬ LÝ DỮ LIỆU,Quản lý dữ liệu thu thập thông tin hoạt động xử lý nợ xấu nội bảng,CB-TTXLDL,,,B,4,Trung bình,,,,,
UC-0263,263,XLDL,THU THẬP XỬ LÝ DỮ LIỆU,Tra cứu dữ liệu thông tin hoạt động xử lý nợ xấu nội bảng,CB-TTXLDL,,,B,3,Đơn giản,,,,,
UC-0264,264,XLDL,THU THẬP XỬ LÝ DỮ LIỆU,Quản lý dữ liệu thu thập thông tin dư nợ tại VAMC,CB-TTXLDL,,,B,4,Trung bình,,,,,
UC-0265,265,XLDL,THU THẬP XỬ LÝ DỮ LIỆU,Tra cứu dữ liệu thông tin dư nợ tại VAMC,CB-TTXLDL,,,B,3,Đơn giản,,,,,
UC-0266,266,XLDL,THU THẬP XỬ LÝ DỮ LIỆU,Quản lý dữ liệu thu thập Kết quả tự phân loại nợ,CB-TTXLDL,,,B,4,Trung bình,,,,,
UC-0267,267,XLDL,THU THẬP XỬ LÝ DỮ LIỆU,Tra cứu dữ liệu Kết quả tự phân loại nợ,CB-TTXLDL,,,B,3,Đơn giản,,,,,
UC-0268,268,XLDL,THU THẬP XỬ LÝ DỮ LIỆU,Phê duyệt dữ liệu đã thu thập,LĐ-TTXLDL,,,B,2,Đơn giản,,,,,
UC-0269,269,XLDL,THU THẬP XỬ LÝ DỮ LIỆU,Từ chối dữ liệu đã thu thập,LĐ-TTXLDL,,,B,2,Đơn giản,,,,,
UC-0270,270,XLDL,THU THẬP XỬ LÝ DỮ LIỆU,Kiểm tra cấu trúc tệp báo cáo - D10 thông tin định danh khách hàng vay phát sinh,Hệ thống,,,B,2,Đơn giản,1,,,,
UC-0271,271,XLDL,THU THẬP XỬ LÝ DỮ LIỆU,Kiểm tra cấu trúc tệp báo cáo - D11 thông tin định danh khách hàng vay cuối tháng,Hệ thống,,,B,2,Đơn giản,1,,,,
UC-0272,272,XLDL,THU THẬP XỬ LÝ DỮ LIỆU,Kiểm tra cấu trúc tệp báo cáo - D12 thông tin về người có liên quan của khách hàng vay,Hệ thống,,,B,2,Đơn giản,1,,,,
UC-0273,273,XLDL,THU THẬP XỬ LÝ DỮ LIỆU,Kiểm tra cấu trúc tệp báo cáo - D20 thông tin tài chính khách hàng vay doanh nghiệp,Hệ thống,,,B,2,Đơn giản,1,,,,
UC-0274,274,XLDL,THU THẬP XỬ LÝ DỮ LIỆU,Kiểm tra cấu trúc tệp báo cáo - D31 thông tin quan hệ tín dụng rút gọn,Hệ thống,,,B,2,Đơn giản,1,,,,
UC-0275,275,XLDL,THU THẬP XỬ LÝ DỮ LIỆU,Kiểm tra cấu trúc tệp báo cáo - D32 thông tin quan hệ tín dụng cuối tháng,Hệ thống,,,B,2,Đơn giản,1,,,,
UC-0276,276,XLDL,THU THẬP XỬ LÝ DỮ LIỆU,Kiểm tra cấu trúc tệp báo cáo - D33 thông tin thẻ tín dụng rút gọn,Hệ thống,,,B,2,Đơn giản,1,,,,
UC-0277,277,XLDL,THU THẬP XỬ LÝ DỮ LIỆU,Kiểm tra cấu trúc tệp báo cáo - D34 thông tin thẻ tín dụng cuối tháng,Hệ thống,,,B,2,Đơn giản,1,,,,
UC-0278,278,XLDL,THU THẬP XỬ LÝ DỮ LIỆU,"Kiểm tra cấu trúc tệp báo cáo - D35 thông tin thống kê tình hình giải ngân, trả nợ của khách hàng",Hệ thống,,,B,2,Đơn giản,1,,,,
UC-0279,279,XLDL,THU THẬP XỬ LÝ DỮ LIỆU,Kiểm tra cấu trúc tệp báo cáo - D40 thông tin về biện pháp bảo đảm cấp tín dụng,Hệ thống,,,B,2,Đơn giản,1,,,,
UC-0280,280,XLDL,THU THẬP XỬ LÝ DỮ LIỆU,Kiểm tra cấu trúc tệp báo cáo - D50 thông tin mua và ủy thác mua trái phiếu doanh nghiệp (không bao gồm TCTD),Hệ thống,,,B,2,Đơn giản,1,,,,
UC-0281,281,XLDL,THU THẬP XỬ LÝ DỮ LIỆU,Kiểm tra cấu trúc tệp báo cáo - D60 thông tin hoạt động xử lý nợ xấu nội bảng,Hệ thống,,,B,2,Đơn giản,1,,,,
UC-0282,282,XLDL,THU THẬP XỬ LÝ DỮ LIỆU,Kiểm tra cấu trúc tệp báo cáo - D70 thông tin dư nợ tại VAMC,Hệ thống,,,B,2,Đơn giản,1,,,,
UC-0283,283,XLDL,THU THẬP XỬ LÝ DỮ LIỆU,Kiểm tra cấu trúc tệp báo cáo - Q11 Tệp thông tin định danh khách hàng vay,Hệ thống,,,B,2,Đơn giản,1,,,,
UC-0284,284,XLDL,THU THẬP XỬ LÝ DỮ LIỆU,Kiểm tra cấu trúc tệp báo cáo - Q12 Thông tin về người có liên quan của khách hàng vay,Hệ thống,,,B,2,Đơn giản,1,,,,
UC-0285,285,XLDL,THU THẬP XỬ LÝ DỮ LIỆU,"Kiểm tra cấu trúc tệp báo cáo - Q32 Thông tin về quan hệ tín dụng (không bao gồm thông tin về thẻ tín dụng, mua và ủy thác mua trái phiếu doanh nghiệp)",Hệ thống,,,B,2,Đơn giản,1,,,,
UC-0286,286,XLDL,THU THẬP XỬ LÝ DỮ LIỆU,Kiểm tra cấu trúc tệp báo cáo - Q40 Thông tin về biện pháp bảo đảm cấp tín dụng,Hệ thống,,,B,2,Đơn giản,1,,,,
UC-0287,287,XLDL,THU THẬP XỬ LÝ DỮ LIỆU,Kiểm tra cấu trúc tệp báo cáo - DKQ Thông tin kết quả tự phân loại nợ,Hệ thống,,,B,2,Đơn giản,1,,,,
UC-0288,288,XLDL,THU THẬP XỬ LÝ DỮ LIỆU,Kiểm tra cấu trúc tệp báo cáo - D36 Thông tin trích lập dự phòng rủi ro cuối quý,Hệ thống,,,B,2,Đơn giản,1,,,,
UC-0289,289,XLDL,THU THẬP XỬ LÝ DỮ LIỆU,Chuyển đổi nội dung tệp báo cáo chưa đúng cấu trúc về cấu trúc xác định - D10 thông tin định danh khách hàng vay phát sinh,Hệ thống,,,B,4,Trung bình,1,,,,
UC-0290,290,XLDL,THU THẬP XỬ LÝ DỮ LIỆU,Chuyển đổi nội dung tệp báo cáo chưa đúng cấu trúc về cấu trúc xác định - D11 thông tin định danh khách hàng vay cuối tháng,Hệ thống,,,B,4,Trung bình,1,,,,
UC-0291,291,XLDL,THU THẬP XỬ LÝ DỮ LIỆU,Chuyển đổi nội dung tệp báo cáo chưa đúng cấu trúc về cấu trúc xác định - D12 thông tin về người có liên quan của khách hàng vay,Hệ thống,,,B,4,Trung bình,1,,,,
UC-0292,292,XLDL,THU THẬP XỬ LÝ DỮ LIỆU,Chuyển đổi nội dung tệp báo cáo chưa đúng cấu trúc về cấu trúc xác định - D20 thông tin tài chính khách hàng vay doanh nghiệp,Hệ thống,,,B,4,Trung bình,1,,,,
UC-0293,293,XLDL,THU THẬP XỬ LÝ DỮ LIỆU,Chuyển đổi nội dung tệp báo cáo chưa đúng cấu trúc về cấu trúc xác định - D31 thông tin quan hệ tín dụng rút gọn,Hệ thống,,,B,4,Trung bình,1,,,,
UC-0294,294,XLDL,THU THẬP XỬ LÝ DỮ LIỆU,Chuyển đổi nội dung tệp báo cáo chưa đúng cấu trúc về cấu trúc xác định - D32 thông tin quan hệ tín dụng cuối tháng,Hệ thống,,,B,4,Trung bình,1,,,,
UC-0295,295,XLDL,THU THẬP XỬ LÝ DỮ LIỆU,Chuyển đổi nội dung tệp báo cáo chưa đúng cấu trúc về cấu trúc xác định - D33 thông tin thẻ tín dụng rút gọn,Hệ thống,,,B,4,Trung bình,1,,,,
UC-0296,296,XLDL,THU THẬP XỬ LÝ DỮ LIỆU,Chuyển đổi nội dung tệp báo cáo chưa đúng cấu trúc về cấu trúc xác định - D34 thông tin thẻ tín dụng cuối tháng,Hệ thống,,,B,4,Trung bình,1,,,,
UC-0297,297,XLDL,THU THẬP XỬ LÝ DỮ LIỆU,"Chuyển đổi nội dung tệp báo cáo chưa đúng cấu trúc về cấu trúc xác định - D35 thông tin thống kê tình hình giải ngân, trả nợ của khách hàng",Hệ thống,,,B,4,Trung bình,1,,,,
UC-0298,298,XLDL,THU THẬP XỬ LÝ DỮ LIỆU,Chuyển đổi nội dung tệp báo cáo chưa đúng cấu trúc về cấu trúc xác định - D40 thông tin về biện pháp bảo đảm cấp tín dụng,Hệ thống,,,B,4,Trung bình,1,,,,
UC-0299,299,XLDL,THU THẬP XỬ LÝ DỮ LIỆU,Chuyển đổi nội dung tệp báo cáo chưa đúng cấu trúc về cấu trúc xác định - D50 thông tin mua và ủy thác mua trái phiếu doanh nghiệp (không bao gồm TCTD),Hệ thống,,,B,4,Trung bình,1,,,,
UC-0300,300,XLDL,THU THẬP XỬ LÝ DỮ LIỆU,Chuyển đổi nội dung tệp báo cáo chưa đúng cấu trúc về cấu trúc xác định - D60 thông tin hoạt động xử lý nợ xấu nội bảng,Hệ thống,,,B,4,Trung bình,1,,,,
UC-0301,301,XLDL,THU THẬP XỬ LÝ DỮ LIỆU,Chuyển đổi nội dung tệp báo cáo chưa đúng cấu trúc về cấu trúc xác định - D70 thông tin dư nợ tại VAMC,Hệ thống,,,B,4,Trung bình,1,,,,
UC-0302,302,XLDL,THU THẬP XỬ LÝ DỮ LIỆU,Chuyển đổi nội dung tệp báo cáo chưa đúng cấu trúc về cấu trúc xác định - Q11 Tệp thông tin định danh khách hàng vay,Hệ thống,,,B,4,Trung bình,1,,,,
UC-0303,303,XLDL,THU THẬP XỬ LÝ DỮ LIỆU,Chuyển đổi nội dung tệp báo cáo chưa đúng cấu trúc về cấu trúc xác định - Q12 Thông tin về người có liên quan của khách hàng vay,Hệ thống,,,B,4,Trung bình,1,,,,
UC-0304,304,XLDL,THU THẬP XỬ LÝ DỮ LIỆU,"Chuyển đổi nội dung tệp báo cáo chưa đúng cấu trúc về cấu trúc xác định - Q32 Thông tin về quan hệ tín dụng (không bao gồm thông tin về thẻ tín dụng, mua và ủy thác mua trái phiếu doanh nghiệp)",Hệ thống,,,B,4,Trung bình,1,,,,
UC-0305,305,XLDL,THU THẬP XỬ LÝ DỮ LIỆU,Chuyển đổi nội dung tệp báo cáo chưa đúng cấu trúc về cấu trúc xác định - Q40 Thông tin về biện pháp bảo đảm cấp tín dụng,Hệ thống,,,B,4,Trung bình,1,,,,
UC-0306,306,XLDL,THU THẬP XỬ LÝ DỮ LIỆU,Chuyển đổi nội dung tệp báo cáo chưa đúng cấu trúc về cấu trúc xác định - D36 Thông tin trích lập dự phòng rủi ro cuối quý,Hệ thống,,,B,4,Trung bình,1,,,,
UC-0307,307,XLDL,THU THẬP XỬ LÝ DỮ LIỆU,Chuyển đổi nội dung tệp báo cáo chưa đúng cấu trúc về cấu trúc xác định - DKQ Thông tin kết quả tự phân loại nợ,Hệ thống,,,B,4,Trung bình,1,,,,
UC-0308,308,XLDL,THU THẬP XỬ LÝ DỮ LIỆU,Kiểm tra hệ thống chỉ tiêu của dữ liệu trong hồ sơ -Thông tin khai báo chung,"CB-TTXLDL, LĐ-TTXLDL, LĐP-TTXLDL (gọi chung là Người dùng)",,,B,2,Đơn giản,,,,,
UC-0309,309,XLDL,THU THẬP XỬ LÝ DỮ LIỆU,Kiểm tra hệ thống chỉ tiêu của dữ liệu trong hồ sơ -Thông tin định danh,"CB-TTXLDL, LĐ-TTXLDL, LĐP-TTXLDL (gọi chung là Người dùng)",,,B,2,Đơn giản,,,,,
UC-0310,310,XLDL,THU THẬP XỬ LÝ DỮ LIỆU,Kiểm tra hệ thống chỉ tiêu của dữ liệu trong hồ sơ -Thông tin định danh/Tổ chức,"CB-TTXLDL, LĐ-TTXLDL, LĐP-TTXLDL (gọi chung là Người dùng)",,,B,2,Đơn giản,,,,,
UC-0311,311,XLDL,THU THẬP XỬ LÝ DỮ LIỆU,"Kiểm tra hệ thống chỉ tiêu của dữ liệu trong hồ sơ -Thông tin định danh/Cá nhân, hộ kinh doanh","CB-TTXLDL, LĐ-TTXLDL, LĐP-TTXLDL (gọi chung là Người dùng)",,,B,2,Đơn giản,,,,,
UC-0312,312,XLDL,THU THẬP XỬ LÝ DỮ LIỆU,Kiểm tra hệ thống chỉ tiêu của dữ liệu trong hồ sơ -Thông tin về người có liên quan của khách hàng vay,"CB-TTXLDL, LĐ-TTXLDL, LĐP-TTXLDL (gọi chung là Người dùng)",,,B,2,Đơn giản,,,,,
UC-0313,313,XLDL,THU THẬP XỬ LÝ DỮ LIỆU,Kiểm tra hệ thống chỉ tiêu của dữ liệu trong hồ sơ -Thông tin về cho vay và các hoạt động cấp tín dụng khác/Thông tin hợp đồng tín dụng,"CB-TTXLDL, LĐ-TTXLDL, LĐP-TTXLDL (gọi chung là Người dùng)",,,B,2,Đơn giản,,,,,
UC-0314,314,XLDL,THU THẬP XỬ LÝ DỮ LIỆU,Kiểm tra hệ thống chỉ tiêu của dữ liệu trong hồ sơ -Thông tin về cho vay và các hoạt động cấp tín dụng khác/Thông tin khế ước,"CB-TTXLDL, LĐ-TTXLDL, LĐP-TTXLDL (gọi chung là Người dùng)",,,B,2,Đơn giản,,,,,
UC-0315,315,XLDL,THU THẬP XỬ LÝ DỮ LIỆU,Kiểm tra hệ thống chỉ tiêu của dữ liệu trong hồ sơ -Thông tin về thẻ tín dụng,"CB-TTXLDL, LĐ-TTXLDL, LĐP-TTXLDL (gọi chung là Người dùng)",,,B,2,Đơn giản,,,,,
UC-0316,316,XLDL,THU THẬP XỬ LÝ DỮ LIỆU,Kiểm tra hệ thống chỉ tiêu của dữ liệu trong hồ sơ -Thông tin mua và ủy thác mua trái phiếu doanh nghiệp (không bao gồm trái phiếu do TCTD phát hành),"CB-TTXLDL, LĐ-TTXLDL, LĐP-TTXLDL (gọi chung là Người dùng)",,,B,2,Đơn giản,,,,,
UC-0317,317,XLDL,THU THẬP XỬ LÝ DỮ LIỆU,Kiểm tra hệ thống chỉ tiêu của dữ liệu trong hồ sơ -Thông tin mua và ủy thác mua trái phiếu doanh nghiệp (không bao gồm trái phiếu do TCTD phát hành)/Trái phiếu doanh nghiệp chưa niêm yết,"CB-TTXLDL, LĐ-TTXLDL, LĐP-TTXLDL (gọi chung là Người dùng)",,,B,2,Đơn giản,,,,,
UC-0318,318,XLDL,THU THẬP XỬ LÝ DỮ LIỆU,Kiểm tra hệ thống chỉ tiêu của dữ liệu trong hồ sơ -Thông tin mua và ủy thác mua trái phiếu doanh nghiệp (không bao gồm trái phiếu do TCTD phát hành)/Trái phiếu doanh nghiệp đã niêm yết,"CB-TTXLDL, LĐ-TTXLDL, LĐP-TTXLDL (gọi chung là Người dùng)",,,B,2,Đơn giản,,,,,
UC-0319,319,XLDL,THU THẬP XỬ LÝ DỮ LIỆU,Kiểm tra hệ thống chỉ tiêu của dữ liệu trong hồ sơ -Thông tin về biện pháp bảo đảm cấp tín dụng,"CB-TTXLDL, LĐ-TTXLDL, LĐP-TTXLDL (gọi chung là Người dùng)",,,B,2,Đơn giản,,,,,
UC-0320,320,XLDL,THU THẬP XỬ LÝ DỮ LIỆU,"Kiểm tra hệ thống chỉ tiêu của dữ liệu trong hồ sơ -Thông tin về biện pháp bảo đảm cấp tín dụng/Thông tin chi tiết cho tài sản bảo đảm là dự án, phương tiện vận tải, quyền sử đụng đất và tài sản gắn liền với đất","CB-TTXLDL, LĐ-TTXLDL, LĐP-TTXLDL (gọi chung là Người dùng)",,,B,2,Đơn giản,,,,,
UC-0321,321,XLDL,THU THẬP XỬ LÝ DỮ LIỆU,Kiểm tra hệ thống chỉ tiêu của dữ liệu trong hồ sơ -Thông tin về hoạt động xử lý nợ xấu nội bảng,"CB-TTXLDL, LĐ-TTXLDL, LĐP-TTXLDL (gọi chung là Người dùng)",,,B,2,Đơn giản,,,,,
UC-0322,322,XLDL,THU THẬP XỬ LÝ DỮ LIỆU,Kiểm tra hệ thống chỉ tiêu của dữ liệu trong hồ sơ -Thông tin ngoại bảng/Thông tin cam kết ngoại bảng,"CB-TTXLDL, LĐ-TTXLDL, LĐP-TTXLDL (gọi chung là Người dùng)",,,B,2,Đơn giản,,,,,
UC-0323,323,XLDL,THU THẬP XỬ LÝ DỮ LIỆU,Kiểm tra hệ thống chỉ tiêu của dữ liệu trong hồ sơ -Thông tin ngoại bảng/Thông tin chi tiết cam kết ngoại bảng,"CB-TTXLDL, LĐ-TTXLDL, LĐP-TTXLDL (gọi chung là Người dùng)",,,B,2,Đơn giản,,,,,
UC-0324,324,XLDL,THU THẬP XỬ LÝ DỮ LIỆU,Kiểm tra hệ thống chỉ tiêu của dữ liệu trong hồ sơ -Thông tin ngoại bảng/Thông tin nợ đã xử lý bằng DPRR,"CB-TTXLDL, LĐ-TTXLDL, LĐP-TTXLDL (gọi chung là Người dùng)",,,B,2,Đơn giản,,,,,
UC-0325,325,XLDL,THU THẬP XỬ LÝ DỮ LIỆU,Kiểm tra hệ thống chỉ tiêu của dữ liệu trong hồ sơ -Thông tin nợ đã xử lý bằng DPRR/Thông tin cấp tín dụng từ nguồn vốn nhận ủy thác TCTD không chịu rủi ro (không bao gồm khoản nhận ủy thác từ TCTD khác)/Thông tin hợp đồng tín dụng,"CB-TTXLDL, LĐ-TTXLDL, LĐP-TTXLDL (gọi chung là Người dùng)",,,B,2,Đơn giản,,,,,
UC-0326,326,XLDL,THU THẬP XỬ LÝ DỮ LIỆU,Kiểm tra hệ thống chỉ tiêu của dữ liệu trong hồ sơ -Thông tin nợ đã xử lý bằng DPRR/Thông tin cấp tín dụng từ nguồn vốn nhận ủy thác TCTD không chịu rủi ro (không bao gồm khoản nhận ủy thác từ TCTD khác)/Thông tin khế ước,"CB-TTXLDL, LĐ-TTXLDL, LĐP-TTXLDL (gọi chung là Người dùng)",,,B,2,Đơn giản,,,,,
UC-0327,327,XLDL,THU THẬP XỬ LÝ DỮ LIỆU,Kiểm tra hệ thống chỉ tiêu của dữ liệu trong hồ sơ -Báo cáo tài chính năm của khách hàng vay là doanh nghiệp,"CB-TTXLDL, LĐ-TTXLDL, LĐP-TTXLDL (gọi chung là Người dùng)",,,B,2,Đơn giản,,,,,
UC-0328,328,XLDL,THU THẬP XỬ LÝ DỮ LIỆU,Kiểm tra hệ thống chỉ tiêu của dữ liệu trong hồ sơ -Thông tin về mua nợ xấu tại VAMC,"CB-TTXLDL, LĐ-TTXLDL, LĐP-TTXLDL (gọi chung là Người dùng)",,,B,2,Đơn giản,,,,,
UC-0329,329,XLDL,THU THẬP XỬ LÝ DỮ LIỆU,Kiểm tra hệ thống chỉ tiêu của dữ liệu trong hồ sơ -Thông tin về mua nợ xấu tại VAMC/Mua nợ xấu thanh toán bằng trái phiếu đặc biệt,"CB-TTXLDL, LĐ-TTXLDL, LĐP-TTXLDL (gọi chung là Người dùng)",,,B,2,Đơn giản,,,,,
UC-0330,330,XLDL,THU THẬP XỬ LÝ DỮ LIỆU,Kiểm tra hệ thống chỉ tiêu của dữ liệu trong hồ sơ -Thông tin về mua nợ xấu tại VAMC/Mua nợ xấu theo giá trị thị trường,"CB-TTXLDL, LĐ-TTXLDL, LĐP-TTXLDL (gọi chung là Người dùng)",,,B,2,Đơn giản,,,,,
UC-0331,331,XLDL,THU THẬP XỬ LÝ DỮ LIỆU,Kiểm tra hệ thống chỉ tiêu của dữ liệu trong hồ sơ - Thông tin kết quả tự phân loại nợ (DKQ),"CB-TTXLDL, LĐ-TTXLDL, LĐP-TTXLDL (gọi chung là Người dùng)",,,B,2,Đơn giản,,,,,
UC-0332,332,XLDL,THU THẬP XỬ LÝ DỮ LIỆU,Thiết lập tỷ lệ hồ sơ lỗi của 1 file dữ liệu được tiếp nhận- D10 thông tin định danh khách hàng vay phát sinh,QTHT,,,B,4,Trung bình,,,,,
UC-0333,333,XLDL,THU THẬP XỬ LÝ DỮ LIỆU,Thiết lập tỷ lệ hồ sơ lỗi của 1 file dữ liệu được tiếp nhận- D11 thông tin định danh khách hàng vay cuối tháng,QTHT,,,B,4,Trung bình,,,,,
UC-0334,334,XLDL,THU THẬP XỬ LÝ DỮ LIỆU,Thiết lập tỷ lệ hồ sơ lỗi của 1 file dữ liệu được tiếp nhận- D12 thông tin về người có liên quan của khách hàng vay,QTHT,,,B,4,Trung bình,,,,,
UC-0335,335,XLDL,THU THẬP XỬ LÝ DỮ LIỆU,Thiết lập tỷ lệ hồ sơ lỗi của 1 file dữ liệu được tiếp nhận- D20 thông tin tài chính khách hàng vay doanh nghiệp,QTHT,,,B,4,Trung bình,,,,,
UC-0336,336,XLDL,THU THẬP XỬ LÝ DỮ LIỆU,Thiết lập tỷ lệ hồ sơ lỗi của 1 file dữ liệu được tiếp nhận- D31 thông tin quan hệ tín dụng rút gọn,QTHT,,,B,4,Trung bình,,,,,
UC-0337,337,XLDL,THU THẬP XỬ LÝ DỮ LIỆU,Thiết lập tỷ lệ hồ sơ lỗi của 1 file dữ liệu được tiếp nhận- D32 thông tin quan hệ tín dụng cuối tháng,QTHT,,,B,4,Trung bình,,,,,
UC-0338,338,XLDL,THU THẬP XỬ LÝ DỮ LIỆU,Thiết lập tỷ lệ hồ sơ lỗi của 1 file dữ liệu được tiếp nhận- D33 thông tin thẻ tín dụng rút gọn,QTHT,,,B,4,Trung bình,,,,,
UC-0339,339,XLDL,THU THẬP XỬ LÝ DỮ LIỆU,Thiết lập tỷ lệ hồ sơ lỗi của 1 file dữ liệu được tiếp nhận- D34 thông tin thẻ tín dụng cuối tháng,QTHT,,,B,4,Trung bình,,,,,
UC-0340,340,XLDL,THU THẬP XỬ LÝ DỮ LIỆU,"Thiết lập tỷ lệ hồ sơ lỗi của 1 file dữ liệu được tiếp nhận- D35 thông tin thống kê tình hình giải ngân, trả nợ của khách hàng",QTHT,,,B,4,Trung bình,,,,,
UC-0341,341,XLDL,THU THẬP XỬ LÝ DỮ LIỆU,Thiết lập tỷ lệ hồ sơ lỗi của 1 file dữ liệu được tiếp nhận- D40 thông tin về biện pháp bảo đảm cấp tín dụng,QTHT,,,B,4,Trung bình,,,,,
UC-0342,342,XLDL,THU THẬP XỬ LÝ DỮ LIỆU,Thiết lập tỷ lệ hồ sơ lỗi của 1 file dữ liệu được tiếp nhận- D50 thông tin mua và ủy thác mua trái phiếu doanh nghiệp (không bao gồm TCTD),QTHT,,,B,4,Trung bình,,,,,
UC-0343,343,XLDL,THU THẬP XỬ LÝ DỮ LIỆU,Thiết lập tỷ lệ hồ sơ lỗi của 1 file dữ liệu được tiếp nhận- D60 thông tin hoạt động xử lý nợ xấu nội bảng,QTHT,,,B,4,Trung bình,,,,,
UC-0344,344,XLDL,THU THẬP XỬ LÝ DỮ LIỆU,Thiết lập tỷ lệ hồ sơ lỗi của 1 file dữ liệu được tiếp nhận- D70 thông tin dư nợ tại VAMC,QTHT,,,B,4,Trung bình,,,,,
UC-0345,345,XLDL,THU THẬP XỬ LÝ DỮ LIỆU,Thiết lập tỷ lệ hồ sơ lỗi của 1 file dữ liệu được tiếp nhận- Điều chỉnh theo chỉ tiêu dữ liệu khách hàng,QTHT,,,B,4,Trung bình,,,,,
UC-0346,346,XLDL,THU THẬP XỬ LÝ DỮ LIỆU,Tra cứu thông tin tỷ lệ hồ sơ lỗi của 1 file dữ liệu được tiếp nhận,CB-TTXLDL,,,B,3,Đơn giản,,,,,
UC-0347,347,XLDL,THU THẬP XỬ LÝ DỮ LIỆU,Kiểm tra tổng thể dữ liệu của file đang nhận,CB-TTXLDL,,,B,2,Đơn giản,,,,,
UC-0348,348,XLDL,THU THẬP XỬ LÝ DỮ LIỆU,Thiết lập tỷ lệ sai khác giữa tổng thể dữ liệu kỳ này với kỳ trước cho loại dữ liệu,CB-TTXLDL/QTHT,,,B,4,Trung bình,,,,,
UC-0349,349,XLDL,THU THẬP XỬ LÝ DỮ LIỆU,Tra cứu tỷ lệ sai khác giữa tổng thể dữ liệu kỳ này với kỳ trước cho loại dữ liệu,CB-TTXLDL/QTHT,,,B,3,Đơn giản,,,,,
UC-0350,350,XLDL,THU THẬP XỬ LÝ DỮ LIỆU,Tra cứu danh sách file được gửi đến hệ thống,CB-TTXLDL,,,B,3,Đơn giản,,,,,
UC-0351,351,XLDL,THU THẬP XỬ LÝ DỮ LIỆU,Chấp nhận file vượt ngưỡng,CB-TTXLDL,,,B,2,Đơn giản,,,,,
UC-0352,352,XLDL,THU THẬP XỬ LÝ DỮ LIỆU,Từ chối file vượt ngưỡng,CB-TTXLDL,,,B,2,Đơn giản,,,,,
UC-0353,353,XLDL,THU THẬP XỬ LÝ DỮ LIỆU,Kiểm tra nghiệp vụ theo từng loại dữ liệu - thông tin định danh khách hàng vay,Hệ thống,,,B,2,Đơn giản,1,,,,
UC-0354,354,XLDL,THU THẬP XỬ LÝ DỮ LIỆU,Kiểm tra nghiệp vụ theo từng loại dữ liệu - thông tin về người có liên quan của khách hàng vay,Hệ thống,,,B,2,Đơn giản,1,,,,
UC-0355,355,XLDL,THU THẬP XỬ LÝ DỮ LIỆU,Kiểm tra nghiệp vụ theo từng loại dữ liệu - thông tin tài chính khách hàng vay là doanh nghiệp,Hệ thống,,,B,2,Đơn giản,1,,,,
UC-0356,356,XLDL,THU THẬP XỬ LÝ DỮ LIỆU,Kiểm tra nghiệp vụ theo từng loại dữ liệu - thông tin quan hệ tín dụng,Hệ thống,,,B,2,Đơn giản,1,,,,
UC-0357,357,XLDL,THU THẬP XỬ LÝ DỮ LIỆU,Kiểm tra nghiệp vụ theo từng loại dữ liệu - thông tin thẻ tín dụng,Hệ thống,,,B,2,Đơn giản,1,,,,
UC-0358,358,XLDL,THU THẬP XỬ LÝ DỮ LIỆU,"Kiểm tra nghiệp vụ theo từng loại dữ liệu - thông tin thống kê tình hình giải ngân, trả nợ của khách hàng",Hệ thống,,,B,2,Đơn giản,1,,,,
UC-0359,359,XLDL,THU THẬP XỬ LÝ DỮ LIỆU,Kiểm tra nghiệp vụ theo từng loại dữ liệu - thông tin về biện pháp bảo đảm cấp tín dụng,Hệ thống,,,B,2,Đơn giản,1,,,,
UC-0360,360,XLDL,THU THẬP XỬ LÝ DỮ LIỆU,Kiểm tra nghiệp vụ theo từng loại dữ liệu - thông tin mua và ủy thác mua trái phiếu doanh nghiệp (không bao gồm TCTD),Hệ thống,,,B,2,Đơn giản,1,,,,
UC-0361,361,XLDL,THU THẬP XỬ LÝ DỮ LIỆU,Kiểm tra nghiệp vụ theo từng loại dữ liệu - thông tin hoạt động xử lý nợ xấu nội bảng,Hệ thống,,,B,2,Đơn giản,1,,,,
UC-0362,362,XLDL,THU THẬP XỬ LÝ DỮ LIỆU,Kiểm tra nghiệp vụ theo từng loại dữ liệu - thông tin dư nợ tại VAMC,Hệ thống,,,B,2,Đơn giản,1,,,,
UC-0363,363,XLDL,THU THẬP XỬ LÝ DỮ LIỆU,Kiểm tra nghiệp vụ theo từng loại dữ liệu - Kết quả tự phân loại nợ,Hệ thống,,,B,2,Đơn giản,1,,,,
UC-0364,364,XLDL,THU THẬP XỬ LÝ DỮ LIỆU,Kiểm tra nghiệp vụ theo từng loại dữ liệu - Thông tin trích lập dự phòng rủi ro cuối quý,Hệ thống,,,B,2,Đơn giản,1,,,,
UC-0365,365,XLDL,THU THẬP XỬ LÝ DỮ LIỆU,Kiểm tra nhận diện danh sách khách hàng đã tất toán khoản vay,Hệ thống,,,B,2,Đơn giản,1,,,,
UC-0366,366,XLDL,THU THẬP XỬ LÝ DỮ LIỆU,Kiểm tra nhận diện danh sách khách hàng đã đóng thẻ tín dụng,Hệ thống,,,B,2,Đơn giản,1,,,,
UC-0367,367,XLDL,THU THẬP XỬ LÝ DỮ LIỆU,Kiểm tra nhận diện danh sách khách hàng đã tất trái phiếu,Hệ thống,,,B,2,Đơn giản,1,,,,
UC-0368,368,XLDL,THU THẬP XỬ LÝ DỮ LIỆU,Thiết lập nguyên tắc Kiểm tra nghiệp vụ theo từng loại dữ liệu,QTHT,,,B,4,Trung bình,,,,,
UC-0369,369,XLDL,THU THẬP XỬ LÝ DỮ LIỆU,Tra cứu nguyên tắc Kiểm tra nghiệp vụ theo từng loại dữ liệu,QTHT,,,B,3,Đơn giản,,,,,
UC-0370,370,XLDL,THU THẬP XỬ LÝ DỮ LIỆU,Lưu trữ nội dung dữ liệu đã tiếp nhận vào kho dữ liệu. Gửi thông báo tiếp nhận file dữ liệu cho đơn vị gửi báo cáo,CB-TTXLDL,,,B,2,Đơn giản,,,,,
UC-0371,371,XLDL,THU THẬP XỬ LÝ DỮ LIỆU,Gửi thông báo từ chối nhận tệp báo cáo cho đơn vị gửi báo cáo - gửi qua Web CIC,Hệ thống,,,B,2,Đơn giản,1,,,,
UC-0372,372,XLDL,THU THẬP XỬ LÝ DỮ LIỆU,Gửi thông báo từ chối nhận tệp báo cáo cho đơn vị gửi báo cáo - gửi qua API,Hệ thống,,,B,2,Đơn giản,1,,,,
UC-0373,373,XLDL,THU THẬP XỬ LÝ DỮ LIỆU,Gửi thông báo từ chối nhận tệp báo cáo cho đơn vị gửi báo cáo - gửi qua H2H,Hệ thống,,,B,2,Đơn giản,1,,,,
UC-0374,374,XLDL,THU THẬP XỬ LÝ DỮ LIỆU,Tra cứu thông báo từ chối/tiếp nhận tệp báo cáo từ CIC gửi cho đơn vị gửi báo cáo - Web CIC,ĐVGBC,,,B,2,Đơn giản,,,,,
UC-0375,375,XLDL,THU THẬP XỬ LÝ DỮ LIỆU,Tra cứu thông báo từ chối/tiếp nhận tệp báo cáo từ CIC gửi cho đơn vị gửi báo cáo,"QTHT, CB-TTXLDL",,,B,2,Đơn giản,,,,,
UC-0376,376,XLDL,THU THẬP XỬ LÝ DỮ LIỆU,Kiểm tra cấu trúc tệp điều chỉnh báo cáo - C10 thông tin định danh khách hàng vay phát sinh,Hệ thống,,,B,2,Đơn giản,1,,,,
UC-0377,377,XLDL,THU THẬP XỬ LÝ DỮ LIỆU,Kiểm tra cấu trúc tệp điều chỉnh báo cáo - C11 thông tin định danh khách hàng vay cuối tháng,Hệ thống,,,B,2,Đơn giản,1,,,,
UC-0378,378,XLDL,THU THẬP XỬ LÝ DỮ LIỆU,Kiểm tra cấu trúc tệp điều chỉnh báo cáo - C12 thông tin về người có liên quan của khách hàng vay,Hệ thống,,,B,2,Đơn giản,1,,,,
UC-0379,379,XLDL,THU THẬP XỬ LÝ DỮ LIỆU,Kiểm tra cấu trúc tệp điều chỉnh báo cáo - C20 thông tin tài chính khách hàng vay doanh nghiệp,Hệ thống,,,B,2,Đơn giản,1,,,,
UC-0380,380,XLDL,THU THẬP XỬ LÝ DỮ LIỆU,Kiểm tra cấu trúc tệp điều chỉnh báo cáo - C31 thông tin quan hệ tín dụng rút gọn,Hệ thống,,,B,2,Đơn giản,1,,,,
UC-0381,381,XLDL,THU THẬP XỬ LÝ DỮ LIỆU,Kiểm tra cấu trúc tệp điều chỉnh báo cáo - C32 thông tin quan hệ tín dụng cuối tháng,Hệ thống,,,B,2,Đơn giản,1,,,,
UC-0382,382,XLDL,THU THẬP XỬ LÝ DỮ LIỆU,Kiểm tra cấu trúc tệp điều chỉnh báo cáo - C33 thông tin thẻ tín dụng rút gọn,Hệ thống,,,B,2,Đơn giản,1,,,,
UC-0383,383,XLDL,THU THẬP XỬ LÝ DỮ LIỆU,Kiểm tra cấu trúc tệp điều chỉnh báo cáo - C34 thông tin thẻ tín dụng cuối tháng,Hệ thống,,,B,2,Đơn giản,1,,,,
UC-0384,384,XLDL,THU THẬP XỬ LÝ DỮ LIỆU,"Kiểm tra cấu trúc tệp điều chỉnh báo cáo - C35 thông tin thống kê tình hình giải ngân, trả nợ của khách hàng",Hệ thống,,,B,2,Đơn giản,1,,,,
UC-0385,385,XLDL,THU THẬP XỬ LÝ DỮ LIỆU,Kiểm tra cấu trúc tệp điều chỉnh báo cáo - C40 thông tin về biện pháp bảo đảm cấp tín dụng,Hệ thống,,,B,2,Đơn giản,1,,,,
UC-0386,386,XLDL,THU THẬP XỬ LÝ DỮ LIỆU,Kiểm tra cấu trúc tệp điều chỉnh báo cáo - C50 thông tin mua và ủy thác mua trái phiếu doanh nghiệp (không bao gồm TCTD),Hệ thống,,,B,2,Đơn giản,1,,,,
UC-0387,387,XLDL,THU THẬP XỬ LÝ DỮ LIỆU,Kiểm tra cấu trúc tệp điều chỉnh báo cáo - C60 thông tin hoạt động xử lý nợ xấu nội bảng,Hệ thống,,,B,2,Đơn giản,1,,,,
UC-0388,388,XLDL,THU THẬP XỬ LÝ DỮ LIỆU,Kiểm tra cấu trúc tệp điều chỉnh báo cáo - C70 thông tin dư nợ tại VAMC,Hệ thống,,,B,2,Đơn giản,1,,,,
UC-0389,389,XLDL,THU THẬP XỬ LÝ DỮ LIỆU,Xác định file báo cáo bị điều chỉnh,CB - TTXLDL,,,B,2,Đơn giản,,,,,
UC-0390,390,XLDL,THU THẬP XỬ LÝ DỮ LIỆU,Tra cứu thông tin file báo cáo bị điều chỉnh,CB - TTXLDL,,,B,3,Đơn giản,,,,,
UC-0391,391,XLDL,THU THẬP XỬ LÝ DỮ LIỆU,Tra cứu danh sách file điều chỉnh được gửi đến hệ thống,CB - TTXLDL,,,B,3,Đơn giản,,,,,
UC-0392,392,XLDL,THU THẬP XỬ LÝ DỮ LIỆU,Chấp nhận file điều chỉnh vượt ngưỡng,CB - TTXLDL,,,B,2,Đơn giản,,,,,
UC-0393,393,XLDL,THU THẬP XỬ LÝ DỮ LIỆU,Từ chối file điều chỉnh vượt ngưỡng,CB - TTXLDL,,,B,2,Đơn giản,,,,,
UC-0394,394,XLDL,THU THẬP XỬ LÝ DỮ LIỆU,Tổng hợp dữ liệu cần điều chỉnh của tệp C so với tệp D - C10 thông tin định danh khách hàng vay phát sinh,Hệ thống,,,B,2,Đơn giản,1,,,,
UC-0395,395,XLDL,THU THẬP XỬ LÝ DỮ LIỆU,Tổng hợp dữ liệu cần điều chỉnh của tệp C so với tệp D - C11 thông tin định danh khách hàng vay cuối tháng,Hệ thống,,,B,2,Đơn giản,1,,,,
UC-0396,396,XLDL,THU THẬP XỬ LÝ DỮ LIỆU,Tổng hợp dữ liệu cần điều chỉnh của tệp C so với tệp D - C12 thông tin về người có liên quan của khách hàng vay,Hệ thống,,,B,2,Đơn giản,1,,,,
UC-0397,397,XLDL,THU THẬP XỬ LÝ DỮ LIỆU,Tổng hợp dữ liệu cần điều chỉnh của tệp C so với tệp D - C20 thông tin tài chính khách hàng vay doanh nghiệp,Hệ thống,,,B,2,Đơn giản,1,,,,
UC-0398,398,XLDL,THU THẬP XỬ LÝ DỮ LIỆU,Tổng hợp dữ liệu cần điều chỉnh của tệp C so với tệp D - C31 thông tin quan hệ tín dụng rút gọn,Hệ thống,,,B,2,Đơn giản,1,,,,
UC-0399,399,XLDL,THU THẬP XỬ LÝ DỮ LIỆU,Tổng hợp dữ liệu cần điều chỉnh của tệp C so với tệp D - C32 thông tin quan hệ tín dụng cuối tháng,Hệ thống,,,B,2,Đơn giản,1,,,,
UC-0400,400,XLDL,THU THẬP XỬ LÝ DỮ LIỆU,Tổng hợp dữ liệu cần điều chỉnh của tệp C so với tệp D - C33 thông tin thẻ tín dụng rút gọn,Hệ thống,,,B,2,Đơn giản,1,,,,
UC-0401,401,XLDL,THU THẬP XỬ LÝ DỮ LIỆU,Tổng hợp dữ liệu cần điều chỉnh của tệp C so với tệp D - C34 thông tin thẻ tín dụng cuối tháng,Hệ thống,,,B,2,Đơn giản,1,,,,
UC-0402,402,XLDL,THU THẬP XỬ LÝ DỮ LIỆU,"Tổng hợp dữ liệu cần điều chỉnh của tệp C so với tệp D - C35 thông tin thống kê tình hình giải ngân, trả nợ của khách hàng",Hệ thống,,,B,2,Đơn giản,1,,,,
UC-0403,403,XLDL,THU THẬP XỬ LÝ DỮ LIỆU,Tổng hợp dữ liệu cần điều chỉnh của tệp C so với tệp D - C40 thông tin về biện pháp bảo đảm cấp tín dụng,Hệ thống,,,B,2,Đơn giản,1,,,,
UC-0404,404,XLDL,THU THẬP XỬ LÝ DỮ LIỆU,Tổng hợp dữ liệu cần điều chỉnh của tệp C so với tệp D - C50 thông tin mua và ủy thác mua trái phiếu doanh nghiệp (không bao gồm TCTD),Hệ thống,,,B,2,Đơn giản,1,,,,
UC-0405,405,XLDL,THU THẬP XỬ LÝ DỮ LIỆU,Tổng hợp dữ liệu cần điều chỉnh của tệp C so với tệp D - C60 thông tin hoạt động xử lý nợ xấu nội bảng,Hệ thống,,,B,2,Đơn giản,1,,,,
UC-0406,406,XLDL,THU THẬP XỬ LÝ DỮ LIỆU,Tổng hợp dữ liệu cần điều chỉnh của tệp C so với tệp D - C70 thông tin dư nợ tại VAMC,Hệ thống,,,B,2,Đơn giản,1,,,,
UC-0407,407,XLDL,THU THẬP XỬ LÝ DỮ LIỆU,Tra cứu thông tin tổng hợp dữ liệu cần điều chỉnh,CB-TTXLDL,,,B,3,Đơn giản,,,,,
UC-0408,408,XLDL,THU THẬP XỬ LÝ DỮ LIỆU,Xác nhận điều chỉnh dữ liệu,CB-TTXLDL,,,B,2,Đơn giản,,,,,
UC-0409,409,XLDL,THU THẬP XỬ LÝ DỮ LIỆU,Từ chối điều chỉnh dữ liệu,CB-TTXLDL,,,B,2,Đơn giản,,,,,
UC-0410,410,XLDL,THU THẬP XỬ LÝ DỮ LIỆU,Hệ thống tự động lập đề nghị điều chỉnh,Hệ thống,,,B,2,Đơn giản,1,,,,
UC-0411,411,XLDL,THU THẬP XỬ LÝ DỮ LIỆU,Tra cứu thông tin đề nghị điều chỉnh dữ liệu,CB-TTXLDL,,,B,3,Đơn giản,,,,,
UC-0412,412,XLDL,THU THẬP XỬ LÝ DỮ LIỆU,Gửi thông báo từ chối nhận tệp báo cáo điều chỉnh tệp C cho đơn vị gửi báo cáo - gửi qua Web CIC,Hệ thống,,,B,2,Đơn giản,1,,,,
UC-0413,413,XLDL,THU THẬP XỬ LÝ DỮ LIỆU,Gửi thông báo từ chối nhận tệp báo cáo điều chỉnh tệp C cho đơn vị gửi báo cáo - gửi qua API,Hệ thống,,,B,2,Đơn giản,1,,,,
UC-0414,414,XLDL,THU THẬP XỬ LÝ DỮ LIỆU,Gửi thông báo từ chối nhận tệp báo cáo điều chỉnh tệp C cho đơn vị gửi báo cáo - gửi qua H2H,Hệ thống,,,B,2,Đơn giản,1,,,,
UC-0415,415,XLDL,THU THẬP XỬ LÝ DỮ LIỆU,Tra cứu thông báo từ chối/tiếp nhận tệp báo cáo điều chỉnh tệp C từ CIC gửi cho đơn vị gửi báo cáo - Web CIC,QTHT,,,B,3,Đơn giản,,,,,
UC-0416,416,XLDL,THU THẬP XỬ LÝ DỮ LIỆU,Tra cứu thông báo từ chối/tiếp nhận tệp báo cáo điều chỉnh tệp C từ CIC gửi cho đơn vị gửi báo cáo,QTHT,,,B,3,Đơn giản,,,,,
UC-0417,417,XLDL,THU THẬP XỬ LÝ DỮ LIỆU,Cập nhật trạng thái của tệp báo cáo điều chỉnh. Gửi thông báo tiếp nhận file dữ liệu cho đơn vị gửi báo cáo,CB-TTXLDL,,,B,2,Đơn giản,,,,,
UC-0418,418,XLDL,THU THẬP XỬ LÝ DỮ LIỆU,Kiểm tra cấu trúc tệp điều chỉnh báo cáo - E Điều chỉnh dữ liệu khách hàng,CB-TTXLDL,,,B,2,Đơn giản,,,,,
UC-0419,419,XLDL,THU THẬP XỬ LÝ DỮ LIỆU,Xác định hồ sơ bị điều chỉnh,CB-TTXLDL,,,B,2,Đơn giản,,,,,
UC-0420,420,XLDL,THU THẬP XỬ LÝ DỮ LIỆU,Tổng hợp dữ liệu cần điều chỉnh về thông tin khách hàng theo tệp E,CB-TTXLDL,,,B,4,Trung bình,,,,,
UC-0421,421,XLDL,THU THẬP XỬ LÝ DỮ LIỆU,Tra cứu thông tin tổng hợp dữ liệu cần điều chỉnh thông tin khách hàng theo tệp E,CB-TTXLDL,,,B,3,Đơn giản,,,,,
UC-0422,422,XLDL,THU THẬP XỬ LÝ DỮ LIỆU,Xác nhận điều chỉnh dữ liệu thông tin khách hàng theo tệp E. Hệ thống tự động lập đề nghị điều chỉnh cho tệp - E Điều chỉnh dữ liệu khách hàng,CB-TTXLDL,,,B,2,Đơn giản,,,,,
UC-0423,423,XLDL,THU THẬP XỬ LÝ DỮ LIỆU,Từ chối điều chỉnh dữ liệu khách hàng theo tệp E,CB-TTXLDL,,,B,2,Đơn giản,,,,,
UC-0424,424,XLDL,THU THẬP XỬ LÝ DỮ LIỆU,Cập nhật trạng thái của tệp báo cáo điều chỉnh tệp E. Gửi thông báo tiếp nhận file dữ liệu cho đơn vị gửi báo cáo,CB-TTXLDL,,,B,2,Đơn giản,,,,,
UC-0425,425,XLDL,THU THẬP XỬ LÝ DỮ LIỆU,Gửi thông báo từ chối nhận tệp báo cáo điều chỉnh tệp E cho đơn vị gửi báo cáo - gửi qua Web CIC,CB-TTXLDL,,,B,2,Đơn giản,,,,,
UC-0426,426,XLDL,THU THẬP XỬ LÝ DỮ LIỆU,Gửi thông báo từ chối nhận tệp báo cáo điều chỉnh tệp E cho đơn vị gửi báo cáo - gửi qua API,CB-TTXLDL,,,B,2,Đơn giản,,,,,
UC-0427,427,XLDL,THU THẬP XỬ LÝ DỮ LIỆU,Gửi thông báo từ chối nhận tệp báo cáo điều chỉnh tệp E cho đơn vị gửi báo cáo - gửi qua H2H,Hệ thống,,,B,2,Đơn giản,1,,,,
UC-0428,428,XLDL,THU THẬP XỬ LÝ DỮ LIỆU,Tra cứu thông báo từ chối/tiếp nhận tệp báo cáo điều chỉnh tệp E từ CIC gửi cho đơn vị gửi báo cáo - Web CIC,CB-TTXLDL,,,B,2,Đơn giản,,,,,
UC-0429,429,XLDL,THU THẬP XỬ LÝ DỮ LIỆU,Tra cứu thông báo từ chối/tiếp nhận tệp báo cáo điều chỉnh tệp E từ CIC gửi cho đơn vị gửi báo cáo,Hệ thống,,,B,2,Đơn giản,1,,,,
UC-0430,430,XLDL,THU THẬP XỬ LÝ DỮ LIỆU,Hệ thống tự động Kiểm tra hồ sơ lỗi/chờ xem xét - D10 thông tin định danh khách hàng vay phát sinh,Hệ thống,,,B,2,Đơn giản,1,,,,
UC-0431,431,XLDL,THU THẬP XỬ LÝ DỮ LIỆU,Hệ thống tự động Kiểm tra hồ sơ lỗi/chờ xem xét - D11 thông tin định danh khách hàng vay cuối tháng,Hệ thống,,,B,2,Đơn giản,1,,,,
UC-0432,432,XLDL,THU THẬP XỬ LÝ DỮ LIỆU,Hệ thống tự động Kiểm tra hồ sơ lỗi/chờ xem xét - D12 thông tin về người có liên quan của khách hàng vay,Hệ thống,,,B,2,Đơn giản,1,,,,
UC-0433,433,XLDL,THU THẬP XỬ LÝ DỮ LIỆU,Hệ thống tự động Kiểm tra hồ sơ lỗi/chờ xem xét - D20 thông tin tài chính khách hàng vay doanh nghiệp,Hệ thống,,,B,2,Đơn giản,1,,,,
UC-0434,434,XLDL,THU THẬP XỬ LÝ DỮ LIỆU,Hệ thống tự động Kiểm tra hồ sơ lỗi/chờ xem xét - D31 thông tin quan hệ tín dụng rút gọn,Hệ thống,,,B,2,Đơn giản,1,,,,
UC-0435,435,XLDL,THU THẬP XỬ LÝ DỮ LIỆU,Hệ thống tự động Kiểm tra hồ sơ lỗi/chờ xem xét - D32 thông tin quan hệ tín dụng cuối tháng,Hệ thống,,,B,2,Đơn giản,1,,,,
UC-0436,436,XLDL,THU THẬP XỬ LÝ DỮ LIỆU,Hệ thống tự động Kiểm tra hồ sơ lỗi/chờ xem xét - D33 thông tin thẻ tín dụng rút gọn,Hệ thống,,,B,2,Đơn giản,1,,,,
UC-0437,437,XLDL,THU THẬP XỬ LÝ DỮ LIỆU,Hệ thống tự động Kiểm tra hồ sơ lỗi/chờ xem xét - D34 thông tin thẻ tín dụng cuối tháng,Hệ thống,,,B,2,Đơn giản,1,,,,
UC-0438,438,XLDL,THU THẬP XỬ LÝ DỮ LIỆU,"Hệ thống tự động Kiểm tra hồ sơ lỗi/chờ xem xét - D35 thông tin thống kê tình hình giải ngân, trả nợ của khách hàng",Hệ thống,,,B,2,Đơn giản,1,,,,
UC-0439,439,XLDL,THU THẬP XỬ LÝ DỮ LIỆU,Hệ thống tự động Kiểm tra hồ sơ lỗi/chờ xem xét - D40 thông tin về biện pháp bảo đảm cấp tín dụng,Hệ thống,,,B,2,Đơn giản,1,,,,
UC-0440,440,XLDL,THU THẬP XỬ LÝ DỮ LIỆU,Hệ thống tự động Kiểm tra hồ sơ lỗi/chờ xem xét - D50 thông tin mua và ủy thác mua trái phiếu doanh nghiệp (không bao gồm TCTD),Hệ thống,,,B,2,Đơn giản,1,,,,
UC-0441,441,XLDL,THU THẬP XỬ LÝ DỮ LIỆU,Hệ thống tự động Kiểm tra hồ sơ lỗi/chờ xem xét - D60 thông tin hoạt động xử lý nợ xấu nội bảng,Hệ thống,,,B,2,Đơn giản,1,,,,
UC-0442,442,XLDL,THU THẬP XỬ LÝ DỮ LIỆU,Hệ thống tự động Kiểm tra hồ sơ lỗi/chờ xem xét - D70 thông tin dư nợ tại VAMC,Hệ thống,,,B,2,Đơn giản,1,,,,
UC-0443,443,XLDL,THU THẬP XỬ LÝ DỮ LIỆU,Hệ thống tự động Kiểm tra hồ sơ lỗi/chờ xem xét - Q11 Tệp thông tin định danh khách hàng vay,Hệ thống,,,B,2,Đơn giản,1,,,,
UC-0444,444,XLDL,THU THẬP XỬ LÝ DỮ LIỆU,Hệ thống tự động Kiểm tra hồ sơ lỗi/chờ xem xét - Q12 Thông tin về người có liên quan của khách hàng vay,Hệ thống,,,B,2,Đơn giản,1,,,,
UC-0445,445,XLDL,THU THẬP XỬ LÝ DỮ LIỆU,"Hệ thống tự động Kiểm tra hồ sơ lỗi/chờ xem xét - Q32 Thông tin về quan hệ tín dụng (không bao gồm thông tin về thẻ tín dụng, mua và ủy thác mua trái phiếu doanh nghiệp)",Hệ thống,,,B,2,Đơn giản,1,,,,
UC-0446,446,XLDL,THU THẬP XỬ LÝ DỮ LIỆU,Hệ thống tự động Kiểm tra hồ sơ lỗi/chờ xem xét - Q40 Thông tin về biện pháp bảo đảm cấp tín dụng,Hệ thống,,,B,2,Đơn giản,1,,,,
UC-0447,447,XLDL,THU THẬP XỬ LÝ DỮ LIỆU,Hệ thống tự động Kiểm tra hồ sơ lỗi/chờ xem xét - D36 Thông tin trích lập dự phòng rủi ro cuối quý,Hệ thống,,,B,2,Đơn giản,1,,,,
UC-0448,448,XLDL,THU THẬP XỬ LÝ DỮ LIỆU,Kiểm tra nội dung hồ sơ có lỗi/chờ xem xét - D10 thông tin định danh khách hàng vay phát sinh,CB-TTXLDL,,,B,3,Đơn giản,,,,,
UC-0449,449,XLDL,THU THẬP XỬ LÝ DỮ LIỆU,Kiểm tra nội dung hồ sơ có lỗi/chờ xem xét - D11 thông tin định danh khách hàng vay cuối tháng,CB-TTXLDL,,,B,3,Đơn giản,,,,,
UC-0450,450,XLDL,THU THẬP XỬ LÝ DỮ LIỆU,Kiểm tra nội dung hồ sơ có lỗi/chờ xem xét - D12 thông tin về người có liên quan của khách hàng vay,CB-TTXLDL,,,B,3,Đơn giản,,,,,
UC-0451,451,XLDL,THU THẬP XỬ LÝ DỮ LIỆU,Kiểm tra nội dung hồ sơ có lỗi/chờ xem xét - D20 thông tin tài chính khách hàng vay doanh nghiệp,CB-TTXLDL,,,B,3,Đơn giản,,,,,
UC-0452,452,XLDL,THU THẬP XỬ LÝ DỮ LIỆU,Kiểm tra nội dung hồ sơ có lỗi/chờ xem xét - D31 thông tin quan hệ tín dụng rút gọn,CB-TTXLDL,,,B,3,Đơn giản,,,,,
UC-0453,453,XLDL,THU THẬP XỬ LÝ DỮ LIỆU,Kiểm tra nội dung hồ sơ có lỗi/chờ xem xét - D32 thông tin quan hệ tín dụng cuối tháng,CB-TTXLDL,,,B,3,Đơn giản,,,,,
UC-0454,454,XLDL,THU THẬP XỬ LÝ DỮ LIỆU,Kiểm tra nội dung hồ sơ có lỗi/chờ xem xét - D33 thông tin thẻ tín dụng rút gọn,CB-TTXLDL,,,B,3,Đơn giản,,,,,
UC-0455,455,XLDL,THU THẬP XỬ LÝ DỮ LIỆU,Kiểm tra nội dung hồ sơ có lỗi/chờ xem xét - D34 thông tin thẻ tín dụng cuối tháng,CB-TTXLDL,,,B,3,Đơn giản,,,,,
UC-0456,456,XLDL,THU THẬP XỬ LÝ DỮ LIỆU,"Kiểm tra nội dung hồ sơ có lỗi/chờ xem xét - D35 thông tin thống kê tình hình giải ngân, trả nợ của khách hàng",CB-TTXLDL,,,B,3,Đơn giản,,,,,
UC-0457,457,XLDL,THU THẬP XỬ LÝ DỮ LIỆU,Kiểm tra nội dung hồ sơ có lỗi/chờ xem xét - D40 thông tin về biện pháp bảo đảm cấp tín dụng,CB-TTXLDL,,,B,3,Đơn giản,,,,,
UC-0458,458,XLDL,THU THẬP XỬ LÝ DỮ LIỆU,Kiểm tra nội dung hồ sơ có lỗi/chờ xem xét - D50 thông tin mua và ủy thác mua trái phiếu doanh nghiệp (không bao gồm TCTD),CB-TTXLDL,,,B,3,Đơn giản,,,,,
UC-0459,459,XLDL,THU THẬP XỬ LÝ DỮ LIỆU,Kiểm tra nội dung hồ sơ có lỗi/chờ xem xét - D60 thông tin hoạt động xử lý nợ xấu nội bảng,CB-TTXLDL,,,B,3,Đơn giản,,,,,
UC-0460,460,XLDL,THU THẬP XỬ LÝ DỮ LIỆU,Kiểm tra nội dung hồ sơ có lỗi/chờ xem xét - D70 thông tin dư nợ tại VAMC,CB-TTXLDL,,,B,3,Đơn giản,,,,,
UC-0461,461,XLDL,THU THẬP XỬ LÝ DỮ LIỆU,Kiểm tra nội dung hồ sơ có lỗi/chờ xem xét - Q11 Tệp thông tin định danh khách hàng vay,CB-TTXLDL,,,B,3,Đơn giản,,,,,
UC-0462,462,XLDL,THU THẬP XỬ LÝ DỮ LIỆU,Kiểm tra nội dung hồ sơ có lỗi/chờ xem xét - Q12 Thông tin về người có liên quan của khách hàng vay,CB-TTXLDL,,,B,3,Đơn giản,,,,,
UC-0463,463,XLDL,THU THẬP XỬ LÝ DỮ LIỆU,"Kiểm tra nội dung hồ sơ có lỗi/chờ xem xét - Q32 Thông tin về quan hệ tín dụng (không bao gồm thông tin về thẻ tín dụng, mua và ủy thác mua trái phiếu doanh nghiệp)",CB-TTXLDL,,,B,3,Đơn giản,,,,,
UC-0464,464,XLDL,THU THẬP XỬ LÝ DỮ LIỆU,Kiểm tra nội dung hồ sơ có lỗi/chờ xem xét - Q40 Thông tin về biện pháp bảo đảm cấp tín dụng,CB-TTXLDL,,,B,3,Đơn giản,,,,,
UC-0465,465,XLDL,THU THẬP XỬ LÝ DỮ LIỆU,Kiểm tra nội dung hồ sơ có lỗi/chờ xem xét - D36 Thông tin trích lập dự phòng rủi ro cuối quý,CB-TTXLDL,,,B,3,Đơn giản,,,,,
UC-0466,466,XLDL,THU THẬP XỬ LÝ DỮ LIỆU,Từ chối tiếp nhận hồ sơ lỗi,CB-TTXLDL,,,B,2,Đơn giản,,,,,
UC-0467,467,XLDL,THU THẬP XỬ LÝ DỮ LIỆU,Chấp nhận dữ liệu hồ sơ,CB-TTXLDL,,,B,2,Đơn giản,,,,,
UC-0468,468,XLDL,THU THẬP XỬ LÝ DỮ LIỆU,Kiểm tra hồ sơ được chấp nhận,LĐ-TTXLDL,,,B,3,Đơn giản,,,,,
UC-0469,469,XLDL,THU THẬP XỬ LÝ DỮ LIỆU,Từ chối chấp nhận hồ sơ đã được chấp nhận,LĐ-TTXLDL,,,B,2,Đơn giản,,,,,
UC-0470,470,XLDL,THU THẬP XỬ LÝ DỮ LIỆU,"Lập và gửi đề nghị điều chỉnh nội dung cho các hồ sơ ""Lỗi"" đủ điều kiện thực hiện điều chỉnh",CB-TTXLDL,,,B,2,Đơn giản,,,,,
UC-0471,471,XLDL,THU THẬP XỬ LÝ DỮ LIỆU,Đánh dấu xử lý tự động - D10 thông tin định danh khách hàng vay phát sinh,CB-TTXLDL,,,B,2,Đơn giản,,,,,
UC-0472,472,XLDL,THU THẬP XỬ LÝ DỮ LIỆU,Kiểm tra nội dung xử lý tự động - D10 thông tin định danh khách hàng vay phát sinh,LĐ-TTXLDL,,,B,3,Đơn giản,,,,,
UC-0473,473,XLDL,THU THẬP XỬ LÝ DỮ LIỆU,Kiểm tra nội dung xử lý tự động - D11 thông tin định danh khách hàng vay cuối tháng,LĐ-TTXLDL,,,B,3,Đơn giản,,,,,
UC-0474,474,XLDL,THU THẬP XỬ LÝ DỮ LIỆU,Kiểm tra nội dung xử lý tự động - D12 thông tin về người có liên quan của khách hàng vay,LĐ-TTXLDL,,,B,3,Đơn giản,,,,,
UC-0475,475,XLDL,THU THẬP XỬ LÝ DỮ LIỆU,Kiểm tra nội dung xử lý tự động - D20 thông tin tài chính khách hàng vay doanh nghiệp,LĐ-TTXLDL,,,B,3,Đơn giản,,,,,
UC-0476,476,XLDL,THU THẬP XỬ LÝ DỮ LIỆU,Kiểm tra nội dung xử lý tự động - D31 thông tin quan hệ tín dụng rút gọn,LĐ-TTXLDL,,,B,3,Đơn giản,,,,,
UC-0477,477,XLDL,THU THẬP XỬ LÝ DỮ LIỆU,Kiểm tra nội dung xử lý tự động - D32 thông tin quan hệ tín dụng cuối tháng,LĐ-TTXLDL,,,B,3,Đơn giản,,,,,
UC-0478,478,XLDL,THU THẬP XỬ LÝ DỮ LIỆU,Kiểm tra nội dung xử lý tự động - D33 thông tin thẻ tín dụng rút gọn,LĐ-TTXLDL,,,B,3,Đơn giản,,,,,
UC-0479,479,XLDL,THU THẬP XỬ LÝ DỮ LIỆU,Kiểm tra nội dung xử lý tự động - D34 thông tin thẻ tín dụng cuối tháng,LĐ-TTXLDL,,,B,3,Đơn giản,,,,,
UC-0480,480,XLDL,THU THẬP XỬ LÝ DỮ LIỆU,"Kiểm tra nội dung xử lý tự động - D35 thông tin thống kê tình hình giải ngân, trả nợ của khách hàng",LĐ-TTXLDL,,,B,3,Đơn giản,,,,,
UC-0481,481,XLDL,THU THẬP XỬ LÝ DỮ LIỆU,Kiểm tra nội dung xử lý tự động - D40 thông tin về biện pháp bảo đảm cấp tín dụng,LĐ-TTXLDL,,,B,3,Đơn giản,,,,,
UC-0482,482,XLDL,THU THẬP XỬ LÝ DỮ LIỆU,Kiểm tra nội dung xử lý tự động - D50 thông tin mua và ủy thác mua trái phiếu doanh nghiệp (không bao gồm TCTD),LĐ-TTXLDL,,,B,3,Đơn giản,,,,,
UC-0483,483,XLDL,THU THẬP XỬ LÝ DỮ LIỆU,Kiểm tra nội dung xử lý tự động - D60 thông tin hoạt động xử lý nợ xấu nội bảng,LĐ-TTXLDL,,,B,3,Đơn giản,,,,,
UC-0484,484,XLDL,THU THẬP XỬ LÝ DỮ LIỆU,Kiểm tra nội dung xử lý tự động - D70 thông tin dư nợ tại VAMC,LĐ-TTXLDL,,,B,3,Đơn giản,,,,,
UC-0485,485,XLDL,THU THẬP XỬ LÝ DỮ LIỆU,Kiểm tra nội dung xử lý tự động - Q11 Tệp thông tin định danh khách hàng vay,LĐ-TTXLDL,,,B,3,Đơn giản,,,,,
UC-0486,486,XLDL,THU THẬP XỬ LÝ DỮ LIỆU,Kiểm tra nội dung xử lý tự động - Q12 Thông tin về người có liên quan của khách hàng vay,LĐ-TTXLDL,,,B,3,Đơn giản,,,,,
UC-0487,487,XLDL,THU THẬP XỬ LÝ DỮ LIỆU,"Kiểm tra nội dung xử lý tự động - Q32 Thông tin về quan hệ tín dụng (không bao gồm thông tin về thẻ tín dụng, mua và ủy thác mua trái phiếu doanh nghiệp)",LĐ-TTXLDL,,,B,3,Đơn giản,,,,,
UC-0488,488,XLDL,THU THẬP XỬ LÝ DỮ LIỆU,Kiểm tra nội dung xử lý tự động - Q40 Thông tin về biện pháp bảo đảm cấp tín dụng,LĐ-TTXLDL,,,B,3,Đơn giản,,,,,
UC-0489,489,XLDL,THU THẬP XỬ LÝ DỮ LIỆU,Kiểm tra nội dung xử lý tự động - D36 Thông tin trích lập dự phòng rủi ro cuối quý,LĐ-TTXLDL,,,B,3,Đơn giản,,,,,
UC-0490,490,XLDL,THU THẬP XỬ LÝ DỮ LIỆU,Phê duyệt trường hợp đủ điều kiện xử lý tự động,LĐ-TTXLDL,,,B,2,Đơn giản,,,,,
UC-0491,491,XLDL,THU THẬP XỬ LÝ DỮ LIỆU,Từ chối phê duyệt trường hợp đủ điều kiện xử lý tự động,LĐ-TTXLDL,,,B,2,Đơn giản,,,,,
UC-0492,492,XLDL,THU THẬP XỬ LÝ DỮ LIỆU,Kiểm tra chéo giữa các hồ sơ trong cùng kỳ báo cáo - thông tin định danh khách hàng vay,CB-TTXLDL,,,B,2,Đơn giản,,,,,
UC-0493,493,XLDL,THU THẬP XỬ LÝ DỮ LIỆU,Kiểm tra chéo giữa các hồ sơ trong cùng kỳ báo cáo - thông tin về người có liên quan của khách hàng vay,CB-TTXLDL,,,B,2,Đơn giản,,,,,
UC-0494,494,XLDL,THU THẬP XỬ LÝ DỮ LIỆU,Kiểm tra chéo giữa các hồ sơ trong cùng kỳ báo cáo - thông tin tài chính khách hàng vay là doanh nghiệp,CB-TTXLDL,,,B,2,Đơn giản,,,,,
UC-0495,495,XLDL,THU THẬP XỬ LÝ DỮ LIỆU,Kiểm tra chéo giữa các hồ sơ trong cùng kỳ báo cáo - thông tin quan hệ tín dụng,CB-TTXLDL,,,B,2,Đơn giản,,,,,
UC-0496,496,XLDL,THU THẬP XỬ LÝ DỮ LIỆU,Kiểm tra chéo giữa các hồ sơ trong cùng kỳ báo cáo - thông tin thẻ tín dụng,CB-TTXLDL,,,B,2,Đơn giản,,,,,
UC-0497,497,XLDL,THU THẬP XỬ LÝ DỮ LIỆU,"Kiểm tra chéo giữa các hồ sơ trong cùng kỳ báo cáo - thông tin thống kê tình hình giải ngân, trả nợ của khách hàng",CB-TTXLDL,,,B,2,Đơn giản,,,,,
UC-0498,498,XLDL,THU THẬP XỬ LÝ DỮ LIỆU,Kiểm tra chéo giữa các hồ sơ trong cùng kỳ báo cáo - thông tin về biện pháp bảo đảm cấp tín dụng,CB-TTXLDL,,,B,2,Đơn giản,,,,,
UC-0499,499,XLDL,THU THẬP XỬ LÝ DỮ LIỆU,Kiểm tra chéo giữa các hồ sơ trong cùng kỳ báo cáo - thông tin mua và ủy thác mua trái phiếu doanh nghiệp (không bao gồm TCTD),CB-TTXLDL,,,B,2,Đơn giản,,,,,
UC-0500,500,XLDL,THU THẬP XỬ LÝ DỮ LIỆU,Kiểm tra chéo giữa các hồ sơ trong cùng kỳ báo cáo - thông tin hoạt động xử lý nợ xấu nội bảng,CB-TTXLDL,,,B,2,Đơn giản,,,,,
UC-0501,501,XLDL,THU THẬP XỬ LÝ DỮ LIỆU,Kiểm tra chéo giữa các hồ sơ trong cùng kỳ báo cáo - thông tin dư nợ tại VAMC,CB-TTXLDL,,,B,2,Đơn giản,,,,,
UC-0502,502,XLDL,THU THẬP XỬ LÝ DỮ LIỆU,Kiểm tra chéo giữa các hồ sơ trong cùng kỳ báo cáo - Kết quả tự phân loại nợ,CB-TTXLDL,,,B,2,Đơn giản,,,,,
UC-0503,503,XLDL,THU THẬP XỬ LÝ DỮ LIỆU,Kiểm tra danh sách hồ sơ sai lệch giữa các kỳ - thông tin định danh khách hàng vay,CB-TTXLDL,,,B,3,Đơn giản,,,,,
UC-0504,504,XLDL,THU THẬP XỬ LÝ DỮ LIỆU,Kiểm tra danh sách hồ sơ sai lệch giữa các kỳ - thông tin về người có liên quan của khách hàng vay,CB-TTXLDL,,,B,3,Đơn giản,,,,,
UC-0505,505,XLDL,THU THẬP XỬ LÝ DỮ LIỆU,Kiểm tra danh sách hồ sơ sai lệch giữa các kỳ - thông tin tài chính khách hàng vay là doanh nghiệp,CB-TTXLDL,,,B,3,Đơn giản,,,,,
UC-0506,506,XLDL,THU THẬP XỬ LÝ DỮ LIỆU,Kiểm tra danh sách hồ sơ sai lệch giữa các kỳ - thông tin quan hệ tín dụng,CB-TTXLDL,,,B,3,Đơn giản,,,,,
UC-0507,507,XLDL,THU THẬP XỬ LÝ DỮ LIỆU,Kiểm tra danh sách hồ sơ sai lệch giữa các kỳ - thông tin thẻ tín dụng,CB-TTXLDL,,,B,3,Đơn giản,,,,,
UC-0508,508,XLDL,THU THẬP XỬ LÝ DỮ LIỆU,"Kiểm tra danh sách hồ sơ sai lệch giữa các kỳ - thông tin thống kê tình hình giải ngân, trả nợ của khách hàng",CB-TTXLDL,,,B,3,Đơn giản,,,,,
UC-0509,509,XLDL,THU THẬP XỬ LÝ DỮ LIỆU,Kiểm tra danh sách hồ sơ sai lệch giữa các kỳ - thông tin về biện pháp bảo đảm cấp tín dụng,CB-TTXLDL,,,B,3,Đơn giản,,,,,
UC-0510,510,XLDL,THU THẬP XỬ LÝ DỮ LIỆU,Kiểm tra danh sách hồ sơ sai lệch giữa các kỳ - thông tin mua và ủy thác mua trái phiếu doanh nghiệp (không bao gồm TCTD),CB-TTXLDL,,,B,3,Đơn giản,,,,,
UC-0511,511,XLDL,THU THẬP XỬ LÝ DỮ LIỆU,Kiểm tra danh sách hồ sơ sai lệch giữa các kỳ - thông tin hoạt động xử lý nợ xấu nội bảng,CB-TTXLDL,,,B,3,Đơn giản,,,,,
UC-0512,512,XLDL,THU THẬP XỬ LÝ DỮ LIỆU,Kiểm tra danh sách hồ sơ sai lệch giữa các kỳ - thông tin dư nợ tại VAMC,CB-TTXLDL,,,B,3,Đơn giản,,,,,
UC-0513,513,XLDL,THU THẬP XỬ LÝ DỮ LIỆU,Kiểm tra danh sách hồ sơ sai lệch giữa các kỳ - Kết quả tự phân loại nợ,CB-TTXLDL,,,B,3,Đơn giản,,,,,
UC-0514,514,XLDL,THU THẬP XỬ LÝ DỮ LIỆU,Xác nhận số liệu hồ sơ hợp lệ,CB-TTXLDL,,,B,3,Đơn giản,,,,,
UC-0515,515,XLDL,THU THẬP XỬ LÝ DỮ LIỆU,Lập yêu cầu tra soát bổ sung/điều chỉnh dữ liệu cho đơn vị - thông tin định danh khách hàng vay,CB-TTXLDL,,,B,4,Trung bình,,,,,
UC-0516,516,XLDL,THU THẬP XỬ LÝ DỮ LIỆU,Lập yêu cầu tra soát bổ sung/điều chỉnh dữ liệu cho đơn vị - thông tin về người có liên quan của khách hàng vay,CB-TTXLDL,,,B,4,Trung bình,,,,,
UC-0517,517,XLDL,THU THẬP XỬ LÝ DỮ LIỆU,Lập yêu cầu tra soát bổ sung/điều chỉnh dữ liệu cho đơn vị - thông tin tài chính khách hàng vay là doanh nghiệp,CB-TTXLDL,,,B,4,Trung bình,,,,,
UC-0518,518,XLDL,THU THẬP XỬ LÝ DỮ LIỆU,Lập yêu cầu tra soát bổ sung/điều chỉnh dữ liệu cho đơn vị - thông tin quan hệ tín dụng,CB-TTXLDL,,,B,4,Trung bình,,,,,
UC-0519,519,XLDL,THU THẬP XỬ LÝ DỮ LIỆU,Lập yêu cầu tra soát bổ sung/điều chỉnh dữ liệu cho đơn vị - thông tin thẻ tín dụng,CB-TTXLDL,,,B,4,Trung bình,,,,,
UC-0520,520,XLDL,THU THẬP XỬ LÝ DỮ LIỆU,"Lập yêu cầu tra soát bổ sung/điều chỉnh dữ liệu cho đơn vị - thông tin thống kê tình hình giải ngân, trả nợ của khách hàng",CB-TTXLDL,,,B,4,Trung bình,,,,,
UC-0521,521,XLDL,THU THẬP XỬ LÝ DỮ LIỆU,Lập yêu cầu tra soát bổ sung/điều chỉnh dữ liệu cho đơn vị - thông tin về biện pháp bảo đảm cấp tín dụng,CB-TTXLDL,,,B,4,Trung bình,,,,,
UC-0522,522,XLDL,THU THẬP XỬ LÝ DỮ LIỆU,Lập yêu cầu tra soát bổ sung/điều chỉnh dữ liệu cho đơn vị - thông tin mua và ủy thác mua trái phiếu doanh nghiệp (không bao gồm TCTD),CB-TTXLDL,,,B,4,Trung bình,,,,,
UC-0523,523,XLDL,THU THẬP XỬ LÝ DỮ LIỆU,Lập yêu cầu tra soát bổ sung/điều chỉnh dữ liệu cho đơn vị - thông tin hoạt động xử lý nợ xấu nội bảng,CB-TTXLDL,,,B,4,Trung bình,,,,,
UC-0524,524,XLDL,THU THẬP XỬ LÝ DỮ LIỆU,Lập yêu cầu tra soát bổ sung/điều chỉnh dữ liệu cho đơn vị - thông tin dư nợ tại VAMC,CB-TTXLDL,,,B,4,Trung bình,,,,,
UC-0525,525,XLDL,THU THẬP XỬ LÝ DỮ LIỆU,Lập yêu cầu tra soát bổ sung/điều chỉnh dữ liệu cho đơn vị - Kết quả tự phân loại nợ,CB-TTXLDL,,,B,4,Trung bình,,,,,
UC-0526,526,XLDL,THU THẬP XỬ LÝ DỮ LIỆU,Tra cứu cầu tra soát bổ sung/điều chỉnh dữ liệu cho đơn vị - Kết quả tự phân loại nợ,CB-TTXLDL,,,B,4,Trung bình,,,,,
UC-0527,527,XLDL,THU THẬP XỬ LÝ DỮ LIỆU,Gửi yêu cầu tra soát bổ sung/điều chỉnh dữ liệu cho đơn vị - thông tin định danh khách hàng vay,CB-TTXLDL,,,B,4,Trung bình,,,,,
UC-0528,528,XLDL,THU THẬP XỬ LÝ DỮ LIỆU,Gửi yêu cầu tra soát bổ sung/điều chỉnh dữ liệu cho đơn vị - thông tin về người có liên quan của khách hàng vay,CB-TTXLDL,,,B,4,Trung bình,,,,,
UC-0529,529,XLDL,THU THẬP XỬ LÝ DỮ LIỆU,Gửi yêu cầu tra soát bổ sung/điều chỉnh dữ liệu cho đơn vị - thông tin tài chính khách hàng vay là doanh nghiệp,CB-TTXLDL,,,B,4,Trung bình,,,,,
UC-0530,530,XLDL,THU THẬP XỬ LÝ DỮ LIỆU,Gửi yêu cầu tra soát bổ sung/điều chỉnh dữ liệu cho đơn vị - thông tin quan hệ tín dụng,CB-TTXLDL,,,B,4,Trung bình,,,,,
UC-0531,531,XLDL,THU THẬP XỬ LÝ DỮ LIỆU,Gửi yêu cầu tra soát bổ sung/điều chỉnh dữ liệu cho đơn vị - thông tin thẻ tín dụng,CB-TTXLDL,,,B,4,Trung bình,,,,,
UC-0532,532,XLDL,THU THẬP XỬ LÝ DỮ LIỆU,"Gửi yêu cầu tra soát bổ sung/điều chỉnh dữ liệu cho đơn vị - thông tin thống kê tình hình giải ngân, trả nợ của khách hàng",CB-TTXLDL,,,B,4,Trung bình,,,,,
UC-0533,533,XLDL,THU THẬP XỬ LÝ DỮ LIỆU,Gửi yêu cầu tra soát bổ sung/điều chỉnh dữ liệu cho đơn vị - thông tin về biện pháp bảo đảm cấp tín dụng,CB-TTXLDL,,,B,4,Trung bình,,,,,
UC-0534,534,XLDL,THU THẬP XỬ LÝ DỮ LIỆU,Gửi yêu cầu tra soát bổ sung/điều chỉnh dữ liệu cho đơn vị - thông tin mua và ủy thác mua trái phiếu doanh nghiệp (không bao gồm TCTD),CB-TTXLDL,,,B,4,Trung bình,,,,,
UC-0535,535,XLDL,THU THẬP XỬ LÝ DỮ LIỆU,Gửi yêu cầu tra soát bổ sung/điều chỉnh dữ liệu cho đơn vị - thông tin hoạt động xử lý nợ xấu nội bảng,CB-TTXLDL,,,B,4,Trung bình,,,,,
UC-0536,536,XLDL,THU THẬP XỬ LÝ DỮ LIỆU,Gửi yêu cầu tra soát bổ sung/điều chỉnh dữ liệu cho đơn vị - thông tin dư nợ tại VAMC,CB-TTXLDL,,,B,4,Trung bình,,,,,
UC-0537,537,XLDL,THU THẬP XỬ LÝ DỮ LIỆU,Gửi yêu cầu tra soát bổ sung/điều chỉnh dữ liệu cho đơn vị - Kết quả tự phân loại nợ,CB-TTXLDL,,,B,4,Trung bình,,,,,
UC-0538,538,XLDL,THU THẬP XỬ LÝ DỮ LIỆU,Xác nhận sai lệch số liệu hồ sơ - không hợp lệ,CB-TTXLDL,,,B,2,Đơn giản,,,,,
UC-0539,539,XLDL,THU THẬP XỬ LÝ DỮ LIỆU,Kiểm tra thông tin pháp lý của khách hàng - thông tin định danh khách hàng vay,Hệ thống,,,B,2,Đơn giản,1,,,,
UC-0540,540,XLDL,THU THẬP XỬ LÝ DỮ LIỆU,"Kiểm tra, đánh dấu khách hàng không có hồ sơ quan hệ tín dụng",Hệ thống,,,B,2,Đơn giản,1,,,,
UC-0541,541,XLDL,THU THẬP XỬ LÝ DỮ LIỆU,Tra cứu khách hàng không có hồ sơ quan hệ tín dụng,CB-TTXLDL,,,B,2,Đơn giản,,,,,
UC-0542,542,XLDL,THU THẬP XỬ LÝ DỮ LIỆU,Hệ thống cập nhật thông tin pháp lý thay đổi của khách hàng đã cấp mã CIC (thông tin thay đổi không quan trọng),Hệ thống,,,B,2,Đơn giản,1,,,,
UC-0543,543,XLDL,THU THẬP XỬ LÝ DỮ LIỆU,Thiết lập thông tin quan trọng về pháp lý của khác hàng,CB-TTXLDL/QTHT (Gọi chung là người dùng),,,B,3,Đơn giản,,,,,
UC-0544,544,XLDL,THU THẬP XỬ LÝ DỮ LIỆU,Tra cứu thông tin được đánh giá là quan trọng về pháp lý của khách hàng,CB-TTXLDL/QTHT (Gọi chung là người dùng),,,B,3,Đơn giản,,,,,
UC-0545,545,XLDL,THU THẬP XỬ LÝ DỮ LIỆU,Hệ thống đánh dấu hồ sơ thay đổi hồ sơ thay đổi thông tin quan trọng,CB-TTXLDL,,,B,2,Đơn giản,,,,,
UC-0546,546,XLDL,THU THẬP XỬ LÝ DỮ LIỆU,Hệ thống gửi thông báo cho cán bộ xem xét xử lý hồ sơ,Hệ thống,,,B,2,Đơn giản,1,,,,
UC-0547,547,XLDL,THU THẬP XỬ LÝ DỮ LIỆU,Tra cứu hồ sơ pháp lý có thay đổi thông tin quan trọng,CB-TTXLDL,,,B,3,Đơn giản,,,,,
UC-0548,548,XLDL,THU THẬP XỬ LÝ DỮ LIỆU,Từ chối tiếp nhận hồ sơ pháp lý,CB-TTXLDL,,,B,2,Đơn giản,,,,,
UC-0549,549,XLDL,THU THẬP XỬ LÝ DỮ LIỆU,Xác nhận hồ sơ xử lý thông tin pháp lý hợp lệ - thông tin định danh khách hàng vay,CB-TTXLDL,,,B,2,Đơn giản,,,,,
UC-0550,550,XLDL,THU THẬP XỬ LÝ DỮ LIỆU,Cập nhật thông tin pháp lý của khách hàng (thông tin quan trọng),CB-TTXLDL,,,B,2,Đơn giản,,,,,
UC-0551,551,XLDL,THU THẬP XỬ LÝ DỮ LIỆU,"Kiểm tra và đánh dấu khách hàng nghi ngờ trùng thông tin, cần gộp mã CIC",CB-TTXLDL,,,B,2,Đơn giản,,,,,
UC-0552,552,XLDL,THU THẬP XỬ LÝ DỮ LIỆU,"Tra cứu danh sách khách hàng nghi ngờ trùng thông tin, cần thực hiện gộp mã",CB-TTXLDL,,,B,3,Đơn giản,,,,,
UC-0553,553,XLDL,THU THẬP XỬ LÝ DỮ LIỆU,Kiểm tra trùng thông tin pháp lý của khách hàng,CB-TTXLDL,,,B,2,Đơn giản,,,,,
UC-0554,554,XLDL,THU THẬP XỬ LÝ DỮ LIỆU,Tra cứu danh sách khách hàng nghi ngờ trùng thông tin pháp lý,CB-TTXLDL,,,B,3,Đơn giản,,,,,
UC-0555,555,XLDL,THU THẬP XỬ LÝ DỮ LIỆU,Xác nhận khách hàng trùng thông tin pháp lý,CB-TTXLDL,,,B,2,Đơn giản,,,,,
UC-0556,556,XLDL,THU THẬP XỬ LÝ DỮ LIỆU,Xác nhận khách hàng không trùng thông tin pháp lý,CB-TTXLDL,,,B,2,Đơn giản,,,,,
UC-0557,557,XLDL,THU THẬP XỬ LÝ DỮ LIỆU,Kiểm tra mã CIC của khách hàng trùng thông tin,CB-TTXLDL,,,B,2,Đơn giản,,,,,
UC-0558,558,XLDL,THU THẬP XỬ LÝ DỮ LIỆU,Cấp mã CIC,Hệ thống,,,B,4,Trung bình,1,,,,
UC-0559,559,XLDL,THU THẬP XỬ LÝ DỮ LIỆU,Tra cứu mã CIC,CB-TTXLDL,,,B,3,Đơn giản,,,,,
UC-0560,560,XLDL,THU THẬP XỬ LÝ DỮ LIỆU,Gán mã CIC,Hệ thống,,,B,3,Đơn giản,1,,,,
UC-0561,561,XLDL,THU THẬP XỬ LÝ DỮ LIỆU,Cập nhật thông tin pháp lý của khách hàng (trong vùng dữ liệu chuẩn hóa),Hệ thống,,,B,2,Đơn giản,1,,,,
UC-0562,562,XLDL,THU THẬP XỬ LÝ DỮ LIỆU,Gộp mã CIC,CB-TTXLDL,,,B,4,Trung bình,,,,,
UC-0563,563,XLDL,THU THẬP XỬ LÝ DỮ LIỆU,Tách mã CIC,CB-TTXLDL,,,B,4,Trung bình,,,,,
UC-0564,564,XLDL,THU THẬP XỬ LÝ DỮ LIỆU,Gửi thông tin pháp lý cần xác thực sang hệ thống CSDL Quốc gia về dân cư - đơn lẻ từng khách hàng,CB-TTXLDL,,,B,2,Đơn giản,,,,,
UC-0565,565,XLDL,THU THẬP XỬ LÝ DỮ LIỆU,Gửi thông tin pháp lý cần xác thực sang hệ thống CSDL Quốc gia về dân cư - gửi theo lô,CB-TTXLDL,,,B,2,Đơn giản,,,,,
UC-0566,566,XLDL,THU THẬP XỬ LÝ DỮ LIỆU,Tiếp nhận phản hồi xác thực thông tin thành công,CB-TTXLDL,,,B,2,Đơn giản,,,,,
UC-0567,567,XLDL,THU THẬP XỬ LÝ DỮ LIỆU,Đánh dấu khách hàng đã được xác thực thông tin pháp lý từ C06,Hệ thống,,,B,2,Đơn giản,1,,,,
UC-0568,568,XLDL,THU THẬP XỬ LÝ DỮ LIỆU,Cập nhật thông tin định danh theo C06 theo thông tin định danh có trong dữ liệu phản hồi,Hệ thống,,,B,2,Đơn giản,1,,,,
UC-0569,569,XLDL,THU THẬP XỬ LÝ DỮ LIỆU,"Kiểm tra và đánh dấu khách hàng đã được cập nhật thông tin định danh theo dữ liệu phản hồi của C06 với khách hàng đã được cấp mã CIC khác mà nghi ngờ trùng thông tin, cần thực hiện gộp mã CIC",CB-TTXLDL,,,B,2,Đơn giản,,,,,
UC-0570,570,XLDL,THU THẬP XỬ LÝ DỮ LIỆU,"Kiểm tra danh sách khách hàng nghi ngờ trùng thông tin, cần thực hiện gộp mã",CB-TTXLDL,,,B,2,Đơn giản,,,,,
UC-0571,571,XLDL,THU THẬP XỬ LÝ DỮ LIỆU,Tiếp nhận phẩn hồi xác thực thông tin thất bại,Hệ thống,,,B,2,Đơn giản,1,,,,
UC-0572,572,XLDL,THU THẬP XỬ LÝ DỮ LIỆU,Đánh dấu khách hàng xác thực thông tin pháp lý từ C06 thất bại,Hệ thống,,,B,2,Đơn giản,1,,,,
UC-0573,573,XLDL,THU THẬP XỬ LÝ DỮ LIỆU,Kiểm tra danh sách thông tin pháp lý không thể xác thực thông tin từ C06,CB-TTXLDL,,,B,2,Đơn giản,,,,,
UC-0574,574,XLDL,THU THẬP XỬ LÝ DỮ LIỆU,Lập yêu cầu tra soát thông tin pháp lý cho đơn vị cung cấp thông tin,CB-TTXLDL,,,B,4,Trung bình,,,,,
UC-0575,575,XLDL,THU THẬP XỬ LÝ DỮ LIỆU,Tra cứu yêu cầu tra soát thông tin pháp lý cho đơn vị cung cấp thông tin,CB-TTXLDL,,,B,3,Đơn giản,,,,,
UC-0576,576,XLDL,THU THẬP XỬ LÝ DỮ LIỆU,Kiểm tra điều kiện tất toán khoản vay của khách hàng vay. Đánh dấu khách hàng tất toán khoản vay.,Hệ thống,,,B,2,Đơn giản,1,,,,
UC-0577,577,XLDL,THU THẬP XỬ LÝ DỮ LIỆU,Kiểm tra điều kiện tất toán trái phiếu. Đánh dấu khách hàng tất toán trái phiếu.,Hệ thống,,,B,2,Đơn giản,1,,,,
UC-0578,578,XLDL,THU THẬP XỬ LÝ DỮ LIỆU,Kiểm tra điều kiện đóng thẻ tín dụng. Đánh dấu khách hàng đóng thẻ tín dụng.,Hệ thống,,,B,2,Đơn giản,1,,,,
UC-0579,579,XLDL,THU THẬP XỬ LÝ DỮ LIỆU,Thiết lập điều kiện tự động tất toán khoản vay của khách hàng vay,CB-TTXLDL,,,B,4,Trung bình,,,,,
UC-0580,580,XLDL,THU THẬP XỬ LÝ DỮ LIỆU,Tra cứu điều kiện tự động tất toán khoản vay của khách hàng vay,CB-TTXLDL,,,B,3,Đơn giản,,,,,
UC-0581,581,XLDL,THU THẬP XỬ LÝ DỮ LIỆU,Thiết lập điều kiện tự động tất toán trái phiếu,CB-TTXLDL,,,B,4,Trung bình,,,,,
UC-0582,582,XLDL,THU THẬP XỬ LÝ DỮ LIỆU,Tra cứu điều kiện tự động tất toán trái phiếu,CB-TTXLDL,,,B,3,Đơn giản,,,,,
UC-0583,583,XLDL,THU THẬP XỬ LÝ DỮ LIỆU,Thiết lập điều kiện tự động đóng thẻ tín dụng,CB-TTXLDL,,,B,4,Trung bình,,,,,
UC-0584,584,XLDL,THU THẬP XỬ LÝ DỮ LIỆU,Tra cứu điều kiện tự động đóng thẻ tín dụng,CB-TTXLDL,,,B,3,Đơn giản,,,,,
UC-0585,585,XLDL,THU THẬP XỬ LÝ DỮ LIỆU,Tra cứu danh sách khách hàng vay đã tất toán,CB-TTXLDL,,,B,3,Đơn giản,,,,,
UC-0586,586,XLDL,THU THẬP XỬ LÝ DỮ LIỆU,Tra cứu danh sách khách hàng tất toán trái phiếu,CB-TTXLDL,,,B,3,Đơn giản,,,,,
UC-0587,587,XLDL,THU THẬP XỬ LÝ DỮ LIỆU,Tra cứu danh sách khách hàng đóng thẻ tín dụng,CB-TTXLDL,,,B,3,Đơn giản,,,,,
UC-0588,588,XLDL,THU THẬP XỬ LÝ DỮ LIỆU,Xác nhận khách hàng đủ điều kiện tất toán khoản vay,CB-TTXLDL,,,B,2,Đơn giản,,,,,
UC-0589,589,XLDL,THU THẬP XỬ LÝ DỮ LIỆU,Xác nhận khách hàng đủ điều kiện tất toán trái phiếu,CB-TTXLDL,,,B,2,Đơn giản,,,,,
UC-0590,590,XLDL,THU THẬP XỬ LÝ DỮ LIỆU,Xác nhận khách hàng đủ điều kiện đóng thẻ tín dụng,CB-TTXLDL,,,B,2,Đơn giản,,,,,
UC-0591,591,XLDL,THU THẬP XỬ LÝ DỮ LIỆU,Đánh dấu khách hàng tất toán khoản vay cần tra soát với đơn vị bên ngoài,CB-TTXLDL,,,B,2,Đơn giản,,,,,
UC-0592,592,XLDL,THU THẬP XỬ LÝ DỮ LIỆU,Đánh dấu khách hàng tất toán trái phiếu cần tra soát với đơn vị bên ngoài,CB-TTXLDL,,,B,2,Đơn giản,,,,,
UC-0593,593,XLDL,THU THẬP XỬ LÝ DỮ LIỆU,Đánh dấu khách hàng đóng thẻ tín dụng cần tra soát với đơn vị bên ngoài,CB-TTXLDL,,,B,2,Đơn giản,,,,,
UC-0594,594,XLDL,THU THẬP XỬ LÝ DỮ LIỆU,Lập lịch kiểm tra dữ liệu định kỳ - Kiểm tra 1 khách hàng có nhiều mã CIC,CB-TTXLDL,,,B,4,Trung bình,,,,,
UC-0595,595,XLDL,THU THẬP XỬ LÝ DỮ LIỆU,Lập lịch kiểm tra dữ liệu định kỳ - Kiểm tra 1 mã CIC được cấp cho nhiều khách hàng,CB-TTXLDL,,,B,4,Trung bình,,,,,
UC-0596,596,XLDL,THU THẬP XỬ LÝ DỮ LIỆU,Lập lịch kiểm tra dữ liệu định kỳ - Kiểm tra khách hàng có thông tin CIC_INFO không trùng với thông tin khách hàng tại TCTD,CB-TTXLDL,,,B,4,Trung bình,,,,,
UC-0597,597,XLDL,THU THẬP XỬ LÝ DỮ LIỆU,Tra cứu lịch kiểm tra dữ liệu định kỳ,CB-TTXLDL,,,B,2,Đơn giản,,,,,
UC-0598,598,XLDL,THU THẬP XỬ LÝ DỮ LIỆU,Kiểm tra dữ liệu định kỳ - Kiểm tra 1 khách hàng có nhiều mã CIC,Hệ thống,,,B,2,Đơn giản,1,,,,
UC-0599,599,XLDL,THU THẬP XỬ LÝ DỮ LIỆU,Kiểm tra dữ liệu định kỳ - Kiểm tra 1 mã CIC được cấp cho nhiều khách hàng,Hệ thống,,,B,2,Đơn giản,1,,,,
UC-0600,600,XLDL,THU THẬP XỬ LÝ DỮ LIỆU,Kiểm tra dữ liệu định kỳ - Kiểm tra khách hàng có thông tin CIC_INFO không trùng với thông tin khách hàng tại TCTD,Hệ thống,,,B,2,Đơn giản,1,,,,
UC-0601,601,XLDL,THU THẬP XỬ LÝ DỮ LIỆU,Lập danh sách dữ liệu có nghi ngờ sai lệch thông tin - một khách hàng có nhiều mã CIC,Hệ thống,,,B,4,Trung bình,1,,,,
UC-0602,602,XLDL,THU THẬP XỬ LÝ DỮ LIỆU,Lập danh sách dữ liệu có nghi ngờ sai lệch thông tin - một mã CIC được cấp cho nhiều khách hàng,Hệ thống,,,B,4,Trung bình,1,,,,
UC-0603,603,XLDL,THU THẬP XỬ LÝ DỮ LIỆU,Lập danh sách dữ liệu có nghi ngờ sai lệch thông tin - khách hàng có thông tin CIC_INFO không trùng với thông tin khách hàng tại TCTD,Hệ thống,,,B,4,Trung bình,1,,,,
UC-0604,604,XLDL,THU THẬP XỬ LÝ DỮ LIỆU,Gửi thông báo về nghi ngờ sai lệch thông tin - một khách hàng có nhiều mã CIC,Hệ thống,,,B,2,Đơn giản,1,,,,
UC-0605,605,XLDL,THU THẬP XỬ LÝ DỮ LIỆU,Gửi thông báo về nghi ngờ sai lệch thông tin - một mã CIC được cấp cho nhiều khách hàng,Hệ thống,,,B,2,Đơn giản,1,,,,
UC-0606,606,XLDL,THU THẬP XỬ LÝ DỮ LIỆU,Gửi thông báo về nghi ngờ sai lệch thông tin - khách hàng có thông tin CIC_INFO không trùng với thông tin khách hàng tại TCTD,Hệ thống,,,B,2,Đơn giản,1,,,,
UC-0607,607,XLDL,THU THẬP XỬ LÝ DỮ LIỆU,Tra cứu danh sách dữ liệu nghi ngờ sai lệch - một khách hàng có nhiều mã CIC,CB-TTXLDL,,,B,3,Đơn giản,,,,,
UC-0608,608,XLDL,THU THẬP XỬ LÝ DỮ LIỆU,Tra cứu danh sách dữ liệu nghi ngờ sai lệch - một mã CIC được cấp cho nhiều khách hàng,CB-TTXLDL,,,B,3,Đơn giản,,,,,
UC-0609,609,XLDL,THU THẬP XỬ LÝ DỮ LIỆU,Tra cứu danh sách dữ liệu nghi ngờ sai lệch - khách hàng có thông tin CIC_INFO không trùng với thông tin khách hàng tại TCTD,CB-TTXLDL,,,B,3,Đơn giản,,,,,
UC-0610,610,XLDL,THU THẬP XỬ LÝ DỮ LIỆU,Xác nhận dữ liệu hợp lệ - đối với dữ liệu nghi ngờ sai lệch thông tin - một khách hàng có nhiều mã CIC,CB-TTXLDL,,,B,2,Đơn giản,,,,,
UC-0611,611,XLDL,THU THẬP XỬ LÝ DỮ LIỆU,Xác nhận dữ liệu hợp lệ - đối với dữ liệu nghi ngờ sai lệch thông tin - một mã CIC được cấp cho nhiều khách hàng,CB-TTXLDL,,,B,2,Đơn giản,,,,,
UC-0612,612,XLDL,THU THẬP XỬ LÝ DỮ LIỆU,Xác nhận dữ liệu hợp lệ - đối với dữ liệu nghi ngờ sai lệch thông tin - khách hàng có thông tin CIC_INFO không trùng với thông tin khách hàng tại TCTD,CB-TTXLDL,,,B,2,Đơn giản,,,,,
UC-0613,613,XLDL,THU THẬP XỬ LÝ DỮ LIỆU,Đánh dấu dữ liệu cần điều chỉnh,CB-TTXLDL,,,B,2,Đơn giản,,,,,
UC-0614,614,XLDL,THU THẬP XỬ LÝ DỮ LIỆU,Xác thực CKS của file,Hệ thống,,,B,2,Đơn giản,1,,,,
UC-0615,615,XLDL,THU THẬP XỬ LÝ DỮ LIỆU,Lập đề nghị/yêu cầu điều chỉnh (có đính kèm văn bản có CKS),ĐVGBC/CB-TTXLDL,,,B,4,Trung bình,,,,,
UC-0616,616,XLDL,THU THẬP XỬ LÝ DỮ LIỆU,Tra cứu đề nghị điều chỉnh (Đơn vị lập trên Web),ĐVGBC/CB-TTXLDL,,,B,3,Đơn giản,,,,,
UC-0617,617,XLDL,THU THẬP XỬ LÝ DỮ LIỆU,Lập đề nghị điều chỉnh theo văn bản của đơn vị,CB-TTXLDL,,,B,4,Trung bình,,,,,
UC-0618,618,XLDL,THU THẬP XỬ LÝ DỮ LIỆU,Tra cứu đề nghị điều chỉnh,CB-TTXLDL,,,B,3,Đơn giản,,,,,
UC-0619,619,XLDL,THU THẬP XỬ LÝ DỮ LIỆU,Hệ thống tự động lập đề nghị điều chỉnh theo tệp điều chỉnh mà đơn vị gửi,Hệ thống,,,B,2,Đơn giản,1,,,,
UC-0620,620,XLDL,THU THẬP XỬ LÝ DỮ LIỆU,Tra cứu danh sách thông tin điều chỉnh,CB-TTXLDL,,,B,3,Đơn giản,,,,,
UC-0621,621,XLDL,THU THẬP XỬ LÝ DỮ LIỆU,Xác nhận đề nghị điều chỉnh hợp lệ,LĐ-TTXLDL,,,B,2,Đơn giản,,,,,
UC-0622,622,XLDL,THU THẬP XỬ LÝ DỮ LIỆU,Từ chối tiếp nhận đề nghị điều chỉnh,LĐ-TTXLDL,,,B,2,Đơn giản,,,,,
UC-0623,623,XLDL,THU THẬP XỬ LÝ DỮ LIỆU,Phân công cán bộ xử lý đề nghị điều chỉnh của đơn vị,Hệ thống,,,B,4,Trung bình,1,,,,
UC-0624,624,XLDL,THU THẬP XỬ LÝ DỮ LIỆU,Thiết lập tiêu chí phân công cán bộ xử lý tệp điều chỉnh,QTHT,,,B,4,Trung bình,,,,,
UC-0625,625,XLDL,THU THẬP XỬ LÝ DỮ LIỆU,Tra cứu thông tin phân công cán bộ xử lý tệp điều chỉnh,QTHT,,,B,3,Đơn giản,,,,,
UC-0626,626,XLDL,THU THẬP XỬ LÝ DỮ LIỆU,Kiểm tra đề nghị điều chỉnh,CB-TTXLDL,,,B,3,Đơn giản,,,,,
UC-0627,627,XLDL,THU THẬP XỬ LÝ DỮ LIỆU,Từ chối đề nghị điều chỉnh thuộc phân công của cán bộ,CB-TTXLDL,,,B,2,Đơn giản,,,,,
UC-0628,628,XLDL,THU THẬP XỬ LÝ DỮ LIỆU,Xác nhận tiếp nhận đề nghị điều chỉnh thuộc phân công của cán bộ,CB-TTXLDL,,,B,2,Đơn giản,,,,,
UC-0629,629,XLDL,THU THẬP XỬ LÝ DỮ LIỆU,Lập đề nghị kiểm tra dữ liệu điều chỉnh trường hợp - Tách mã CIC,CB-TTXLDL,,,B,4,Trung bình,,,,,
UC-0630,630,XLDL,THU THẬP XỬ LÝ DỮ LIỆU,Lập đề nghị kiểm tra dữ liệu điều chỉnh trường hợp - Gộp mã CIC,CB-TTXLDL,,,B,4,Trung bình,,,,,
UC-0631,631,XLDL,THU THẬP XỬ LÝ DỮ LIỆU,Lập đề nghị kiểm tra dữ liệu điều chỉnh trường hợp - Đổi mã KH,CB-TTXLDL,,,B,4,Trung bình,,,,,
UC-0632,632,XLDL,THU THẬP XỬ LÝ DỮ LIỆU,"Lập đề nghị kiểm tra dữ liệu điều chỉnh trường hợp - Điều chỉnh hồ sơ lỗi, có nghi ngờ cần xem xét",CB-TTXLDL,,,B,4,Trung bình,,,,,
UC-0633,633,XLDL,THU THẬP XỬ LÝ DỮ LIỆU,"Lập đề nghị kiểm tra dữ liệu điều chỉnh trường hợp - Đổi mã Chi nhánh, mã TCTD",CB-TTXLDL,,,B,4,Trung bình,,,,,
UC-0634,634,XLDL,THU THẬP XỬ LÝ DỮ LIỆU,Lập đề nghị kiểm tra dữ liệu điều chỉnh trường hợp - Điều chỉnh dữ liệu khác theo các tình huống nghiệp vụ phát sinh,CB-TTXLDL,,,B,4,Trung bình,,,,,
UC-0635,635,XLDL,THU THẬP XỬ LÝ DỮ LIỆU,Tra cứu đề nghị kiểm tra dữ liệu điều chỉnh,CB-TTXLDL,,,B,3,Đơn giản,,,,,
UC-0636,636,XLDL,THU THẬP XỬ LÝ DỮ LIỆU,Đề xuất hướng xử lý đề nghị điều chỉnh trường hợp - Tách mã CIC,CB-TTXLDL,,,B,4,Trung bình,,,,,
UC-0637,637,XLDL,THU THẬP XỬ LÝ DỮ LIỆU,Đề xuất hướng xử lý đề nghị điều chỉnh trường hợp - Gộp mã CIC,CB-TTXLDL,,,B,4,Trung bình,,,,,
UC-0638,638,XLDL,THU THẬP XỬ LÝ DỮ LIỆU,Đề xuất hướng xử lý đề nghị điều chỉnh trường hợp - Đổi mã KH,CB-TTXLDL,,,B,4,Trung bình,,,,,
UC-0639,639,XLDL,THU THẬP XỬ LÝ DỮ LIỆU,"Đề xuất hướng xử lý đề nghị điều chỉnh trường hợp - Điều chỉnh hồ sơ lỗi, có nghi ngờ cần xem xét",CB-TTXLDL,,,B,4,Trung bình,,,,,
UC-0640,640,XLDL,THU THẬP XỬ LÝ DỮ LIỆU,"Đề xuất hướng xử lý đề nghị điều chỉnh trường hợp - Đổi mã Chi nhánh, mã TCTD",CB-TTXLDL,,,B,4,Trung bình,,,,,
UC-0641,641,XLDL,THU THẬP XỬ LÝ DỮ LIỆU,Đề xuất hướng xử lý đề nghị điều chỉnh trường hợp - Điều chỉnh dữ liệu khác theo các tình huống nghiệp vụ phát sinh,CB-TTXLDL,,,B,4,Trung bình,,,,,
UC-0642,642,XLDL,THU THẬP XỬ LÝ DỮ LIỆU,Gửi lãnh đạo phòng nghiệp vụ kiểm tra đề nghị điều chỉnh trường hợp,CB-TTXLDL,,,B,2,Đơn giản,,,,,
UC-0643,643,XLDL,THU THẬP XỬ LÝ DỮ LIỆU,Kiểm tra nội dung đề nghị điều chỉnh trường hợp - Tách mã CIC,LĐ-TTXLDL,,,B,3,Đơn giản,,,,,
UC-0644,644,XLDL,THU THẬP XỬ LÝ DỮ LIỆU,Kiểm tra nội dung đề nghị điều chỉnh trường hợp - Gộp mã CIC,LĐ-TTXLDL,,,B,3,Đơn giản,,,,,
UC-0645,645,XLDL,THU THẬP XỬ LÝ DỮ LIỆU,Kiểm tra nội dung đề nghị điều chỉnh trường hợp - Đổi mã KH,LĐ-TTXLDL,,,B,3,Đơn giản,,,,,
UC-0646,646,XLDL,THU THẬP XỬ LÝ DỮ LIỆU,"Kiểm tra nội dung đề nghị điều chỉnh trường hợp - Điều chỉnh hồ sơ lỗi, có nghi ngờ cần xem xét",LĐ-TTXLDL,,,B,3,Đơn giản,,,,,
UC-0647,647,XLDL,THU THẬP XỬ LÝ DỮ LIỆU,"Kiểm tra nội dung đề nghị điều chỉnh trường hợp - Đổi mã Chi nhánh, mã TCTD",LĐ-TTXLDL,,,B,3,Đơn giản,,,,,
UC-0648,648,XLDL,THU THẬP XỬ LÝ DỮ LIỆU,Kiểm tra nội dung đề nghị điều chỉnh trường hợp - Điều chỉnh dữ liệu khác theo các tình huống nghiệp vụ phát sinh,LĐ-TTXLDL,,,B,3,Đơn giản,,,,,
UC-0649,649,XLDL,THU THẬP XỬ LÝ DỮ LIỆU,Từ chối gửi đề nghị điều chỉnh dữ liệu,LĐ-TTXLDL,,,B,2,Đơn giản,,,,,
UC-0650,650,XLDL,THU THẬP XỬ LÝ DỮ LIỆU,Xác nhận gửi đề nghị trường hợp điều chỉnh dữ liệu,LĐ-TTXLDL,,,B,2,Đơn giản,,,,,
UC-0651,651,XLDL,THU THẬP XỬ LÝ DỮ LIỆU,Kiểm tra đề nghị điều chỉnh dữ liệu trường hợp - Tách mã CIC,LĐ-TTXLDL,,,B,3,Đơn giản,,,,,
UC-0652,652,XLDL,THU THẬP XỬ LÝ DỮ LIỆU,Kiểm tra đề nghị điều chỉnh dữ liệu trường hợp - Gộp mã CIC,LĐ-TTXLDL,,,B,3,Đơn giản,,,,,
UC-0653,653,XLDL,THU THẬP XỬ LÝ DỮ LIỆU,Kiểm tra đề nghị điều chỉnh dữ liệu trường hợp - Đổi mã KH,LĐ-TTXLDL,,,B,3,Đơn giản,,,,,
UC-0654,654,XLDL,THU THẬP XỬ LÝ DỮ LIỆU,"Kiểm tra đề nghị điều chỉnh dữ liệu trường hợp - Điều chỉnh hồ sơ lỗi, có nghi ngờ cần xem xét",LĐ-TTXLDL,,,B,3,Đơn giản,,,,,
UC-0655,655,XLDL,THU THẬP XỬ LÝ DỮ LIỆU,"Kiểm tra đề nghị điều chỉnh dữ liệu trường hợp - Đổi mã Chi nhánh, mã TCTD",LĐ-TTXLDL,,,B,3,Đơn giản,,,,,
UC-0656,656,XLDL,THU THẬP XỬ LÝ DỮ LIỆU,Kiểm tra đề nghị điều chỉnh dữ liệu trường hợp - Điều chỉnh dữ liệu khác theo các tình huống nghiệp vụ phát sinh,LĐ-TTXLDL,,,B,3,Đơn giản,,,,,
UC-0657,657,XLDL,THU THẬP XỬ LÝ DỮ LIỆU,Từ chối đề nghị điều chỉnh dữ liệu trường hợp,LĐ-TTXLDL,,,B,2,Đơn giản,,,,,
UC-0658,658,XLDL,THU THẬP XỬ LÝ DỮ LIỆU,Phê duyệt đề nghị điều chỉnh dữ liệu trường hợp,LĐ-TTXLDL,,,B,2,Đơn giản,,,,,
UC-0659,659,XLDL,THU THẬP XỬ LÝ DỮ LIỆU,Phân công cán bộ xử lý đề nghị điều chỉnh cỉa phòng ban,LĐ-TTXLDL,,,B,3,Đơn giản,,,,,
UC-0660,660,XLDL,THU THẬP XỬ LÝ DỮ LIỆU,Lập phương án điều chỉnh đơn lẻ cho một đề nghị điều chỉnh dữ liệu,CB-KSDL,,,B,4,Trung bình,,,,,
UC-0661,661,XLDL,THU THẬP XỬ LÝ DỮ LIỆU,Lập nhiều phương án điều chỉnh cho cùng một đề nghị,Hệ thống,,,B,4,Trung bình,1,,,,
UC-0662,662,XLDL,THU THẬP XỬ LÝ DỮ LIỆU,Tra cứu phương án điều chỉnh dữ liệu,CB-KSDL,,,B,3,Đơn giản,,,,,
UC-0663,663,XLDL,THU THẬP XỬ LÝ DỮ LIỆU,Gửi phương án điều chỉnh dữ liệu,CB-KSDL,,,B,2,Đơn giản,,,,,
UC-0664,664,XLDL,THU THẬP XỬ LÝ DỮ LIỆU,Hệ thống kiểm tra nội dung điều chỉnh dữ liệu,Hệ thống,,,B,2,Đơn giản,1,,,,
UC-0665,665,XLDL,THU THẬP XỬ LÝ DỮ LIỆU,Hệ thống tự động từ chối phương án điều chỉnh dữ liệu,Hệ thống,,,B,2,Đơn giản,1,,,,
UC-0666,666,XLDL,THU THẬP XỬ LÝ DỮ LIỆU,Hệ thống tự động chuyển lãnh đạo phòng phê duyệt phương án,Hệ thống,,,B,2,Đơn giản,1,,,,
UC-0667,667,XLDL,THU THẬP XỬ LÝ DỮ LIỆU,Kiểm tra phương án điều chỉnh dữ liệu,LĐ-TTXLDL,,,B,3,Đơn giản,,,,,
UC-0668,668,XLDL,THU THẬP XỬ LÝ DỮ LIỆU,Từ chối phương án điều chỉnh dữ liệu,LĐ-TTXLDL,,,B,2,Đơn giản,,,,,
UC-0669,669,XLDL,THU THẬP XỬ LÝ DỮ LIỆU,Phê duyệt phương án điều chỉnh dữ liệu,LĐ-TTXLDL,,,B,2,Đơn giản,,,,,
UC-0670,670,XLDL,THU THẬP XỬ LÝ DỮ LIỆU,Kiểm tra nội dung điều chỉnh giữa phương án điều chỉnh và dữ liệu được điều chỉnh,CB-TTXLDL,,,B,3,Đơn giản,,,,,
UC-0671,671,XLDL,THU THẬP XỬ LÝ DỮ LIỆU,Từ chối nội dung điều chỉnh,CB-TTXLDL,,,B,2,Đơn giản,,,,,
UC-0672,672,XLDL,THU THẬP XỬ LÝ DỮ LIỆU,Xác nhận nội dung điều chỉnh,CB-TTXLDL,,,B,2,Đơn giản,,,,,
UC-0673,673,XLDL,THU THẬP XỬ LÝ DỮ LIỆU,Cập nhật dữ liệu sau khi điều chỉnh vào kho chuẩn,Hệ thống,,,B,2,Đơn giản,1,,,,
UC-0674,674,XLDL,THU THẬP XỬ LÝ DỮ LIỆU,Đăng ký CKS và thẩm quyền ký văn bản,ĐVGBC,,,B,4,Trung bình,,,,,
UC-0675,675,XLDL,THU THẬP XỬ LÝ DỮ LIỆU,Tra cứu thông tin đăng ký CKS và thẩm quyền ký văn bản,ĐVGBC,,,B,3,Đơn giản,,,,,
UC-0676,676,XLDL,THU THẬP XỬ LÝ DỮ LIỆU,Gửi phê duyệt thông tin đăng ký CKS và thẩm quyền ký văn bản,ĐVGBC,,,B,3,Đơn giản,,,,,
UC-0677,677,XLDL,THU THẬP XỬ LÝ DỮ LIỆU,Tra cứu thông tin đăng ký đăng ký thẩm quyền - Core,CB-TTXLDL,,,B,3,Đơn giản,,,,,
UC-0678,678,XLDL,THU THẬP XỬ LÝ DỮ LIỆU,Từ chối duyệt đăng ký CKS và thẩm quyền ký văn bản,CB-TTXLDL,,,B,2,Đơn giản,,,,,
UC-0679,679,XLDL,THU THẬP XỬ LÝ DỮ LIỆU,Phê duyệt thông tin đăng ký CKS và thẩm quyền ký văn bản,CB-TTXLDL,,,B,2,Đơn giản,,,,,
UC-0680,680,XLDL,THU THẬP XỬ LÝ DỮ LIỆU,Kiểm tra dữ liệu phục vụ tạo lập sản phẩm TTTD đối với - thông tin định danh khách hàng vay,CB-TTXLDL,,,B,3,Đơn giản,,,,,
UC-0681,681,XLDL,THU THẬP XỬ LÝ DỮ LIỆU,Kiểm tra dữ liệu phục vụ tạo lập sản phẩm TTTD đối với - thông tin về người có liên quan của khách hàng vay,CB-TTXLDL,,,B,3,Đơn giản,,,,,
UC-0682,682,XLDL,THU THẬP XỬ LÝ DỮ LIỆU,Kiểm tra dữ liệu phục vụ tạo lập sản phẩm TTTD đối với - thông tin tài chính khách hàng vay là doanh nghiệp,CB-TTXLDL,,,B,3,Đơn giản,,,,,
UC-0683,683,XLDL,THU THẬP XỬ LÝ DỮ LIỆU,Kiểm tra dữ liệu phục vụ tạo lập sản phẩm TTTD đối với - thông tin quan hệ tín dụng,CB-TTXLDL,,,B,3,Đơn giản,,,,,
UC-0684,684,XLDL,THU THẬP XỬ LÝ DỮ LIỆU,Kiểm tra dữ liệu phục vụ tạo lập sản phẩm TTTD đối với - thông tin thẻ tín dụng,CB-TTXLDL,,,B,3,Đơn giản,,,,,
UC-0685,685,XLDL,THU THẬP XỬ LÝ DỮ LIỆU,"Kiểm tra dữ liệu phục vụ tạo lập sản phẩm TTTD đối với - thông tin thống kê tình hình giải ngân, trả nợ của khách hàng",CB-TTXLDL,,,B,3,Đơn giản,,,,,
UC-0686,686,XLDL,THU THẬP XỬ LÝ DỮ LIỆU,Kiểm tra dữ liệu phục vụ tạo lập sản phẩm TTTD đối với - thông tin về biện pháp bảo đảm cấp tín dụng,CB-TTXLDL,,,B,3,Đơn giản,,,,,
UC-0687,687,XLDL,THU THẬP XỬ LÝ DỮ LIỆU,Kiểm tra dữ liệu phục vụ tạo lập sản phẩm TTTD đối với - thông tin mua và ủy thác mua trái phiếu doanh nghiệp (không bao gồm TCTD),CB-TTXLDL,,,B,3,Đơn giản,,,,,
UC-0688,688,XLDL,THU THẬP XỬ LÝ DỮ LIỆU,Kiểm tra dữ liệu phục vụ tạo lập sản phẩm TTTD đối với - thông tin hoạt động xử lý nợ xấu nội bảng,CB-TTXLDL,,,B,3,Đơn giản,,,,,
UC-0689,689,XLDL,THU THẬP XỬ LÝ DỮ LIỆU,Kiểm tra dữ liệu phục vụ tạo lập sản phẩm TTTD đối với - thông tin dư nợ tại VAMC,CB-TTXLDL,,,B,3,Đơn giản,,,,,
UC-0690,690,XLDL,THU THẬP XỬ LÝ DỮ LIỆU,Kiểm tra dữ liệu phục vụ tạo lập sản phẩm TTTD đối với - Kết quả tự phân loại nợ,CB-TTXLDL,,,B,3,Đơn giản,,,,,
UC-0691,691,XLDL,THU THẬP XỬ LÝ DỮ LIỆU,Xác nhận sản phẩm đủ điều kiện tạo lập sản phẩm TTTD,CB-TTXLDL,,,B,2,Đơn giản,,,,,
UC-0692,692,XLDL,THU THẬP XỬ LÝ DỮ LIỆU,Thiết lập kênh kết nối với nguồn cung cấp tỷ giá tiền tệ,LĐ-TTXLDL,,,B,4,Trung bình,,,,,
UC-0693,693,XLDL,THU THẬP XỬ LÝ DỮ LIỆU,Tra cứu thông tin thiết lập nguồn cung cấp tỷ giá tiền tệ,LĐ-TTXLDL,,,B,3,Đơn giản,,,,,
UC-0694,694,XLDL,THU THẬP XỬ LÝ DỮ LIỆU,Thiết lập lịch đồng bộ thông tin tỷ giá tiền tệ,LĐ-TTXLDL,,,B,4,Trung bình,,,,,
UC-0695,695,XLDL,THU THẬP XỬ LÝ DỮ LIỆU,Tra cứu lịch đồng bộ thông tin tỷ giá tiền tệ,LĐ-TTXLDL,,,B,3,Đơn giản,,,,,
UC-0696,696,XLDL,THU THẬP XỬ LÝ DỮ LIỆU,Đồng bộ tỷ giá tiền tệ,Hệ thống,,,B,3,Đơn giản,1,,,,
UC-0697,697,XLDL,THU THẬP XỬ LÝ DỮ LIỆU,Quản lý thông tin tỷ giá tiền tệ,CB-TTXLDL,,,B,4,Trung bình,,,,,
UC-0698,698,XLDL,THU THẬP XỬ LÝ DỮ LIỆU,Tra cứu thông tin tỷ giá tiền tệ,CB-TTXLDL,,,B,3,Đơn giản,,,,,
UC-0699,699,XLDL,THU THẬP XỬ LÝ DỮ LIỆU,Tra cứu thông tin tỷ giá tiền tệ giữa các nguồn,CB-TTXLDL,,,B,3,Đơn giản,,,,,
UC-0700,700,XLDL,THU THẬP XỬ LÝ DỮ LIỆU,Từ chối thông tin tỷ giá tiền tệ,CB-TTXLDL,,,B,2,Đơn giản,,,,,
UC-0701,701,XLDL,THU THẬP XỬ LÝ DỮ LIỆU,Xác nhận thông tin tỷ giá tiền tệ,CB-TTXLDL,,,B,2,Đơn giản,,,,,
UC-0702,702,XLDL,THU THẬP XỬ LÝ DỮ LIỆU,Phê duyệt thông tin tỷ giá tiền tệ,LĐ-TTXLDL,,,B,2,Đơn giản,,,,,
UC-0703,703,XLDL,THU THẬP XỬ LÝ DỮ LIỆU,Quản lý thông tin về danh mục file cần gửi của TCTD,QTHT,,,B,4,Trung bình,,,,,
UC-0704,704,XLDL,THU THẬP XỬ LÝ DỮ LIỆU,Tra cứu thông tin về danh mục file cần gửi của TCTD,QTHT,,,B,3,Đơn giản,,,,,
UC-0705,705,XLDL,THU THẬP XỬ LÝ DỮ LIỆU,Hiệu lực/Hết hiệu lực danh mục file cần gửi của TCTD,QTHT,,,B,3,Đơn giản,,,,,
UC-0706,706,XLDL,THU THẬP XỬ LÝ DỮ LIỆU,"Thực hiện tổng hợp, đối soát file nhận/gửi của TCTD",QTHT,,,B,4,Trung bình,,,,,
UC-0707,707,XLDL,THU THẬP XỬ LÝ DỮ LIỆU,Tra cứu thông tin đối soát về thông tin tuân thủ thời gian file nhận/gửi của TCTD,QTHT,,,B,3,Đơn giản,,,,,
UC-0708,708,XLDL,THU THẬP XỬ LÝ DỮ LIỆU,Tra cứu thông tin đối soát về thông tin số lượng file nhận/gửi theo uy định của TCTD,QTHT,,,B,3,Đơn giản,,,,,
UC-0709,709,XLDL,THU THẬP XỬ LÝ DỮ LIỆU,Hệ thống tự động gửi mail kết quả đối soát có sai lệch đến TCTD,QTHT,,,B,2,Đơn giản,,,,,
UC-0710,710,XLDL,THU THẬP XỬ LÝ DỮ LIỆU,Tra cứu email kết quả đối soát có sai lệch đến TCTD,QTHT,,,B,3,Đơn giản,,,,,
UC-0711,711,KSDL,KIỂM SOÁT VÀ QUẢN TRỊ CƠ SỞ DỮ LIỆU,Kiểm soát chất lượng dữ liệu - thông tin định danh khách hàng vay,Hệ thống,,,B,2,Đơn giản,1,,,,
UC-0712,712,KSDL,KIỂM SOÁT VÀ QUẢN TRỊ CƠ SỞ DỮ LIỆU,Kiểm soát chất lượng dữ liệu - thông tin về người có liên quan của khách hàng vay,Hệ thống,,,B,2,Đơn giản,1,,,,
UC-0713,713,KSDL,KIỂM SOÁT VÀ QUẢN TRỊ CƠ SỞ DỮ LIỆU,Kiểm soát chất lượng dữ liệu - thông tin tài chính khách hàng vay là doanh nghiệp,Hệ thống,,,B,2,Đơn giản,1,,,,
UC-0714,714,KSDL,KIỂM SOÁT VÀ QUẢN TRỊ CƠ SỞ DỮ LIỆU,Kiểm soát chất lượng dữ liệu - thông tin quan hệ tín dụng,Hệ thống,,,B,2,Đơn giản,1,,,,
UC-0715,715,KSDL,KIỂM SOÁT VÀ QUẢN TRỊ CƠ SỞ DỮ LIỆU,Kiểm soát chất lượng dữ liệu - thông tin thẻ tín dụng,Hệ thống,,,B,2,Đơn giản,1,,,,
UC-0716,716,KSDL,KIỂM SOÁT VÀ QUẢN TRỊ CƠ SỞ DỮ LIỆU,"Kiểm soát chất lượng dữ liệu - thông tin thống kê tình hình giải ngân, trả nợ của khách hàng",Hệ thống,,,B,2,Đơn giản,1,,,,
UC-0717,717,KSDL,KIỂM SOÁT VÀ QUẢN TRỊ CƠ SỞ DỮ LIỆU,Kiểm soát chất lượng dữ liệu - thông tin về biện pháp bảo đảm cấp tín dụng,Hệ thống,,,B,2,Đơn giản,1,,,,
UC-0718,718,KSDL,KIỂM SOÁT VÀ QUẢN TRỊ CƠ SỞ DỮ LIỆU,Kiểm soát chất lượng dữ liệu - thông tin mua và ủy thác mua trái phiếu doanh nghiệp (không bao gồm TCTD),Hệ thống,,,B,2,Đơn giản,1,,,,
UC-0719,719,KSDL,KIỂM SOÁT VÀ QUẢN TRỊ CƠ SỞ DỮ LIỆU,Kiểm soát chất lượng dữ liệu - thông tin hoạt động xử lý nợ xấu nội bảng,Hệ thống,,,B,2,Đơn giản,1,,,,
UC-0720,720,KSDL,KIỂM SOÁT VÀ QUẢN TRỊ CƠ SỞ DỮ LIỆU,Kiểm soát chất lượng dữ liệu - thông tin dư nợ tại VAMC,Hệ thống,,,B,2,Đơn giản,1,,,,
UC-0721,721,KSDL,KIỂM SOÁT VÀ QUẢN TRỊ CƠ SỞ DỮ LIỆU,Kiểm soát chất lượng dữ liệu - Kết quả tự phân loại nợ,Hệ thống,,,B,2,Đơn giản,1,,,,
UC-0722,722,KSDL,KIỂM SOÁT VÀ QUẢN TRỊ CƠ SỞ DỮ LIỆU,Thiết lập nguyên tắc tự động kiểm soát chất lượng dữ liệu,CB-KSDL/QTHT (gọi chung là người dùng),,,B,4,Trung bình,,,,,
UC-0723,723,KSDL,KIỂM SOÁT VÀ QUẢN TRỊ CƠ SỞ DỮ LIỆU,Tra cứu nguyên tắc tự động kiểm soát chất lượng dư liệu,CB-KSDL/QTHT (gọi chung là người dùng),,,B,3,Đơn giản,,,,,
UC-0724,724,KSDL,KIỂM SOÁT VÀ QUẢN TRỊ CƠ SỞ DỮ LIỆU,Tra cứu dữ liệu nghi ngờ - thông tin định danh khách hàng vay,CB-KSDL,,,B,3,Đơn giản,,,,,
UC-0725,725,KSDL,KIỂM SOÁT VÀ QUẢN TRỊ CƠ SỞ DỮ LIỆU,Tra cứu dữ liệu nghi ngờ - thông tin về người có liên quan của khách hàng vay,CB-KSDL,,,B,3,Đơn giản,,,,,
UC-0726,726,KSDL,KIỂM SOÁT VÀ QUẢN TRỊ CƠ SỞ DỮ LIỆU,Tra cứu dữ liệu nghi ngờ - thông tin tài chính khách hàng vay là doanh nghiệp,CB-KSDL,,,B,3,Đơn giản,,,,,
UC-0727,727,KSDL,KIỂM SOÁT VÀ QUẢN TRỊ CƠ SỞ DỮ LIỆU,Tra cứu dữ liệu nghi ngờ - thông tin quan hệ tín dụng,CB-KSDL,,,B,3,Đơn giản,,,,,
UC-0728,728,KSDL,KIỂM SOÁT VÀ QUẢN TRỊ CƠ SỞ DỮ LIỆU,Tra cứu dữ liệu nghi ngờ - thông tin thẻ tín dụng,CB-KSDL,,,B,3,Đơn giản,,,,,
UC-0729,729,KSDL,KIỂM SOÁT VÀ QUẢN TRỊ CƠ SỞ DỮ LIỆU,"Tra cứu dữ liệu nghi ngờ - thông tin thống kê tình hình giải ngân, trả nợ của khách hàng",CB-KSDL,,,B,3,Đơn giản,,,,,
UC-0730,730,KSDL,KIỂM SOÁT VÀ QUẢN TRỊ CƠ SỞ DỮ LIỆU,Tra cứu dữ liệu nghi ngờ - thông tin về biện pháp bảo đảm cấp tín dụng,CB-KSDL,,,B,3,Đơn giản,,,,,
UC-0731,731,KSDL,KIỂM SOÁT VÀ QUẢN TRỊ CƠ SỞ DỮ LIỆU,Tra cứu dữ liệu nghi ngờ - thông tin mua và ủy thác mua trái phiếu doanh nghiệp (không bao gồm TCTD),CB-KSDL,,,B,3,Đơn giản,,,,,
UC-0732,732,KSDL,KIỂM SOÁT VÀ QUẢN TRỊ CƠ SỞ DỮ LIỆU,Tra cứu dữ liệu nghi ngờ - thông tin hoạt động xử lý nợ xấu nội bảng,CB-KSDL,,,B,3,Đơn giản,,,,,
UC-0733,733,KSDL,KIỂM SOÁT VÀ QUẢN TRỊ CƠ SỞ DỮ LIỆU,Tra cứu dữ liệu nghi ngờ - thông tin dư nợ tại VAMC,CB-KSDL,,,B,3,Đơn giản,,,,,
UC-0734,734,KSDL,KIỂM SOÁT VÀ QUẢN TRỊ CƠ SỞ DỮ LIỆU,Tra cứu dữ liệu nghi ngờ - Kết quả tự phân loại nợ,CB-KSDL,,,B,3,Đơn giản,,,,,
UC-0735,735,KSDL,KIỂM SOÁT VÀ QUẢN TRỊ CƠ SỞ DỮ LIỆU,Chuyển xem xét dữ liệu có nghi ngờ,CB-KSDL,,,B,2,Đơn giản,,,,,
UC-0736,736,KSDL,KIỂM SOÁT VÀ QUẢN TRỊ CƠ SỞ DỮ LIỆU,Xác nhận dữ liệu hợp lệ sau kiểm soát,CB-KSDL,,,B,2,Đơn giản,,,,,
UC-0737,737,KSDL,KIỂM SOÁT VÀ QUẢN TRỊ CƠ SỞ DỮ LIỆU,Kiểm tra dữ liệu sau kiểm soát có nghi ngờ sai sót - thông tin định danh khách hàng vay,CB-KSDL,,,B,3,Đơn giản,,,,,
UC-0738,738,KSDL,KIỂM SOÁT VÀ QUẢN TRỊ CƠ SỞ DỮ LIỆU,Kiểm tra dữ liệu sau kiểm soát có nghi ngờ sai sót - thông tin về người có liên quan của khách hàng vay,CB-KSDL,,,B,3,Đơn giản,,,,,
UC-0739,739,KSDL,KIỂM SOÁT VÀ QUẢN TRỊ CƠ SỞ DỮ LIỆU,Kiểm tra dữ liệu sau kiểm soát có nghi ngờ sai sót - thông tin tài chính khách hàng vay là doanh nghiệp,CB-KSDL,,,B,3,Đơn giản,,,,,
UC-0740,740,KSDL,KIỂM SOÁT VÀ QUẢN TRỊ CƠ SỞ DỮ LIỆU,Kiểm tra dữ liệu sau kiểm soát có nghi ngờ sai sót - thông tin quan hệ tín dụng,CB-KSDL,,,B,3,Đơn giản,,,,,
UC-0741,741,KSDL,KIỂM SOÁT VÀ QUẢN TRỊ CƠ SỞ DỮ LIỆU,Kiểm tra dữ liệu sau kiểm soát có nghi ngờ sai sót - thông tin thẻ tín dụng,CB-KSDL,,,B,3,Đơn giản,,,,,
UC-0742,742,KSDL,KIỂM SOÁT VÀ QUẢN TRỊ CƠ SỞ DỮ LIỆU,"Kiểm tra dữ liệu sau kiểm soát có nghi ngờ sai sót - thông tin thống kê tình hình giải ngân, trả nợ của khách hàng",CB-KSDL,,,B,3,Đơn giản,,,,,
UC-0743,743,KSDL,KIỂM SOÁT VÀ QUẢN TRỊ CƠ SỞ DỮ LIỆU,Kiểm tra dữ liệu sau kiểm soát có nghi ngờ sai sót - thông tin về biện pháp bảo đảm cấp tín dụng,CB-KSDL,,,B,3,Đơn giản,,,,,
UC-0744,744,KSDL,KIỂM SOÁT VÀ QUẢN TRỊ CƠ SỞ DỮ LIỆU,Kiểm tra dữ liệu sau kiểm soát có nghi ngờ sai sót - thông tin mua và ủy thác mua trái phiếu doanh nghiệp (không bao gồm TCTD),CB-KSDL,,,B,3,Đơn giản,,,,,
UC-0745,745,KSDL,KIỂM SOÁT VÀ QUẢN TRỊ CƠ SỞ DỮ LIỆU,Kiểm tra dữ liệu sau kiểm soát có nghi ngờ sai sót - thông tin hoạt động xử lý nợ xấu nội bảng,CB-KSDL,,,B,3,Đơn giản,,,,,
UC-0746,746,KSDL,KIỂM SOÁT VÀ QUẢN TRỊ CƠ SỞ DỮ LIỆU,Kiểm tra dữ liệu sau kiểm soát có nghi ngờ sai sót - thông tin dư nợ tại VAMC,CB-KSDL,,,B,3,Đơn giản,,,,,
UC-0747,747,KSDL,KIỂM SOÁT VÀ QUẢN TRỊ CƠ SỞ DỮ LIỆU,Kiểm tra dữ liệu sau kiểm soát có nghi ngờ sai sót - Kết quả tự phân loại nợ,CB-KSDL,,,B,3,Đơn giản,,,,,
UC-0748,748,KSDL,KIỂM SOÁT VÀ QUẢN TRỊ CƠ SỞ DỮ LIỆU,Kiểm tra chất lượng kiểm soát dữ liệu đã được xác nhận - thông tin định danh khách hàng vay,LĐP-KSDL,,,B,3,Đơn giản,,,,,
UC-0749,749,KSDL,KIỂM SOÁT VÀ QUẢN TRỊ CƠ SỞ DỮ LIỆU,Kiểm tra chất lượng kiểm soát dữ liệu đã được xác nhận - thông tin về người có liên quan của khách hàng vay,LĐP-KSDL,,,B,3,Đơn giản,,,,,
UC-0750,750,KSDL,KIỂM SOÁT VÀ QUẢN TRỊ CƠ SỞ DỮ LIỆU,Kiểm tra chất lượng kiểm soát dữ liệu đã được xác nhận - thông tin tài chính khách hàng vay là doanh nghiệp,LĐP-KSDL,,,B,3,Đơn giản,,,,,
UC-0751,751,KSDL,KIỂM SOÁT VÀ QUẢN TRỊ CƠ SỞ DỮ LIỆU,Kiểm tra chất lượng kiểm soát dữ liệu đã được xác nhận - thông tin quan hệ tín dụng,LĐP-KSDL,,,B,3,Đơn giản,,,,,
UC-0752,752,KSDL,KIỂM SOÁT VÀ QUẢN TRỊ CƠ SỞ DỮ LIỆU,Kiểm tra chất lượng kiểm soát dữ liệu đã được xác nhận - thông tin thẻ tín dụng,LĐP-KSDL,,,B,3,Đơn giản,,,,,
UC-0753,753,KSDL,KIỂM SOÁT VÀ QUẢN TRỊ CƠ SỞ DỮ LIỆU,"Kiểm tra chất lượng kiểm soát dữ liệu đã được xác nhận - thông tin thống kê tình hình giải ngân, trả nợ của khách hàng",LĐP-KSDL,,,B,3,Đơn giản,,,,,
UC-0754,754,KSDL,KIỂM SOÁT VÀ QUẢN TRỊ CƠ SỞ DỮ LIỆU,Kiểm tra chất lượng kiểm soát dữ liệu đã được xác nhận - thông tin về biện pháp bảo đảm cấp tín dụng,LĐP-KSDL,,,B,3,Đơn giản,,,,,
UC-0755,755,KSDL,KIỂM SOÁT VÀ QUẢN TRỊ CƠ SỞ DỮ LIỆU,Kiểm tra chất lượng kiểm soát dữ liệu đã được xác nhận - thông tin mua và ủy thác mua trái phiếu doanh nghiệp (không bao gồm TCTD),LĐP-KSDL,,,B,3,Đơn giản,,,,,
UC-0756,756,KSDL,KIỂM SOÁT VÀ QUẢN TRỊ CƠ SỞ DỮ LIỆU,Kiểm tra chất lượng kiểm soát dữ liệu đã được xác nhận - thông tin hoạt động xử lý nợ xấu nội bảng,LĐP-KSDL,,,B,3,Đơn giản,,,,,
UC-0757,757,KSDL,KIỂM SOÁT VÀ QUẢN TRỊ CƠ SỞ DỮ LIỆU,Kiểm tra chất lượng kiểm soát dữ liệu đã được xác nhận - thông tin dư nợ tại VAMC,LĐP-KSDL,,,B,3,Đơn giản,,,,,
UC-0758,758,KSDL,KIỂM SOÁT VÀ QUẢN TRỊ CƠ SỞ DỮ LIỆU,Kiểm tra chất lượng kiểm soát dữ liệu đã được xác nhận - Kết quả tự phân loại nợ,LĐP-KSDL,,,B,3,Đơn giản,,,,,
UC-0759,759,KSDL,KIỂM SOÁT VÀ QUẢN TRỊ CƠ SỞ DỮ LIỆU,Từ chối xác nhận dữ liệu,LĐP-KSDL,,,B,2,Đơn giản,,,,,
UC-0760,760,KSDL,KIỂM SOÁT VÀ QUẢN TRỊ CƠ SỞ DỮ LIỆU,Phê duyệt xác nhận dữ liệu,LĐP-KSDL,,,B,2,Đơn giản,,,,,
UC-0761,761,KSDL,KIỂM SOÁT VÀ QUẢN TRỊ CƠ SỞ DỮ LIỆU,Hệ thống tự động xác nhận dữ liệu sau kiểm soát - thông tin định danh khách hàng vay,Hệ thống,,,B,2,Đơn giản,1,,,,
UC-0762,762,KSDL,KIỂM SOÁT VÀ QUẢN TRỊ CƠ SỞ DỮ LIỆU,Hệ thống tự động xác nhận dữ liệu sau kiểm soát - thông tin về người có liên quan của khách hàng vay,Hệ thống,,,B,2,Đơn giản,1,,,,
UC-0763,763,KSDL,KIỂM SOÁT VÀ QUẢN TRỊ CƠ SỞ DỮ LIỆU,Hệ thống tự động xác nhận dữ liệu sau kiểm soát - thông tin tài chính khách hàng vay là doanh nghiệp,Hệ thống,,,B,2,Đơn giản,1,,,,
UC-0764,764,KSDL,KIỂM SOÁT VÀ QUẢN TRỊ CƠ SỞ DỮ LIỆU,Hệ thống tự động xác nhận dữ liệu sau kiểm soát - thông tin quan hệ tín dụng,Hệ thống,,,B,2,Đơn giản,1,,,,
UC-0765,765,KSDL,KIỂM SOÁT VÀ QUẢN TRỊ CƠ SỞ DỮ LIỆU,Hệ thống tự động xác nhận dữ liệu sau kiểm soát - thông tin thẻ tín dụng,Hệ thống,,,B,2,Đơn giản,1,,,,
UC-0766,766,KSDL,KIỂM SOÁT VÀ QUẢN TRỊ CƠ SỞ DỮ LIỆU,"Hệ thống tự động xác nhận dữ liệu sau kiểm soát - thông tin thống kê tình hình giải ngân, trả nợ của khách hàng",Hệ thống,,,B,2,Đơn giản,1,,,,
UC-0767,767,KSDL,KIỂM SOÁT VÀ QUẢN TRỊ CƠ SỞ DỮ LIỆU,Hệ thống tự động xác nhận dữ liệu sau kiểm soát - thông tin về biện pháp bảo đảm cấp tín dụng,Hệ thống,,,B,2,Đơn giản,1,,,,
UC-0768,768,KSDL,KIỂM SOÁT VÀ QUẢN TRỊ CƠ SỞ DỮ LIỆU,Hệ thống tự động xác nhận dữ liệu sau kiểm soát - thông tin mua và ủy thác mua trái phiếu doanh nghiệp (không bao gồm TCTD),Hệ thống,,,B,2,Đơn giản,1,,,,
UC-0769,769,KSDL,KIỂM SOÁT VÀ QUẢN TRỊ CƠ SỞ DỮ LIỆU,Hệ thống tự động xác nhận dữ liệu sau kiểm soát - thông tin hoạt động xử lý nợ xấu nội bảng,Hệ thống,,,B,2,Đơn giản,1,,,,
UC-0770,770,KSDL,KIỂM SOÁT VÀ QUẢN TRỊ CƠ SỞ DỮ LIỆU,Hệ thống tự động xác nhận dữ liệu sau kiểm soát - thông tin dư nợ tại VAMC,Hệ thống,,,B,2,Đơn giản,1,,,,
UC-0771,771,KSDL,KIỂM SOÁT VÀ QUẢN TRỊ CƠ SỞ DỮ LIỆU,Hệ thống tự động xác nhận dữ liệu sau kiểm soát - Kết quả tự phân loại nợ,Hệ thống,,,B,2,Đơn giản,1,,,,
UC-0772,772,KSDL,KIỂM SOÁT VÀ QUẢN TRỊ CƠ SỞ DỮ LIỆU,Thiết lập nguyên tắc quy đổi tiền tệ,CB-KSDL,,,B,4,Trung bình,,,,,
UC-0773,773,KSDL,KIỂM SOÁT VÀ QUẢN TRỊ CƠ SỞ DỮ LIỆU,Tra cứu nguyên tắc quy đổi tiền tệ,CB-KSDL,,,B,3,Đơn giản,,,,,
UC-0774,774,KSDL,KIỂM SOÁT VÀ QUẢN TRỊ CƠ SỞ DỮ LIỆU,Hệ thống thực hiện quy đổi thông tin cân đối và dữ liệu trong kho về cùng loại tiền tệ,Hệ thống,,,B,2,Đơn giản,1,,,,
UC-0775,775,KSDL,KIỂM SOÁT VÀ QUẢN TRỊ CƠ SỞ DỮ LIỆU,Đối chiếu với số liệu tổng hợp,CB-KSDL,,,B,3,Đơn giản,,,,,
UC-0776,776,KSDL,KIỂM SOÁT VÀ QUẢN TRỊ CƠ SỞ DỮ LIỆU,Quản lý yêu cầu tra soát thông tin cân đối cho đơn vụ cung cấp,CB-KSDL,,,B,4,Trung bình,,,,,
UC-0777,777,KSDL,KIỂM SOÁT VÀ QUẢN TRỊ CƠ SỞ DỮ LIỆU,Tra cứu yêu cầu tra soát thông tin cân đối cho đơn vụ cung cấp,CB-KSDL,,,B,3,Đơn giản,,,,,
UC-0778,778,QLSP,QUẢN LÝ TẠO LẬP SẢN PHẨM,Tạo yêu cầu hỏi tin trên Web CIC về sản phẩm - R11A - Thông tin quan hệ tín dụng thể nhân,CBQTNCIC,,,B,4,Trung bình,,,,,
UC-0779,779,QLSP,QUẢN LÝ TẠO LẬP SẢN PHẨM,Tạo yêu cầu hỏi tin trên Web CIC về sản phẩm - R14 - Thông tin chủ thẻ tín dụng thể nhân,CBQTNCIC,,,B,4,Trung bình,,,,,
UC-0780,780,QLSP,QUẢN LÝ TẠO LẬP SẢN PHẨM,Tạo yêu cầu hỏi tin trên Web CIC về sản phẩm - R21 - Thông tin đảm bảo tiền vay thể nhân,CBQTNCIC,,,B,4,Trung bình,,,,,
UC-0781,781,QLSP,QUẢN LÝ TẠO LẬP SẢN PHẨM,Tạo yêu cầu hỏi tin trên Web CIC về sản phẩm - Báo cáo tổng hợp thông tin tín dụng khách hàng thể nhân,CBQTNCIC,,,B,4,Trung bình,,,,,
UC-0782,782,QLSP,QUẢN LÝ TẠO LẬP SẢN PHẨM,Tạo yêu cầu hỏi tin trên Web CIC về sản phẩm - S37 - Cảnh báo khách hàng vay,CBQTNCIC,,,B,4,Trung bình,,,,,
UC-0783,783,QLSP,QUẢN LÝ TẠO LẬP SẢN PHẨM,Tạo yêu cầu hỏi tin trên Web CIC về sản phẩm - R10A - Thông tin quan hệ tín dụng pháp nhân,CBQTNCIC,,,B,4,Trung bình,,,,,
UC-0784,784,QLSP,QUẢN LÝ TẠO LẬP SẢN PHẨM,Tạo yêu cầu hỏi tin trên Web CIC về sản phẩm - R14 - Thông tin chủ thẻ tín dụng pháp nhân,CBQTNCIC,,,B,4,Trung bình,,,,,
UC-0785,785,QLSP,QUẢN LÝ TẠO LẬP SẢN PHẨM,Tạo yêu cầu hỏi tin trên Web CIC về sản phẩm - R20 - Thông tin bảo đảm tiền vay pháp nhân,CBQTNCIC,,,B,4,Trung bình,,,,,
UC-0786,786,QLSP,QUẢN LÝ TẠO LẬP SẢN PHẨM,Tạo yêu cầu hỏi tin trên Web CIC về sản phẩm - S10A - Chi tiết về khách hàng vay pháp nhân,CBQTNCIC,,,B,4,Trung bình,,,,,
UC-0787,787,QLSP,QUẢN LÝ TẠO LẬP SẢN PHẨM,Tạo yêu cầu hỏi tin trên Web CIC về sản phẩm - XH50 - Sản phẩm xếp hạng tín dụng doanh nghiệp cơ bản.,CBQTNCIC,,,B,4,Trung bình,,,,,
UC-0788,788,QLSP,QUẢN LÝ TẠO LẬP SẢN PHẨM,"Tạo yêu cầu hỏi tin trên Web CIC về sản phẩm - XH51 - Sản phẩm XHTD Tập đoàn, Tổng Công ty cơ bản.",CBQTNCIC,,,B,4,Trung bình,,,,,
UC-0789,789,QLSP,QUẢN LÝ TẠO LẬP SẢN PHẨM,Tạo yêu cầu hỏi tin trên Web CIC về sản phẩm - XH50K - Sản phẩm XHTD DN cơ bản cho các tổ chức ngoài ngành.,CBQTNCIC,,,B,4,Trung bình,,,,,
UC-0790,790,QLSP,QUẢN LÝ TẠO LẬP SẢN PHẨM,"Tạo yêu cầu hỏi tin trên Web CIC về sản phẩm - XH51K - Sản phẩm XHTD Tập đoàn, Tổng Công ty cơ bản cho các tổ chức ngoài ngành.",CBQTNCIC,,,B,4,Trung bình,,,,,
UC-0791,791,QLSP,QUẢN LÝ TẠO LẬP SẢN PHẨM,Tạo yêu cầu hỏi tin trên Web CIC về sản phẩm - S40 - Điểm tín dụng của khách hàng,CBQTNCIC,,,B,4,Trung bình,,,,,
UC-0792,792,QLSP,QUẢN LÝ TẠO LẬP SẢN PHẨM,"Tạo yêu cầu hỏi tin trên Web CIC về sản phẩm - XH53 - Sản phẩm Bộ chỉ số trung bình ngành (theo phân loại, tính toán của CIC)",CBQTNCIC,,,B,4,Trung bình,,,,,
UC-0793,793,QLSP,QUẢN LÝ TẠO LẬP SẢN PHẨM,Tạo yêu cầu hỏi tin trên Web CIC về sản phẩm - PN.SBVF1 - Báo cáo chi tiết về khách hàng vay pháp nhân,CBQTNCIC,,,B,4,Trung bình,,,,,
UC-0794,794,QLSP,QUẢN LÝ TẠO LẬP SẢN PHẨM,Tạo yêu cầu hỏi tin trên Web CIC về sản phẩm - TN.SBVF1 - Báo cáo chi tiết về khách hàng vay thể nhân,CBQTNCIC,,,B,4,Trung bình,,,,,
UC-0795,795,QLSP,QUẢN LÝ TẠO LẬP SẢN PHẨM,Tiếp nhận yêu cầu hỏi tin qua API về sản phẩm -R11A - Thông tin quan hệ tín dụng thể nhân,Hệ thống,,,B,2,Đơn giản,1,,,,
UC-0796,796,QLSP,QUẢN LÝ TẠO LẬP SẢN PHẨM,Tiếp nhận yêu cầu hỏi tin qua API về sản phẩm -R14 - Thông tin chủ thẻ tín dụng thể nhân,Hệ thống,,,B,2,Đơn giản,1,,,,
UC-0797,797,QLSP,QUẢN LÝ TẠO LẬP SẢN PHẨM,Tiếp nhận yêu cầu hỏi tin qua API về sản phẩm -R21 - Thông tin đảm bảo tiền vay thể nhân,Hệ thống,,,B,2,Đơn giản,1,,,,
UC-0798,798,QLSP,QUẢN LÝ TẠO LẬP SẢN PHẨM,Tiếp nhận yêu cầu hỏi tin qua API về sản phẩm -Báo cáo tổng hợp thông tin tín dụng khách hàng thể nhân (S11A: Thông tin chi tiết quan hệ tín dụng thể nhân. S11T: Thông tin chi tiết quan hệ tín dụng thể nhân tức thời),Hệ thống,,,B,2,Đơn giản,1,,,,
UC-0799,799,QLSP,QUẢN LÝ TẠO LẬP SẢN PHẨM,Tiếp nhận yêu cầu hỏi tin qua API về sản phẩm -S37 - Cảnh báo khách hàng vay,Hệ thống,,,B,2,Đơn giản,1,,,,
UC-0800,800,QLSP,QUẢN LÝ TẠO LẬP SẢN PHẨM,Tiếp nhận yêu cầu hỏi tin qua API về sản phẩm -R10A - Thông tin quan hệ tín dụng pháp nhân,Hệ thống,,,B,2,Đơn giản,1,,,,
UC-0801,801,QLSP,QUẢN LÝ TẠO LẬP SẢN PHẨM,Tiếp nhận yêu cầu hỏi tin qua API về sản phẩm -R14 - Thông tin chủ thẻ tín dụng pháp nhân,Hệ thống,,,B,2,Đơn giản,1,,,,
UC-0802,802,QLSP,QUẢN LÝ TẠO LẬP SẢN PHẨM,Tiếp nhận yêu cầu hỏi tin qua API về sản phẩm -R20 - Thông tin bảo đảm tiền vay pháp nhân,Hệ thống,,,B,2,Đơn giản,1,,,,
UC-0803,803,QLSP,QUẢN LÝ TẠO LẬP SẢN PHẨM,Tiếp nhận yêu cầu hỏi tin qua API về sản phẩm -S10A - Chi tiết về khách hàng vay pháp nhân,Hệ thống,,,B,2,Đơn giản,1,,,,
UC-0804,804,QLSP,QUẢN LÝ TẠO LẬP SẢN PHẨM,Tiếp nhận yêu cầu hỏi tin qua API về sản phẩm -XH50 - Sản phẩm xếp hạng tín dụng doanh nghiệp cơ bản.,Hệ thống,,,B,2,Đơn giản,1,,,,
UC-0805,805,QLSP,QUẢN LÝ TẠO LẬP SẢN PHẨM,"Tiếp nhận yêu cầu hỏi tin qua API về sản phẩm -XH51 - Sản phẩm XHTD Tập đoàn, Tổng Công ty cơ bản.",Hệ thống,,,B,2,Đơn giản,1,,,,
UC-0806,806,QLSP,QUẢN LÝ TẠO LẬP SẢN PHẨM,Tiếp nhận yêu cầu hỏi tin qua API về sản phẩm -XH50K - Sản phẩm XHTD DN cơ bản cho các tổ chức ngoài ngành.,Hệ thống,,,B,2,Đơn giản,1,,,,
UC-0807,807,QLSP,QUẢN LÝ TẠO LẬP SẢN PHẨM,"Tiếp nhận yêu cầu hỏi tin qua API về sản phẩm -XH51K - Sản phẩm XHTD Tập đoàn, Tổng Công ty cơ bản cho các tổ chức ngoài ngành.",Hệ thống,,,B,2,Đơn giản,1,,,,
UC-0808,808,QLSP,QUẢN LÝ TẠO LẬP SẢN PHẨM,Tiếp nhận yêu cầu hỏi tin qua API về sản phẩm -S40 - Điểm tín dụng của khách hàng.,Hệ thống,,,B,2,Đơn giản,1,,,,
UC-0809,809,QLSP,QUẢN LÝ TẠO LẬP SẢN PHẨM,"Tiếp nhận yêu cầu hỏi tin qua API về sản phẩm - XH53 -Sản phẩm Bộ chỉ số trung bình ngành (theo phân loại, tính toán của CIC)",Hệ thống,,,B,2,Đơn giản,1,,,,
UC-0810,810,QLSP,QUẢN LÝ TẠO LẬP SẢN PHẨM,Tiếp nhận yêu cầu hỏi tin qua API về sản phẩm -PN.SBVF1 - Báo cáo chi tiết về khách hàng vay pháp nhân,Hệ thống,,,B,2,Đơn giản,1,,,,
UC-0811,811,QLSP,QUẢN LÝ TẠO LẬP SẢN PHẨM,Tiếp nhận yêu cầu hỏi tin qua API về sản phẩm -TN.SBVF1 - Báo cáo chi tiết về khách hàng vay thể nhân,Hệ thống,,,B,2,Đơn giản,1,,,,
UC-0812,812,QLSP,QUẢN LÝ TẠO LẬP SẢN PHẨM,Tiếp nhận yêu cầu hỏi tin qua kênh H2H về sản phẩm - R11A - Thông tin quan hệ tín dụng thể nhân,"HT-TCTD, HT-TCTDNN (gọi chung là Hệ thống ngoài CIC)",,,M,2,Đơn giản,,,,,
UC-0813,813,QLSP,QUẢN LÝ TẠO LẬP SẢN PHẨM,Tiếp nhận yêu cầu hỏi tin qua kênh H2H về sản phẩm - R14 - Thông tin chủ thẻ tín dụng thể nhân,"HT-TCTD, HT-TCTDNN (gọi chung là Hệ thống ngoài CIC)",,,M,2,Đơn giản,,,,,
UC-0814,814,QLSP,QUẢN LÝ TẠO LẬP SẢN PHẨM,Tiếp nhận yêu cầu hỏi tin qua kênh H2H về sản phẩm - R21 - Thông tin đảm bảo tiền vay thể nhân,"HT-TCTD, HT-TCTDNN (gọi chung là Hệ thống ngoài CIC)",,,M,2,Đơn giản,,,,,
UC-0815,815,QLSP,QUẢN LÝ TẠO LẬP SẢN PHẨM,Tiếp nhận yêu cầu hỏi tin qua kênh H2H về sản phẩm - Báo cáo tổng hợp thông tin tín dụng khách hàng thể nhân (S11A: Thông tin chi tiết quan hệ tín dụng thể nhân. S11T: Thông tin chi tiết quan hệ tín dụng thể nhân tức thời),"HT-TCTD, HT-TCTDNN (gọi chung là Hệ thống ngoài CIC)",,,M,2,Đơn giản,,,,,
UC-0816,816,QLSP,QUẢN LÝ TẠO LẬP SẢN PHẨM,Tiếp nhận yêu cầu hỏi tin qua kênh H2H về sản phẩm - S37 - Cảnh báo khách hàng vay,"HT-TCTD, HT-TCTDNN (gọi chung là Hệ thống ngoài CIC)",,,M,2,Đơn giản,,,,,
UC-0817,817,QLSP,QUẢN LÝ TẠO LẬP SẢN PHẨM,Tiếp nhận yêu cầu hỏi tin qua kênh H2H về sản phẩm - R10A - Thông tin quan hệ tín dụng pháp nhân,"HT-TCTD, HT-TCTDNN (gọi chung là Hệ thống ngoài CIC)",,,M,2,Đơn giản,,,,,
UC-0818,818,QLSP,QUẢN LÝ TẠO LẬP SẢN PHẨM,Tiếp nhận yêu cầu hỏi tin qua kênh H2H về sản phẩm - R14 - Thông tin chủ thẻ tín dụng pháp nhân,"HT-TCTD, HT-TCTDNN (gọi chung là Hệ thống ngoài CIC)",,,M,2,Đơn giản,,,,,
UC-0819,819,QLSP,QUẢN LÝ TẠO LẬP SẢN PHẨM,Tiếp nhận yêu cầu hỏi tin qua kênh H2H về sản phẩm - R20 - Thông tin bảo đảm tiền vay pháp nhân,"HT-TCTD, HT-TCTDNN (gọi chung là Hệ thống ngoài CIC)",,,M,2,Đơn giản,,,,,
UC-0820,820,QLSP,QUẢN LÝ TẠO LẬP SẢN PHẨM,Tiếp nhận yêu cầu hỏi tin qua kênh H2H về sản phẩm - S10A - Chi tiết về khách hàng vay pháp nhân,"HT-TCTD, HT-TCTDNN (gọi chung là Hệ thống ngoài CIC)",,,M,2,Đơn giản,,,,,
UC-0821,821,QLSP,QUẢN LÝ TẠO LẬP SẢN PHẨM,Tiếp nhận yêu cầu hỏi tin qua kênh H2H về sản phẩm - XH50 - Sản phẩm xếp hạng tín dụng doanh nghiệp cơ bản.,"HT-TCTD, HT-TCTDNN (gọi chung là Hệ thống ngoài CIC)",,,M,2,Đơn giản,,,,,
UC-0822,822,QLSP,QUẢN LÝ TẠO LẬP SẢN PHẨM,"Tiếp nhận yêu cầu hỏi tin qua kênh H2H về sản phẩm - XH51 - Sản phẩm XHTD Tập đoàn, Tổng Công ty cơ bản.","HT-TCTD, HT-TCTDNN (gọi chung là Hệ thống ngoài CIC)",,,M,2,Đơn giản,,,,,
UC-0823,823,QLSP,QUẢN LÝ TẠO LẬP SẢN PHẨM,Tiếp nhận yêu cầu hỏi tin qua kênh H2H về sản phẩm - XH50K - Sản phẩm XHTD DN cơ bản cho các tổ chức ngoài ngành.,"HT-TCTD, HT-TCTDNN (gọi chung là Hệ thống ngoài CIC)",,,M,2,Đơn giản,,,,,
UC-0824,824,QLSP,QUẢN LÝ TẠO LẬP SẢN PHẨM,"Tiếp nhận yêu cầu hỏi tin qua kênh H2H về sản phẩm - XH51K - Sản phẩm XHTD Tập đoàn, Tổng Công ty cơ bản cho các tổ chức ngoài ngành.","HT-TCTD, HT-TCTDNN (gọi chung là Hệ thống ngoài CIC)",,,M,2,Đơn giản,,,,,
UC-0825,825,QLSP,QUẢN LÝ TẠO LẬP SẢN PHẨM,Tiếp nhận yêu cầu hỏi tin qua kênh H2H về sản phẩm - S40 - Điểm tín dụng của khách hàng.,"HT-TCTD, HT-TCTDNN (gọi chung là Hệ thống ngoài CIC)",,,M,2,Đơn giản,,,,,
UC-0826,826,QLSP,QUẢN LÝ TẠO LẬP SẢN PHẨM,"Tiếp nhận yêu cầu hỏi tin qua kênh H2H về sản phẩm - XH53- Sản phẩm Bộ chỉ số trung bình ngành (theo phân loại, tính toán của CIC)","HT-TCTD, HT-TCTDNN (gọi chung là Hệ thống ngoài CIC)",,,M,2,Đơn giản,,,,,
UC-0827,827,QLSP,QUẢN LÝ TẠO LẬP SẢN PHẨM,Tiếp nhận yêu cầu hỏi tin qua kênh H2H về sản phẩm - PN.SBVF1 - Báo cáo chi tiết về khách hàng vay pháp nhân,"HT-TCTD, HT-TCTDNN (gọi chung là Hệ thống ngoài CIC)",,,M,2,Đơn giản,,,,,
UC-0828,828,QLSP,QUẢN LÝ TẠO LẬP SẢN PHẨM,Tiếp nhận yêu cầu hỏi tin qua kênh H2H về sản phẩm - TN.SBVF1 - Báo cáo chi tiết về khách hàng vay thể nhân,"HT-TCTD, HT-TCTDNN (gọi chung là Hệ thống ngoài CIC)",,,M,2,Đơn giản,,,,,
UC-0829,829,QLSP,QUẢN LÝ TẠO LẬP SẢN PHẨM,Tra cứu yêu cầu hỏi tin sản phẩm thông thường trả lời tức thời trên Web CIC,CBQTNCIC,,,B,3,Đơn giản,,,,,
UC-0830,830,QLSP,QUẢN LÝ TẠO LẬP SẢN PHẨM,Gửi yêu cầu tra cứu sản phẩm thông thường -R11A - Thông tin quan hệ tín dụng thể nhân,CBQTNCIC,,,B,2,Đơn giản,,,,,
UC-0831,831,QLSP,QUẢN LÝ TẠO LẬP SẢN PHẨM,Gửi yêu cầu tra cứu sản phẩm thông thường -R14 - Thông tin chủ thẻ tín dụng thể nhân,CBQTNCIC,,,B,2,Đơn giản,,,,,
UC-0832,832,QLSP,QUẢN LÝ TẠO LẬP SẢN PHẨM,Gửi yêu cầu tra cứu sản phẩm thông thường -R21 - Thông tin đảm bảo tiền vay thể nhân,CBQTNCIC,,,B,2,Đơn giản,,,,,
UC-0833,833,QLSP,QUẢN LÝ TẠO LẬP SẢN PHẨM,Gửi yêu cầu tra cứu sản phẩm thông thường -Báo cáo tổng hợp thông tin tín dụng khách hàng thể nhân (S11A: Thông tin chi tiết quan hệ tín dụng thể nhân. S11T: Thông tin chi tiết quan hệ tín dụng thể nhân tức thời),CBQTNCIC,,,B,2,Đơn giản,,,,,
UC-0834,834,QLSP,QUẢN LÝ TẠO LẬP SẢN PHẨM,Gửi yêu cầu tra cứu sản phẩm thông thường -S37 - Cảnh báo khách hàng vay,CBQTNCIC,,,B,2,Đơn giản,,,,,
UC-0835,835,QLSP,QUẢN LÝ TẠO LẬP SẢN PHẨM,Gửi yêu cầu tra cứu sản phẩm thông thường -R10A - Thông tin quan hệ tín dụng pháp nhân,CBQTNCIC,,,B,2,Đơn giản,,,,,
UC-0836,836,QLSP,QUẢN LÝ TẠO LẬP SẢN PHẨM,Gửi yêu cầu tra cứu sản phẩm thông thường -R14 - Thông tin chủ thẻ tín dụng pháp nhân,CBQTNCIC,,,B,2,Đơn giản,,,,,
UC-0837,837,QLSP,QUẢN LÝ TẠO LẬP SẢN PHẨM,Gửi yêu cầu tra cứu sản phẩm thông thường -R20 - Thông tin bảo đảm tiền vay pháp nhân,CBQTNCIC,,,B,2,Đơn giản,,,,,
UC-0838,838,QLSP,QUẢN LÝ TẠO LẬP SẢN PHẨM,Gửi yêu cầu tra cứu sản phẩm thông thường -S10A - Chi tiết về khách hàng vay pháp nhân,CBQTNCIC,,,B,2,Đơn giản,,,,,
UC-0839,839,QLSP,QUẢN LÝ TẠO LẬP SẢN PHẨM,Gửi yêu cầu tra cứu sản phẩm thông thường -XH50 - Sản phẩm xếp hạng tín dụng doanh nghiệp cơ bản.,CBQTNCIC,,,B,2,Đơn giản,,,,,
UC-0840,840,QLSP,QUẢN LÝ TẠO LẬP SẢN PHẨM,"Gửi yêu cầu tra cứu sản phẩm thông thường -XH51 - Sản phẩm XHTD Tập đoàn, Tổng Công ty cơ bản.",CBQTNCIC,,,B,2,Đơn giản,,,,,
UC-0841,841,QLSP,QUẢN LÝ TẠO LẬP SẢN PHẨM,Gửi yêu cầu tra cứu sản phẩm thông thường -XH50K - Sản phẩm XHTD DN cơ bản cho các tổ chức ngoài ngành.,CBQTNCIC,,,B,2,Đơn giản,,,,,
UC-0842,842,QLSP,QUẢN LÝ TẠO LẬP SẢN PHẨM,"Gửi yêu cầu tra cứu sản phẩm thông thường -XH51K - Sản phẩm XHTD Tập đoàn, Tổng Công ty cơ bản cho các tổ chức ngoài ngành.",CBQTNCIC,,,B,2,Đơn giản,,,,,
UC-0843,843,QLSP,QUẢN LÝ TẠO LẬP SẢN PHẨM,Gửi yêu cầu tra cứu sản phẩm thông thường -S40 - Điểm tín dụng của khách hàng.,CBQTNCIC,,,B,2,Đơn giản,,,,,
UC-0844,844,QLSP,QUẢN LÝ TẠO LẬP SẢN PHẨM,"Gửi yêu cầu tra cứu sản phẩm thông thường -Sản phẩm Bộ chỉ số trung bình ngành (theo phân loại, tính toán của CIC) - XH53",CBQTNCIC,,,B,2,Đơn giản,,,,,
UC-0845,845,QLSP,QUẢN LÝ TẠO LẬP SẢN PHẨM,Gửi yêu cầu tra cứu sản phẩm thông thường -PN.SBVF1 - Báo cáo chi tiết về khách hàng vay pháp nhân,CBQTNCIC,,,B,2,Đơn giản,,,,,
UC-0846,846,QLSP,QUẢN LÝ TẠO LẬP SẢN PHẨM,Gửi yêu cầu tra cứu sản phẩm thông thường -TN.SBVF1 - Báo cáo chi tiết về khách hàng vay thể nhân,CBQTNCIC,,,B,2,Đơn giản,,,,,
UC-0847,847,QLSP,QUẢN LÝ TẠO LẬP SẢN PHẨM,Kiểm tra nội dung yêu cầu tra cứu sản phẩm -R11A - Thông tin quan hệ tín dụng thể nhân,Hệ thống,,,B,2,Đơn giản,1,,,,
UC-0848,848,QLSP,QUẢN LÝ TẠO LẬP SẢN PHẨM,Kiểm tra nội dung yêu cầu tra cứu sản phẩm -R14 - Thông tin chủ thẻ tín dụng thể nhân,Hệ thống,,,B,2,Đơn giản,1,,,,
UC-0849,849,QLSP,QUẢN LÝ TẠO LẬP SẢN PHẨM,Kiểm tra nội dung yêu cầu tra cứu sản phẩm -R21 - Thông tin đảm bảo tiền vay thể nhân,Hệ thống,,,B,2,Đơn giản,1,,,,
UC-0850,850,QLSP,QUẢN LÝ TẠO LẬP SẢN PHẨM,Kiểm tra nội dung yêu cầu tra cứu sản phẩm -Báo cáo tổng hợp thông tin tín dụng khách hàng thể nhân (S11A: Thông tin chi tiết quan hệ tín dụng thể nhân. S11T: Thông tin chi tiết quan hệ tín dụng thể nhân tức thời),Hệ thống,,,B,2,Đơn giản,1,,,,
UC-0851,851,QLSP,QUẢN LÝ TẠO LẬP SẢN PHẨM,Kiểm tra nội dung yêu cầu tra cứu sản phẩm -S37 - Cảnh báo khách hàng vay,Hệ thống,,,B,2,Đơn giản,1,,,,
UC-0852,852,QLSP,QUẢN LÝ TẠO LẬP SẢN PHẨM,Kiểm tra nội dung yêu cầu tra cứu sản phẩm -R10A - Thông tin quan hệ tín dụng pháp nhân,Hệ thống,,,B,2,Đơn giản,1,,,,
UC-0853,853,QLSP,QUẢN LÝ TẠO LẬP SẢN PHẨM,Kiểm tra nội dung yêu cầu tra cứu sản phẩm -R14 - Thông tin chủ thẻ tín dụng pháp nhân,Hệ thống,,,B,2,Đơn giản,1,,,,
UC-0854,854,QLSP,QUẢN LÝ TẠO LẬP SẢN PHẨM,Kiểm tra nội dung yêu cầu tra cứu sản phẩm -R20 - Thông tin bảo đảm tiền vay pháp nhân,Hệ thống,,,B,2,Đơn giản,1,,,,
UC-0855,855,QLSP,QUẢN LÝ TẠO LẬP SẢN PHẨM,Kiểm tra nội dung yêu cầu tra cứu sản phẩm -S10A - Chi tiết về khách hàng vay pháp nhân,Hệ thống,,,B,2,Đơn giản,1,,,,
UC-0856,856,QLSP,QUẢN LÝ TẠO LẬP SẢN PHẨM,Kiểm tra nội dung yêu cầu tra cứu sản phẩm -XH50 - Sản phẩm xếp hạng tín dụng doanh nghiệp cơ bản.,Hệ thống,,,B,2,Đơn giản,1,,,,
UC-0857,857,QLSP,QUẢN LÝ TẠO LẬP SẢN PHẨM,"Kiểm tra nội dung yêu cầu tra cứu sản phẩm -XH51 - Sản phẩm XHTD Tập đoàn, Tổng Công ty cơ bản.",Hệ thống,,,B,2,Đơn giản,1,,,,
UC-0858,858,QLSP,QUẢN LÝ TẠO LẬP SẢN PHẨM,Kiểm tra nội dung yêu cầu tra cứu sản phẩm -XH50K - Sản phẩm XHTD DN cơ bản cho các tổ chức ngoài ngành.,Hệ thống,,,B,2,Đơn giản,1,,,,
UC-0859,859,QLSP,QUẢN LÝ TẠO LẬP SẢN PHẨM,"Kiểm tra nội dung yêu cầu tra cứu sản phẩm -XH51K - Sản phẩm XHTD Tập đoàn, Tổng Công ty cơ bản cho các tổ chức ngoài ngành.",Hệ thống,,,B,2,Đơn giản,1,,,,
UC-0860,860,QLSP,QUẢN LÝ TẠO LẬP SẢN PHẨM,Kiểm tra nội dung yêu cầu tra cứu sản phẩm -S40 - Điểm tín dụng của khách hàng.,Hệ thống,,,B,2,Đơn giản,1,,,,
UC-0861,861,QLSP,QUẢN LÝ TẠO LẬP SẢN PHẨM,"Kiểm tra nội dung yêu cầu tra cứu sản phẩm -Sản phẩm Bộ chỉ số trung bình ngành (theo phân loại, tính toán của CIC) - XH53",Hệ thống,,,B,2,Đơn giản,1,,,,
UC-0862,862,QLSP,QUẢN LÝ TẠO LẬP SẢN PHẨM,Kiểm tra nội dung yêu cầu tra cứu sản phẩm -PN.SBVF1 - Báo cáo chi tiết về khách hàng vay pháp nhân,Hệ thống,,,B,2,Đơn giản,1,,,,
UC-0863,863,QLSP,QUẢN LÝ TẠO LẬP SẢN PHẨM,Kiểm tra nội dung yêu cầu tra cứu sản phẩm -TN.SBVF1 - Báo cáo chi tiết về khách hàng vay thể nhân,Hệ thống,,,B,2,Đơn giản,1,,,,
UC-0864,864,QLSP,QUẢN LÝ TẠO LẬP SẢN PHẨM,Gửi thông báo từ chối tiếp nhận file cho đơn vi hỏi tin qua API,Hệ thống,,,B,2,Đơn giản,1,,,,
UC-0865,865,QLSP,QUẢN LÝ TẠO LẬP SẢN PHẨM,Gửi thông báo từ chối tiếp nhận yêu cầu tra cứu sản phẩm thông thường cho đơn vi hỏi tin qua kênh H2H,Hệ thống,,,B,2,Đơn giản,1,,,,
UC-0866,866,QLSP,QUẢN LÝ TẠO LẬP SẢN PHẨM,Gửi thông báo từ chối tiếp nhận yêu cầu tra cứu sản phẩm thông thường cho đơn vi hỏi tin qua Web CIC,Hệ thống,,,B,2,Đơn giản,1,,,,
UC-0867,867,QLSP,QUẢN LÝ TẠO LẬP SẢN PHẨM,Tra cứu thông báo từ chối tiếp nhận yêu cầu tra cứu sản phẩm thông thường trên Web CIC,CBQTNCIC,,,B,3,Đơn giản,,,,,
UC-0868,868,QLSP,QUẢN LÝ TẠO LẬP SẢN PHẨM,Tra cứu thông báo từ chối tiếp nhận yêu cầu tra cứu sản phẩm thông thường trên hệ thống Core,CB-TLSP,,,B,3,Đơn giản,,,,,
UC-0869,869,QLSP,QUẢN LÝ TẠO LẬP SẢN PHẨM,Tra cứu yêu cầu tra cứu sản phẩm thông thường,"CB-TLSP, LĐ-TLSP (gọi chung là Người dùng)",,,B,3,Đơn giản,,,,,
UC-0870,870,QLSP,QUẢN LÝ TẠO LẬP SẢN PHẨM,Đánh dấu yêu cầu hỏi tin về sản phẩm thông thường cần xác nhận của chủ thể thông tin,"CB-TLSP, LĐ-TLSP (gọi chung là Người dùng)",,,B,2,Đơn giản,,,,,
UC-0871,871,QLSP,QUẢN LÝ TẠO LẬP SẢN PHẨM,Hệ thống tạo link ký xác nhận cung cấp thông tin,Hệ thống,,,B,2,Đơn giản,1,,,,
UC-0872,872,QLSP,QUẢN LÝ TẠO LẬP SẢN PHẨM,Gửi link ký xác nhận cung cấp thông tin tới chủ thể thông tin,CB-TLSP,,,B,2,Đơn giản,,,,,
UC-0873,873,QLSP,QUẢN LÝ TẠO LẬP SẢN PHẨM,Tra cứu link ký xác nhận cung cấp thông tin đã gửi tới chủ thể thông tin,CB-TLSP,,,B,3,Đơn giản,,,,,
UC-0874,874,QLSP,QUẢN LÝ TẠO LẬP SẢN PHẨM,Khai báo thông tin đã thỏa thuận với chủ thể thông tin,CB-TLSP,,,B,4,Trung bình,,,,,
UC-0875,875,QLSP,QUẢN LÝ TẠO LẬP SẢN PHẨM,Tra cứu thông tin đã khai báo thỏa thuận với chủ thể thông tin,CB-TLSP,,,B,3,Đơn giản,,,,,
UC-0876,876,QLSP,QUẢN LÝ TẠO LẬP SẢN PHẨM,Xác nhận chủ thể thông tin đồng ý cung cấp thông tin,CB-TLSP,,,B,2,Đơn giản,,,,,
UC-0877,877,QLSP,QUẢN LÝ TẠO LẬP SẢN PHẨM,Xác nhận chủ thể thông tin từ chối cung cấp thông tin,CB-TLSP,,,B,2,Đơn giản,,,,,
UC-0878,878,QLSP,QUẢN LÝ TẠO LẬP SẢN PHẨM,Ghi nhận yêu cầu hỏi tin,CB-TLSP,,,B,4,Trung bình,,,,,
UC-0879,879,QLSP,QUẢN LÝ TẠO LẬP SẢN PHẨM,Tra cứu yêu cầu hỏi tin,"CB-TLSP, LĐ-TLSP (gọi chung là Người dùng)",,,B,3,Đơn giản,,,,,
UC-0880,880,QLSP,QUẢN LÝ TẠO LẬP SẢN PHẨM,Thiết kế mẫu báo cáo tùy biến trên tập chỉ tiêu truyền thống,"CB-TLSP, LĐ-TLSP (gọi chung là Người dùng)",,,B,5,Trung bình,,,,,
UC-0881,881,QLSP,QUẢN LÝ TẠO LẬP SẢN PHẨM,Tra cứu mẫu báo cáo tùy biến,"CB-TLSP, LĐ-TLSP (gọi chung là Người dùng)",,,B,3,Đơn giản,,,,,
UC-0882,882,QLSP,QUẢN LÝ TẠO LẬP SẢN PHẨM,Quản lý hiệu lực mẫu báo cáo tùy biến,"CB-TLSP, LĐ-TLSP (gọi chung là Người dùng)",,,B,3,Đơn giản,,,,,
UC-0883,883,QLSP,QUẢN LÝ TẠO LẬP SẢN PHẨM,Thiết lập chỉ tiêu phục vụ báo cáo theo yêu cầu,"CB-TLSP, LĐ-TLSP (gọi chung là Người dùng)",,,B,5,Trung bình,,,,,
UC-0884,884,QLSP,QUẢN LÝ TẠO LẬP SẢN PHẨM,Tra cứu chỉ tiêu phục vụ báo cáo theo yêu cầu,"CB-TLSP, LĐ-TLSP (gọi chung là Người dùng)",,,B,3,Đơn giản,,,,,
UC-0885,885,QLSP,QUẢN LÝ TẠO LẬP SẢN PHẨM,Quản lý hiệu lực chỉ tiêu phục vụ báo cáo theo yêu cầu,"CB-TLSP, LĐ-TLSP (gọi chung là Người dùng)",,,B,3,Đơn giản,,,,,
UC-0886,886,QLSP,QUẢN LÝ TẠO LẬP SẢN PHẨM,Thiết kế mẫu báo cáo theo yêu cầu,"CB-TLSP, LĐ-TLSP (gọi chung là Người dùng)",,,B,5,Trung bình,,,,,
UC-0887,887,QLSP,QUẢN LÝ TẠO LẬP SẢN PHẨM,Tra cứu mẫu báo cáo theo yêu cầu,"CB-TLSP, LĐ-TLSP (gọi chung là Người dùng)",,,B,3,Đơn giản,,,,,
UC-0888,888,QLSP,QUẢN LÝ TẠO LẬP SẢN PHẨM,Quản lý hiệu lực mẫu báo cáo theo yêu cầu,"CB-TLSP, LĐ-TLSP (gọi chung là Người dùng)",,,B,3,Đơn giản,,,,,
UC-0889,889,QLSP,QUẢN LÝ TẠO LẬP SẢN PHẨM,Tạo yêu cầu hỏi tin trên Web CIC về sản phẩm tùy biến - Báo cáo thông tin quan hệ tín dụng thể nhân theo yêu cầu áp dụng đối với hỏi tin của các tổ chức tài chính vi mô.,CBQTNCIC,,,B,4,Trung bình,,,,,
UC-0890,890,QLSP,QUẢN LÝ TẠO LẬP SẢN PHẨM,Tạo yêu cầu hỏi tin trên Web CIC về sản phẩm tùy biến - Các sản phẩm khác tùy biến theo chỉ tiêu thông tin,CBQTNCIC,,,B,4,Trung bình,,,,,
UC-0891,891,QLSP,QUẢN LÝ TẠO LẬP SẢN PHẨM,Tạo yêu cầu hỏi tin trên Web CIC về sản phẩm tùy biến- Sản phẩm thông tin quan hệ tín dụng thể nhân và pháp nhân theo yêu cầu hợp đồng phát sinh thường xuyên.,CBQTNCIC,,,B,4,Trung bình,,,,,
UC-0892,892,QLSP,QUẢN LÝ TẠO LẬP SẢN PHẨM,Tạo yêu cầu hỏi tin trên Web CIC về sản phẩm theo yêu cầu theo yêu cầu - Báo cáo thông tin doanh nghiệp cơ bản (English version),CBQTNCIC,,,B,4,Trung bình,,,,,
UC-0893,893,QLSP,QUẢN LÝ TẠO LẬP SẢN PHẨM,Tạo yêu cầu hỏi tin trên Web CIC về sản phẩm theo yêu cầu - Báo cáo thông tin doanh nghiệp (English version),CBQTNCIC,,,B,4,Trung bình,,,,,
UC-0894,894,QLSP,QUẢN LÝ TẠO LẬP SẢN PHẨM,Tạo yêu cầu hỏi tin trên Web CIC về sản phẩm theo yêu cầu - Báo cáo thông tin doanh nghiệp toàn diện (English version),CBQTNCIC,,,B,4,Trung bình,,,,,
UC-0895,895,QLSP,QUẢN LÝ TẠO LẬP SẢN PHẨM,Tạo yêu cầu hỏi tin trên Web CIC về sản phẩm theo yêu cầu - S70 – Báo cáo thông tin về doanh nghiệp nước ngoài.,CBQTNCIC,,,B,4,Trung bình,,,,,
UC-0896,896,QLSP,QUẢN LÝ TẠO LẬP SẢN PHẨM,Tạo yêu cầu hỏi tin trên Web CIC về sản phẩm theo yêu cầu - Nhóm báo cáo theo mô hình.,CBQTNCIC,,,B,4,Trung bình,,,,,
UC-0897,897,QLSP,QUẢN LÝ TẠO LẬP SẢN PHẨM,Tạo yêu cầu hỏi tin trên Web CIC về sản phẩm theo yêu cầu - Sản phẩm cung cấp danh sách khách hàng tiềm năng.,CBQTNCIC,,,B,4,Trung bình,,,,,
UC-0898,898,QLSP,QUẢN LÝ TẠO LẬP SẢN PHẨM,Tạo yêu cầu hỏi tin trên Web CIC về sản phẩm theo yêu cầu - Sản phẩm xếp hạng tín dụng doanh nghiệp chuyên sâu.,CBQTNCIC,,,B,4,Trung bình,,,,,
UC-0899,899,QLSP,QUẢN LÝ TẠO LẬP SẢN PHẨM,"Tạo yêu cầu hỏi tin trên Web CIC về sản phẩm theo yêu cầu - Sản phẩm XHTD Tập đoàn, Tổng Công ty chuyên sâu.",CBQTNCIC,,,B,4,Trung bình,,,,,
UC-0900,900,QLSP,QUẢN LÝ TẠO LẬP SẢN PHẨM,Tạo yêu cầu hỏi tin trên Web CIC về sản phẩm theo yêu cầu - Sản phẩm chuyên sâu cho Doanh nghiệp tự đăng ký XHTD,CBQTNCIC,,,B,4,Trung bình,,,,,
UC-0901,901,QLSP,QUẢN LÝ TẠO LẬP SẢN PHẨM,"Tạo yêu cầu hỏi tin trên Web CIC về sản phẩm theo yêu cầu - Sản phẩm chuyên sâu cho Tập đoàn, Tổng Công ty tự đăng ký",CBQTNCIC,,,B,4,Trung bình,,,,,
UC-0902,902,QLSP,QUẢN LÝ TẠO LẬP SẢN PHẨM,Tạo yêu cầu hỏi tin trên Web CIC về sản phẩm theo yêu cầu - XH50S - Sản phẩm cơ bản cho Doanh nghiệp tự đăng ký XHTD.,CBQTNCIC,,,B,4,Trung bình,,,,,
UC-0903,903,QLSP,QUẢN LÝ TẠO LẬP SẢN PHẨM,"Tạo yêu cầu hỏi tin trên Web CIC về sản phẩm theo yêu cầu - XH51S - Sản phẩm cơ bản cho Tập đoàn, Tổng Công ty tự đăng ký XHTD. XHTD",CBQTNCIC,,,B,4,Trung bình,,,,,
UC-0904,904,QLSP,QUẢN LÝ TẠO LẬP SẢN PHẨM,Tạo yêu cầu hỏi tin trên Web CIC về sản phẩm theo yêu cầu - Sản phẩm XHTD DN chuyên sâu cho các tổ chức ngoài ngành.,CBQTNCIC,,,B,4,Trung bình,,,,,
UC-0905,905,QLSP,QUẢN LÝ TẠO LẬP SẢN PHẨM,"Tạo yêu cầu hỏi tin trên Web CIC về sản phẩm theo yêu cầu - Sản phẩm XHTD Tập đoàn, Tổng Công ty chuyên sâu cho các tổ chức ngoài ngành.",CBQTNCIC,,,B,4,Trung bình,,,,,
UC-0906,906,QLSP,QUẢN LÝ TẠO LẬP SẢN PHẨM,Tạo yêu cầu hỏi tin trên Web CIC về sản phẩm theo yêu cầu - Sản phẩm bộ chỉ số trung bình ngành theo yêu cầu của đơn vị hỏi tin - XH53A,CBQTNCIC,,,B,4,Trung bình,,,,,
UC-0907,907,QLSP,QUẢN LÝ TẠO LẬP SẢN PHẨM,Tạo yêu cầu hỏi tin trên Web CIC về sản phẩm theo yêu cầu - Kết quả xếp hạng và các chỉ số liên quan của doanh nghiệp,CBQTNCIC,,,B,4,Trung bình,,,,,
UC-0908,908,QLSP,QUẢN LÝ TẠO LẬP SẢN PHẨM,Tạo yêu cầu hỏi tin trên Web CIC về sản phẩm theo yêu cầu - Kết quả chấm điểm thể nhân và các chỉ số liên quan.,CBQTNCIC,,,B,4,Trung bình,,,,,
UC-0909,909,QLSP,QUẢN LÝ TẠO LẬP SẢN PHẨM,"Tạo yêu cầu hỏi tin trên Web CIC về sản phẩm theo yêu cầu - Báo cáo về tập đoàn, Tổng công ty, doanh nghiệp và cá nhân có liên quan.",CBQTNCIC,,,B,4,Trung bình,,,,,
UC-0910,910,QLSP,QUẢN LÝ TẠO LẬP SẢN PHẨM,Tra cứu yêu cầu hỏi tin về sản phẩm tùy biến,CBQTNCIC,,,B,3,Đơn giản,,,,,
UC-0911,911,QLSP,QUẢN LÝ TẠO LẬP SẢN PHẨM,Tra cứu yêu cầu hỏi tin về sản phẩm theo yêu cầu,CBQTNCIC,,,B,3,Đơn giản,,,,,
UC-0912,912,QLSP,QUẢN LÝ TẠO LẬP SẢN PHẨM,Gửi yêu cầu hỏi tin về sản phẩm tùy biến - Báo cáo thông tin quan hệ tín dụng thể nhân theo yêu cầu áp dụng đối với hỏi tin của các tổ chức tài chính vi mô.,CBQTNCIC,,,B,2,Đơn giản,,,,,
UC-0913,913,QLSP,QUẢN LÝ TẠO LẬP SẢN PHẨM,Gửi yêu cầu hỏi tin về sản phẩm tùy biến - Các sản phẩm khác tùy biến theo chỉ tiêu thông tin,CBQTNCIC,,,B,2,Đơn giản,,,,,
UC-0914,914,QLSP,QUẢN LÝ TẠO LẬP SẢN PHẨM,Gửi yêu cầu hỏi tin về sản phẩm tùy biến - Sản phẩm theo chỉ tiêu thông tin,CBQTNCIC,,,B,2,Đơn giản,,,,,
UC-0915,915,QLSP,QUẢN LÝ TẠO LẬP SẢN PHẨM,Gửi yêu cầu hỏi tin về sản phẩm tùy biến - Sản phẩm thông tin quan hệ tín dụng thể nhân và pháp nhân theo yêu cầu hợp đồng phát sinh thường xuyên.,CBQTNCIC,,,B,2,Đơn giản,,,,,
UC-0916,916,QLSP,QUẢN LÝ TẠO LẬP SẢN PHẨM,Gửi yêu cầu hỏi tin về sản phẩm theo yêu cầu - Báo cáo thông tin doanh nghiệp cơ bản (English version),CBQTNCIC,,,B,2,Đơn giản,,,,,
UC-0917,917,QLSP,QUẢN LÝ TẠO LẬP SẢN PHẨM,Gửi yêu cầu hỏi tin về sản phẩm theo yêu cầu - Báo cáo thông tin doanh nghiệp (English version),CBQTNCIC,,,B,2,Đơn giản,,,,,
UC-0918,918,QLSP,QUẢN LÝ TẠO LẬP SẢN PHẨM,Gửi yêu cầu hỏi tin về sản phẩm theo yêu cầu - Báo cáo thông tin doanh nghiệp toàn diện (English version),CBQTNCIC,,,B,2,Đơn giản,,,,,
UC-0919,919,QLSP,QUẢN LÝ TẠO LẬP SẢN PHẨM,Gửi yêu cầu hỏi tin về sản phẩm theo yêu cầu - S70 – Báo cáo thông tin về doanh nghiệp nước ngoài.,CBQTNCIC,,,B,2,Đơn giản,,,,,
UC-0920,920,QLSP,QUẢN LÝ TẠO LẬP SẢN PHẨM,Gửi yêu cầu hỏi tin về sản phẩm theo yêu cầu - Nhóm báo cáo theo mô hình.,CBQTNCIC,,,B,2,Đơn giản,,,,,
UC-0921,921,QLSP,QUẢN LÝ TẠO LẬP SẢN PHẨM,Gửi yêu cầu hỏi tin về sản phẩm theo yêu cầu - Sản phẩm cung cấp danh sách khách hàng tiềm năng.,CBQTNCIC,,,B,2,Đơn giản,,,,,
UC-0922,922,QLSP,QUẢN LÝ TẠO LẬP SẢN PHẨM,Gửi yêu cầu hỏi tin về sản phẩm theo yêu cầu - Sản phẩm xếp hạng tín dụng doanh nghiệp chuyên sâu.,CBQTNCIC,,,B,2,Đơn giản,,,,,
UC-0923,923,QLSP,QUẢN LÝ TẠO LẬP SẢN PHẨM,"Gửi yêu cầu hỏi tin về sản phẩm theo yêu cầu - Sản phẩm XHTD Tập đoàn, Tổng Công ty chuyên sâu.",CBQTNCIC,,,B,2,Đơn giản,,,,,
UC-0924,924,QLSP,QUẢN LÝ TẠO LẬP SẢN PHẨM,Gửi yêu cầu hỏi tin về sản phẩm theo yêu cầu - Sản phẩm chuyên sâu cho Doanh nghiệp tự đăng ký XHTD,CBQTNCIC,,,B,2,Đơn giản,,,,,
UC-0925,925,QLSP,QUẢN LÝ TẠO LẬP SẢN PHẨM,"Gửi yêu cầu hỏi tin về sản phẩm theo yêu cầu - Sản phẩm chuyên sâu cho Tập đoàn, Tổng Công ty tự đăng ký",CBQTNCIC,,,B,2,Đơn giản,,,,,
UC-0926,926,QLSP,QUẢN LÝ TẠO LẬP SẢN PHẨM,Gửi yêu cầu hỏi tin về sản phẩm theo yêu cầu - XH50S - Sản phẩm cơ bản cho Doanh nghiệp tự đăng ký XHTD.,CBQTNCIC,,,B,2,Đơn giản,,,,,
UC-0927,927,QLSP,QUẢN LÝ TẠO LẬP SẢN PHẨM,"Gửi yêu cầu hỏi tin về sản phẩm theo yêu cầu - XH51S - Sản phẩm cơ bản cho Tập đoàn, Tổng Công ty tự đăng ký XHTD. XHTD",CBQTNCIC,,,B,2,Đơn giản,,,,,
UC-0928,928,QLSP,QUẢN LÝ TẠO LẬP SẢN PHẨM,Gửi yêu cầu hỏi tin về sản phẩm theo yêu cầu - Sản phẩm XHTD DN chuyên sâu cho các tổ chức ngoài ngành.,CBQTNCIC,,,B,2,Đơn giản,,,,,
UC-0929,929,QLSP,QUẢN LÝ TẠO LẬP SẢN PHẨM,"Gửi yêu cầu hỏi tin về sản phẩm theo yêu cầu - Sản phẩm XHTD Tập đoàn, Tổng Công ty chuyên sâu cho các tổ chức ngoài ngành.",CBQTNCIC,,,B,2,Đơn giản,,,,,
UC-0930,930,QLSP,QUẢN LÝ TẠO LẬP SẢN PHẨM,Gửi yêu cầu hỏi tin về sản phẩm theo yêu cầu - Sản phẩm bộ chỉ số trung bình ngành theo yêu cầu của đơn vị hỏi tin - XH53A,CBQTNCIC,,,B,2,Đơn giản,,,,,
UC-0931,931,QLSP,QUẢN LÝ TẠO LẬP SẢN PHẨM,Gửi yêu cầu hỏi tin về sản phẩm theo yêu cầu - Kết quả xếp hạng và các chỉ số liên quan của doanh nghiệp,CBQTNCIC,,,B,2,Đơn giản,,,,,
UC-0932,932,QLSP,QUẢN LÝ TẠO LẬP SẢN PHẨM,Gửi yêu cầu hỏi tin về sản phẩm theo yêu cầu - Kết quả chấm điểm thể nhân và các chỉ số liên quan.,CBQTNCIC,,,B,2,Đơn giản,,,,,
UC-0933,933,QLSP,QUẢN LÝ TẠO LẬP SẢN PHẨM,"Gửi yêu cầu hỏi tin về sản phẩm theo yêu cầu - Báo cáo về tập đoàn, Tổng công ty, doanh nghiệp và cá nhân có liên quan.",CBQTNCIC,,,B,2,Đơn giản,,,,,
UC-0934,934,QLSP,QUẢN LÝ TẠO LẬP SẢN PHẨM,Tiếp nhận yêu cầu tra cứu sản phẩm tùy biến qua API - Báo cáo thông tin quan hệ tín dụng thể nhân theo yêu cầu áp dụng đối với hỏi tin của các tổ chức tài chính vi mô.,Hệ thống,,,B,2,Đơn giản,1,,,,
UC-0935,935,QLSP,QUẢN LÝ TẠO LẬP SẢN PHẨM,Tiếp nhận yêu cầu tra cứu sản phẩm tùy biến qua API - Các sản phẩm khác tùy biến theo chỉ tiêu thông tin,Hệ thống,,,B,2,Đơn giản,1,,,,
UC-0936,936,QLSP,QUẢN LÝ TẠO LẬP SẢN PHẨM,Tiếp nhận yêu cầu tra cứu sản phẩm tùy biến qua API - Sản phẩm theo chỉ tiêu thông tin,Hệ thống,,,B,2,Đơn giản,1,,,,
UC-0937,937,QLSP,QUẢN LÝ TẠO LẬP SẢN PHẨM,Tiếp nhận yêu cầu tra cứu sản phẩm tùy biến qua API - Sản phẩm thông tin quan hệ tín dụng thể nhân và pháp nhân theo yêu cầu hợp đồng phát sinh thường xuyên.,Hệ thống,,,B,2,Đơn giản,1,,,,
UC-0938,938,QLSP,QUẢN LÝ TẠO LẬP SẢN PHẨM,Tiếp nhận yêu cầu tra cứu sản phẩm theo yêu cầu qua API- Báo cáo thông tin doanh nghiệp cơ bản (English version),Hệ thống,,,B,2,Đơn giản,1,,,,
UC-0939,939,QLSP,QUẢN LÝ TẠO LẬP SẢN PHẨM,Tiếp nhận yêu cầu tra cứu sản phẩm theo yêu cầu qua API - Báo cáo thông tin doanh nghiệp (English version),Hệ thống,,,B,2,Đơn giản,1,,,,
UC-0940,940,QLSP,QUẢN LÝ TẠO LẬP SẢN PHẨM,Tiếp nhận yêu cầu tra cứu sản phẩm theo yêu cầu qua API - Báo cáo thông tin doanh nghiệp toàn diện (English version),Hệ thống,,,B,2,Đơn giản,1,,,,
UC-0941,941,QLSP,QUẢN LÝ TẠO LẬP SẢN PHẨM,Tiếp nhận yêu cầu tra cứu sản phẩm theo yêu cầu qua API - S70 – Báo cáo thông tin về doanh nghiệp nước ngoài.,Hệ thống,,,B,2,Đơn giản,1,,,,
UC-0942,942,QLSP,QUẢN LÝ TẠO LẬP SẢN PHẨM,Tiếp nhận yêu cầu tra cứu sản phẩm theo yêu cầu qua API - Nhóm báo cáo theo mô hình.,Hệ thống,,,B,2,Đơn giản,1,,,,
UC-0943,943,QLSP,QUẢN LÝ TẠO LẬP SẢN PHẨM,Tiếp nhận yêu cầu tra cứu sản phẩm theo yêu cầu qua API - Sản phẩm cung cấp danh sách khách hàng tiềm năng.,Hệ thống,,,B,2,Đơn giản,1,,,,
UC-0944,944,QLSP,QUẢN LÝ TẠO LẬP SẢN PHẨM,Tiếp nhận yêu cầu tra cứu sản phẩm theo yêu cầu qua API - Sản phẩm xếp hạng tín dụng doanh nghiệp chuyên sâu.,Hệ thống,,,B,2,Đơn giản,1,,,,
UC-0945,945,QLSP,QUẢN LÝ TẠO LẬP SẢN PHẨM,"Tiếp nhận yêu cầu tra cứu sản phẩm theo yêu cầu qua API - Sản phẩm XHTD Tập đoàn, Tổng Công ty chuyên sâu.",Hệ thống,,,B,2,Đơn giản,1,,,,
UC-0946,946,QLSP,QUẢN LÝ TẠO LẬP SẢN PHẨM,Tiếp nhận yêu cầu tra cứu sản phẩm theo yêu cầu qua API - Sản phẩm chuyên sâu cho Doanh nghiệp tự đăng ký XHTD,Hệ thống,,,B,2,Đơn giản,1,,,,
UC-0947,947,QLSP,QUẢN LÝ TẠO LẬP SẢN PHẨM,"Tiếp nhận yêu cầu tra cứu sản phẩm theo yêu cầu qua API - Sản phẩm chuyên sâu cho Tập đoàn, Tổng Công ty tự đăng ký",Hệ thống,,,B,2,Đơn giản,1,,,,
UC-0948,948,QLSP,QUẢN LÝ TẠO LẬP SẢN PHẨM,Tiếp nhận yêu cầu tra cứu sản phẩm theo yêu cầu qua API - XH50S - Sản phẩm cơ bản cho Doanh nghiệp tự đăng ký XHTD.,Hệ thống,,,B,2,Đơn giản,1,,,,
UC-0949,949,QLSP,QUẢN LÝ TẠO LẬP SẢN PHẨM,"Tiếp nhận yêu cầu tra cứu sản phẩm theo yêu cầu qua API - XH51S - Sản phẩm cơ bản cho Tập đoàn, Tổng Công ty tự đăng ký XHTD. XHTD",Hệ thống,,,B,2,Đơn giản,1,,,,
UC-0950,950,QLSP,QUẢN LÝ TẠO LẬP SẢN PHẨM,Tiếp nhận yêu cầu tra cứu sản phẩm theo yêu cầu qua API - Sản phẩm XHTD DN chuyên sâu cho các tổ chức ngoài ngành.,Hệ thống,,,B,2,Đơn giản,1,,,,
UC-0951,951,QLSP,QUẢN LÝ TẠO LẬP SẢN PHẨM,"Tiếp nhận yêu cầu tra cứu sản phẩm theo yêu cầu qua API - Sản phẩm XHTD Tập đoàn, Tổng Công ty chuyên sâu cho các tổ chức ngoài ngành.",Hệ thống,,,B,2,Đơn giản,1,,,,
UC-0952,952,QLSP,QUẢN LÝ TẠO LẬP SẢN PHẨM,Tiếp nhận yêu cầu tra cứu sản phẩm theo yêu cầu qua API - Sản phẩm bộ chỉ số trung bình ngành theo yêu cầu của đơn vị hỏi tin - XH53A,Hệ thống,,,B,2,Đơn giản,1,,,,
UC-0953,953,QLSP,QUẢN LÝ TẠO LẬP SẢN PHẨM,Tiếp nhận yêu cầu tra cứu sản phẩm theo yêu cầu qua API - Kết quả xếp hạng và các chỉ số liên quan của doanh nghiệp,Hệ thống,,,B,2,Đơn giản,1,,,,
UC-0954,954,QLSP,QUẢN LÝ TẠO LẬP SẢN PHẨM,Tiếp nhận yêu cầu tra cứu sản phẩm theo yêu cầu qua API - Kết quả chấm điểm thể nhân và các chỉ số liên quan.,Hệ thống,,,B,2,Đơn giản,1,,,,
UC-0955,955,QLSP,QUẢN LÝ TẠO LẬP SẢN PHẨM,"Tiếp nhận yêu cầu tra cứu sản phẩm theo yêu cầu qua API - Báo cáo về tập đoàn, Tổng công ty, doanh nghiệp và cá nhân có liên quan.",Hệ thống,,,B,2,Đơn giản,1,,,,
UC-0956,956,QLSP,QUẢN LÝ TẠO LẬP SẢN PHẨM,Tiếp nhận yêu cầu tra cứu sản phẩm tùy biến qua kênh H2H - Báo cáo thông tin quan hệ tín dụng thể nhân theo yêu cầu áp dụng đối với hỏi tin của các tổ chức tài chính vi mô.,Hệ thống,,,B,2,Đơn giản,1,,,,
UC-0957,957,QLSP,QUẢN LÝ TẠO LẬP SẢN PHẨM,Tiếp nhận yêu cầu tra cứu sản phẩm tùy biến qua kênh H2H - Các sản phẩm khác tùy biến theo chỉ tiêu thông tin,Hệ thống,,,B,2,Đơn giản,1,,,,
UC-0958,958,QLSP,QUẢN LÝ TẠO LẬP SẢN PHẨM,Tiếp nhận yêu cầu tra cứu sản phẩm tùy biến qua kênh H2H - Sản phẩm theo chỉ tiêu thông tin,Hệ thống,,,B,2,Đơn giản,1,,,,
UC-0959,959,QLSP,QUẢN LÝ TẠO LẬP SẢN PHẨM,Tiếp nhận yêu cầu tra cứu sản phẩm tùy biến qua kênh H2H - Sản phẩm thông tin quan hệ tín dụng thể nhân và pháp nhân theo yêu cầu hợp đồng phát sinh thường xuyên.,Hệ thống,,,B,2,Đơn giản,1,,,,
UC-0960,960,QLSP,QUẢN LÝ TẠO LẬP SẢN PHẨM,Tiếp nhận yêu cầu tra cứu sản phẩm theo yêu cầu qua kênh H2H- Báo cáo thông tin doanh nghiệp cơ bản (English version),Hệ thống,,,B,2,Đơn giản,1,,,,
UC-0961,961,QLSP,QUẢN LÝ TẠO LẬP SẢN PHẨM,Tiếp nhận yêu cầu tra cứu sản phẩm theo yêu cầu qua kênh H2H - Báo cáo thông tin doanh nghiệp (English version),Hệ thống,,,B,2,Đơn giản,1,,,,
UC-0962,962,QLSP,QUẢN LÝ TẠO LẬP SẢN PHẨM,Tiếp nhận yêu cầu tra cứu sản phẩm theo yêu cầu qua kênh H2H - Báo cáo thông tin doanh nghiệp toàn diện (English version),Hệ thống,,,B,2,Đơn giản,1,,,,
UC-0963,963,QLSP,QUẢN LÝ TẠO LẬP SẢN PHẨM,Tiếp nhận yêu cầu tra cứu sản phẩm theo yêu cầu qua kênh H2H - S70 – Báo cáo thông tin về doanh nghiệp nước ngoài.,Hệ thống,,,B,2,Đơn giản,1,,,,
UC-0964,964,QLSP,QUẢN LÝ TẠO LẬP SẢN PHẨM,Tiếp nhận yêu cầu tra cứu sản phẩm theo yêu cầu qua kênh H2H - Nhóm báo cáo theo mô hình.,Hệ thống,,,B,2,Đơn giản,1,,,,
UC-0965,965,QLSP,QUẢN LÝ TẠO LẬP SẢN PHẨM,Tiếp nhận yêu cầu tra cứu sản phẩm theo yêu cầu qua kênh H2H - Sản phẩm cung cấp danh sách khách hàng tiềm năng.,Hệ thống,,,B,2,Đơn giản,1,,,,
UC-0966,966,QLSP,QUẢN LÝ TẠO LẬP SẢN PHẨM,Tiếp nhận yêu cầu tra cứu sản phẩm theo yêu cầu qua kênh H2H - Sản phẩm xếp hạng tín dụng doanh nghiệp chuyên sâu.,Hệ thống,,,B,2,Đơn giản,1,,,,
UC-0967,967,QLSP,QUẢN LÝ TẠO LẬP SẢN PHẨM,"Tiếp nhận yêu cầu tra cứu sản phẩm theo yêu cầu qua kênh H2H - Sản phẩm XHTD Tập đoàn, Tổng Công ty chuyên sâu.",Hệ thống,,,B,2,Đơn giản,1,,,,
UC-0968,968,QLSP,QUẢN LÝ TẠO LẬP SẢN PHẨM,Tiếp nhận yêu cầu tra cứu sản phẩm theo yêu cầu qua kênh H2H - Sản phẩm chuyên sâu cho Doanh nghiệp tự đăng ký XHTD,Hệ thống,,,B,2,Đơn giản,1,,,,
UC-0969,969,QLSP,QUẢN LÝ TẠO LẬP SẢN PHẨM,"Tiếp nhận yêu cầu tra cứu sản phẩm theo yêu cầu qua kênh H2H - Sản phẩm chuyên sâu cho Tập đoàn, Tổng Công ty tự đăng ký",Hệ thống,,,B,2,Đơn giản,1,,,,
UC-0970,970,QLSP,QUẢN LÝ TẠO LẬP SẢN PHẨM,Tiếp nhận yêu cầu tra cứu sản phẩm theo yêu cầu qua kênh H2H - XH50S - Sản phẩm cơ bản cho Doanh nghiệp tự đăng ký XHTD.,Hệ thống,,,B,2,Đơn giản,1,,,,
UC-0971,971,QLSP,QUẢN LÝ TẠO LẬP SẢN PHẨM,"Tiếp nhận yêu cầu tra cứu sản phẩm theo yêu cầu qua kênh H2H - XH51S - Sản phẩm cơ bản cho Tập đoàn, Tổng Công ty tự đăng ký XHTD. XHTD",Hệ thống,,,B,2,Đơn giản,1,,,,
UC-0972,972,QLSP,QUẢN LÝ TẠO LẬP SẢN PHẨM,Tiếp nhận yêu cầu tra cứu sản phẩm theo yêu cầu qua kênh H2H - Sản phẩm XHTD DN chuyên sâu cho các tổ chức ngoài ngành.,Hệ thống,,,B,2,Đơn giản,1,,,,
UC-0973,973,QLSP,QUẢN LÝ TẠO LẬP SẢN PHẨM,"Tiếp nhận yêu cầu tra cứu sản phẩm theo yêu cầu qua kênh H2H - Sản phẩm XHTD Tập đoàn, Tổng Công ty chuyên sâu cho các tổ chức ngoài ngành.",Hệ thống,,,B,2,Đơn giản,1,,,,
UC-0974,974,QLSP,QUẢN LÝ TẠO LẬP SẢN PHẨM,Tiếp nhận yêu cầu tra cứu sản phẩm theo yêu cầu qua kênh H2H - Sản phẩm bộ chỉ số trung bình ngành theo yêu cầu của đơn vị hỏi tin - XH53A,Hệ thống,,,B,2,Đơn giản,1,,,,
UC-0975,975,QLSP,QUẢN LÝ TẠO LẬP SẢN PHẨM,Tiếp nhận yêu cầu tra cứu sản phẩm theo yêu cầu qua kênh H2H - Kết quả xếp hạng và các chỉ số liên quan của doanh nghiệp,Hệ thống,,,B,2,Đơn giản,1,,,,
UC-0976,976,QLSP,QUẢN LÝ TẠO LẬP SẢN PHẨM,Tiếp nhận yêu cầu tra cứu sản phẩm theo yêu cầu qua kênh H2H - Kết quả chấm điểm thể nhân và các chỉ số liên quan.,Hệ thống,,,B,2,Đơn giản,1,,,,
UC-0977,977,QLSP,QUẢN LÝ TẠO LẬP SẢN PHẨM,"Tiếp nhận yêu cầu tra cứu sản phẩm theo yêu cầu qua kênh H2H - Báo cáo về tập đoàn, Tổng công ty, doanh nghiệp và cá nhân có liên quan.",Hệ thống,,,B,2,Đơn giản,1,,,,
UC-0978,978,QLSP,QUẢN LÝ TẠO LẬP SẢN PHẨM,Gửi thông báo từ chối tiếp nhận yêu cầu hỏi tin về sản phẩm tùy biến cho đơn vi hỏi tin qua API,QTHT,,,B,2,Đơn giản,,,,,
UC-0979,979,QLSP,QUẢN LÝ TẠO LẬP SẢN PHẨM,Gửi thông báo từ chối tiếp nhận yêu cầu tra cứu sản phẩm tùy biến cho đơn vi hỏi tin qua kênh H2H,QTHT,,,B,2,Đơn giản,,,,,
UC-0980,980,QLSP,QUẢN LÝ TẠO LẬP SẢN PHẨM,Gửi thông báo từ chối tiếp nhận yêu cầu tra cứu sản phẩm tùy biến cho đơn vi hỏi tin qua Web CIC,QTHT,,,B,2,Đơn giản,,,,,
UC-0981,981,QLSP,QUẢN LÝ TẠO LẬP SẢN PHẨM,Tra cứu thông báo từ chối tiếp nhận yêu cầu tra cứu sản phẩm tùy biến trên Web CIC,CBQTNCIC,,,B,2,Đơn giản,,,,,
UC-0982,982,QLSP,QUẢN LÝ TẠO LẬP SẢN PHẨM,Tra cứu thông báo từ chối tiếp nhận yêu cầu tra cứu sản phẩm tùy biến trên hệ thống Core,"CB-TLSP, LĐ-TLSP (gọi chung là Người dùng)",,,B,2,Đơn giản,,,,,
UC-0983,983,QLSP,QUẢN LÝ TẠO LẬP SẢN PHẨM,Gửi thông báo từ chối tiếp nhận yêu cầu hỏi tin về sản phẩm theo yêu cầu cho đơn vi hỏi tin qua API,QTHT,,,B,2,Đơn giản,,,,,
UC-0984,984,QLSP,QUẢN LÝ TẠO LẬP SẢN PHẨM,Gửi thông báo từ chối tiếp nhận yêu cầu tra cứu sản phẩm theo yêu cầu cho đơn vi hỏi tin qua kênh H2H,QTHT,,,B,2,Đơn giản,,,,,
UC-0985,985,QLSP,QUẢN LÝ TẠO LẬP SẢN PHẨM,Gửi thông báo từ chối tiếp nhận yêu cầu tra cứu sản phẩm theo yêu cầu cho đơn vi hỏi tin qua Web CIC,QTHT,,,B,2,Đơn giản,,,,,
UC-0986,986,QLSP,QUẢN LÝ TẠO LẬP SẢN PHẨM,Tra cứu thông báo từ chối tiếp nhận yêu cầu tra cứu sản phẩm theo yêu cầu trên Web CIC,CBQTNCIC,,,B,2,Đơn giản,,,,,
UC-0987,987,QLSP,QUẢN LÝ TẠO LẬP SẢN PHẨM,Tra cứu thông báo từ chối tiếp nhận yêu cầu tra cứu sản phẩm theo yêu cầu trên hệ thống Core,"CB-TLSP, LĐ-TLSP (gọi chung là Người dùng)",,,B,2,Đơn giản,,,,,
UC-0988,988,QLSP,QUẢN LÝ TẠO LẬP SẢN PHẨM,Đánh dấu yêu cầu hỏi tin về sản phẩm tùy biến cần xác nhận của chủ thể thông tin,"CB-TLSP, LĐ-TLSP (Gọi chung là Người dùng)",,,B,2,Đơn giản,,,,,
UC-0989,989,QLSP,QUẢN LÝ TẠO LẬP SẢN PHẨM,Đánh dấu yêu cầu hỏi tin về sản phẩm theo yêu cầu cần xác nhận của chủ thể thông tin,"CB-TLSP, LĐ-TLSP (Gọi chung là Người dùng)",,,B,2,Đơn giản,,,,,
UC-0990,990,QLSP,QUẢN LÝ TẠO LẬP SẢN PHẨM,Hệ thống tạo link ký xác nhận cung cấp thông tin cho sản phẩm tùy biến,Hệ thống,,,B,4,Trung bình,1,,,,
UC-0991,991,QLSP,QUẢN LÝ TẠO LẬP SẢN PHẨM,Hệ thống tạo link ký xác nhận cung cấp thông tin cho sản phẩm theo yêu cầu,Hệ thống,,,B,4,Trung bình,1,,,,
UC-0992,992,QLSP,QUẢN LÝ TẠO LẬP SẢN PHẨM,Gửi link ký xác nhận cung cấp thông tin tới chủ thể thông tin cho sản phẩm tùy biến,CB-TLSP,,,B,2,Đơn giản,,,,,
UC-0993,993,QLSP,QUẢN LÝ TẠO LẬP SẢN PHẨM,Gửi link ký xác nhận cung cấp thông tin tới chủ thể thông tin cho sản phẩm theo yêu cầu,CB-TLSP,,,B,2,Đơn giản,,,,,
UC-0994,994,QLSP,QUẢN LÝ TẠO LẬP SẢN PHẨM,Tra cứu link ký xác nhận cung cấp thông tin đã gửi tới chủ thể thông tin cho sản phẩm tùy biến,"CB-TLSP, LĐ-TLSP (Gọi chung là Người dùng)",,,B,3,Đơn giản,,,,,
UC-0995,995,QLSP,QUẢN LÝ TẠO LẬP SẢN PHẨM,Tra cứu link ký xác nhận cung cấp thông tin đã gửi tới chủ thể thông tin cho sản phẩm theo yêu cầu,"CB-TLSP, LĐ-TLSP (Gọi chung là Người dùng)",,,B,3,Đơn giản,,,,,
UC-0996,996,QLSP,QUẢN LÝ TẠO LẬP SẢN PHẨM,Khai báo thông tin đã thỏa thuận với chủ thể thông tin cho sản phẩm tùy biến,"CB-TLSP, LĐ-TLSP (Gọi chung là Người dùng)",,,B,4,Trung bình,,,,,
UC-0997,997,QLSP,QUẢN LÝ TẠO LẬP SẢN PHẨM,Tra cứu thông tin đã khai báo thỏa thuận với chủ thể thông tin cho sản phẩm tùy biến,"CB-TLSP, LĐ-TLSP (Gọi chung là Người dùng)",,,B,3,Đơn giản,,,,,
UC-0998,998,QLSP,QUẢN LÝ TẠO LẬP SẢN PHẨM,Xác nhận chủ thể thông tin đồng ý cung cấp thông tin cho sản phẩm tùy biến,"CB-TLSP, LĐ-TLSP (Gọi chung là Người dùng)",,,B,2,Đơn giản,,,,,
UC-0999,999,QLSP,QUẢN LÝ TẠO LẬP SẢN PHẨM,Xác nhận chủ thể thông tin từ chối cung cấp thông tin cho sản phẩm tùy biến,"CB-TLSP, LĐ-TLSP (Gọi chung là Người dùng)",,,B,2,Đơn giản,,,,,
UC-1000,1000,QLSP,QUẢN LÝ TẠO LẬP SẢN PHẨM,Khai báo thông tin đã thỏa thuận với chủ thể thông tin cho sản phẩm theo yêu cầu,"CB-TLSP, LĐ-TLSP (Gọi chung là Người dùng)",,,B,4,Trung bình,,,,,
UC-1001,1001,QLSP,QUẢN LÝ TẠO LẬP SẢN PHẨM,Tra cứu thông tin đã khai báo thỏa thuận với chủ thể thông tin cho sản phẩm theo yêu cầu,"CB-TLSP, LĐ-TLSP (Gọi chung là Người dùng)",,,B,3,Đơn giản,,,,,
UC-1002,1002,QLSP,QUẢN LÝ TẠO LẬP SẢN PHẨM,Xác nhận chủ thể thông tin đồng ý cung cấp thông tin cho sản phẩm theo yêu cầu,"CB-TLSP, LĐ-TLSP (Gọi chung là Người dùng)",,,B,2,Đơn giản,,,,,
UC-1003,1003,QLSP,QUẢN LÝ TẠO LẬP SẢN PHẨM,Xác nhận chủ thể thông tin từ chối cung cấp thông tin cho sản phẩm theo yêu cầu,"CB-TLSP, LĐ-TLSP (Gọi chung là Người dùng)",,,B,2,Đơn giản,,,,,
UC-1004,1004,QLSP,QUẢN LÝ TẠO LẬP SẢN PHẨM,Tra cứu yêu cầu đăng ký khai thác thông tin báo cáo định kỳ,"CB-TLSP, LĐ-TLSP (gọi chung là Người dùng)",,,B,3,Đơn giản,,,,,
UC-1005,1005,QLSP,QUẢN LÝ TẠO LẬP SẢN PHẨM,Kiểm tra yêu cầu đăng ký khai thác báo cáo định kỳ,"CB-TLSP, LĐ-TLSP (gọi chung là Người dùng)",,,B,3,Đơn giản,,,,,
UC-1006,1006,QLSP,QUẢN LÝ TẠO LẬP SẢN PHẨM,Tổng hợp và kiểm tra dữ liệu tạo lập sản phẩm - R11A - Thông tin quan hệ tín dụng thể nhân,Hệ thống,,,B,8,Phức tạp,1,,,,
UC-1007,1007,QLSP,QUẢN LÝ TẠO LẬP SẢN PHẨM,Tổng hợp và kiểm tra dữ liệu tạo lập sản phẩm - R14 - Thông tin chủ thẻ tín dụng thể nhân,Hệ thống,,,B,8,Phức tạp,1,,,,
UC-1008,1008,QLSP,QUẢN LÝ TẠO LẬP SẢN PHẨM,Tổng hợp và kiểm tra dữ liệu tạo lập sản phẩm - R21 - Thông tin đảm bảo tiền vay thể nhân,Hệ thống,,,B,8,Phức tạp,1,,,,
UC-1009,1009,QLSP,QUẢN LÝ TẠO LẬP SẢN PHẨM,Tổng hợp và kiểm tra dữ liệu tạo lập sản phẩm - Báo cáo tổng hợp thông tin tín dụng khách hàng thể nhân,Hệ thống,,,B,8,Phức tạp,1,,,,
UC-1010,1010,QLSP,QUẢN LÝ TẠO LẬP SẢN PHẨM,Tổng hợp và kiểm tra dữ liệu tạo lập sản phẩm - S37 - Cảnh báo khách hàng vay,Hệ thống,,,B,8,Phức tạp,1,,,,
UC-1011,1011,QLSP,QUẢN LÝ TẠO LẬP SẢN PHẨM,Tổng hợp và kiểm tra dữ liệu tạo lập sản phẩm - R10A - Thông tin quan hệ tín dụng pháp nhân,Hệ thống,,,B,8,Phức tạp,1,,,,
UC-1012,1012,QLSP,QUẢN LÝ TẠO LẬP SẢN PHẨM,Tổng hợp và kiểm tra dữ liệu tạo lập sản phẩm - R14 - Thông tin chủ thẻ tín dụng pháp nhân,Hệ thống,,,B,8,Phức tạp,1,,,,
UC-1013,1013,QLSP,QUẢN LÝ TẠO LẬP SẢN PHẨM,Tổng hợp và kiểm tra dữ liệu tạo lập sản phẩm - R20 - Thông tin bảo đảm tiền vay pháp nhân,Hệ thống,,,B,8,Phức tạp,1,,,,
UC-1014,1014,QLSP,QUẢN LÝ TẠO LẬP SẢN PHẨM,Tổng hợp và kiểm tra dữ liệu tạo lập sản phẩm - S10A - Chi tiết về khách hàng vay pháp nhân,Hệ thống,,,B,8,Phức tạp,1,,,,
UC-1015,1015,QLSP,QUẢN LÝ TẠO LẬP SẢN PHẨM,Tổng hợp và kiểm tra dữ liệu tạo lập sản phẩm - XH50 - Sản phẩm xếp hạng tín dụng doanh nghiệp cơ bản.,Hệ thống,,,B,8,Phức tạp,1,,,,
UC-1016,1016,QLSP,QUẢN LÝ TẠO LẬP SẢN PHẨM,"Tổng hợp và kiểm tra dữ liệu tạo lập sản phẩm - XH51 - Sản phẩm XHTD Tập đoàn, Tổng Công ty cơ bản.",Hệ thống,,,B,8,Phức tạp,1,,,,
UC-1017,1017,QLSP,QUẢN LÝ TẠO LẬP SẢN PHẨM,Tổng hợp và kiểm tra dữ liệu tạo lập sản phẩm - XH50K - Sản phẩm XHTD DN cơ bản cho các tổ chức ngoài ngành.,Hệ thống,,,B,8,Phức tạp,1,,,,
UC-1018,1018,QLSP,QUẢN LÝ TẠO LẬP SẢN PHẨM,"Tổng hợp và kiểm tra dữ liệu tạo lập sản phẩm - XH51K - Sản phẩm XHTD Tập đoàn, Tổng Công ty cơ bản cho các tổ chức ngoài ngành.",Hệ thống,,,B,8,Phức tạp,1,,,,
UC-1019,1019,QLSP,QUẢN LÝ TẠO LẬP SẢN PHẨM,Tổng hợp và kiểm tra dữ liệu tạo lập sản phẩm - S40 - Điểm tín dụng của khách hàng.,Hệ thống,,,B,8,Phức tạp,1,,,,
UC-1020,1020,QLSP,QUẢN LÝ TẠO LẬP SẢN PHẨM,"Tổng hợp và kiểm tra dữ liệu tạo lập sản phẩm - XH53 - Sản phẩm Bộ chỉ số trung bình ngành (theo phân loại, tính toán của CIC)",Hệ thống,,,B,8,Phức tạp,1,,,,
UC-1021,1021,QLSP,QUẢN LÝ TẠO LẬP SẢN PHẨM,Tổng hợp và kiểm tra dữ liệu tạo lập sản phẩm - PN.SBVF1 - Báo cáo chi tiết về khách hàng vay pháp nhân,Hệ thống,,,B,8,Phức tạp,1,,,,
UC-1022,1022,QLSP,QUẢN LÝ TẠO LẬP SẢN PHẨM,Tổng hợp và kiểm tra dữ liệu tạo lập sản phẩm - TN.SBVF1 - Báo cáo chi tiết về khách hàng vay thể nhân,Hệ thống,,,B,8,Phức tạp,1,,,,
UC-1023,1023,QLSP,QUẢN LÝ TẠO LẬP SẢN PHẨM,Tổng hợp và kiểm tra dữ liệu tạo lập sản phẩm - Báo cáo thông tin doanh nghiệp cơ bản (English version),Hệ thống,,,B,8,Phức tạp,1,,,,
UC-1024,1024,QLSP,QUẢN LÝ TẠO LẬP SẢN PHẨM,Tổng hợp và kiểm tra dữ liệu tạo lập sản phẩm - Báo cáo thông tin doanh nghiệp (English version),Hệ thống,,,B,8,Phức tạp,1,,,,
UC-1025,1025,QLSP,QUẢN LÝ TẠO LẬP SẢN PHẨM,Tổng hợp và kiểm tra dữ liệu tạo lập sản phẩm - Báo cáo thông tin doanh nghiệp toàn diện (English version),Hệ thống,,,B,8,Phức tạp,1,,,,
UC-1026,1026,QLSP,QUẢN LÝ TẠO LẬP SẢN PHẨM,Tổng hợp và kiểm tra dữ liệu tạo lập sản phẩm - S70 – Báo cáo thông tin về doanh nghiệp nước ngoài.,Hệ thống,,,B,8,Phức tạp,1,,,,
UC-1027,1027,QLSP,QUẢN LÝ TẠO LẬP SẢN PHẨM,Tổng hợp và kiểm tra dữ liệu tạo lập sản phẩm - Nhóm báo cáo theo mô hình.,Hệ thống,,,B,8,Phức tạp,1,,,,
UC-1028,1028,QLSP,QUẢN LÝ TẠO LẬP SẢN PHẨM,Tổng hợp và kiểm tra dữ liệu tạo lập sản phẩm - Sản phẩm cung cấp danh sách khách hàng tiềm năng.,Hệ thống,,,B,8,Phức tạp,1,,,,
UC-1029,1029,QLSP,QUẢN LÝ TẠO LẬP SẢN PHẨM,Tổng hợp và kiểm tra dữ liệu tạo lập sản phẩm - Sản phẩm xếp hạng tín dụng doanh nghiệp chuyên sâu.,Hệ thống,,,B,8,Phức tạp,1,,,,
UC-1030,1030,QLSP,QUẢN LÝ TẠO LẬP SẢN PHẨM,"Tổng hợp và kiểm tra dữ liệu tạo lập sản phẩm - Sản phẩm XHTD Tập đoàn, Tổng Công ty chuyên sâu.",Hệ thống,,,B,8,Phức tạp,1,,,,
UC-1031,1031,QLSP,QUẢN LÝ TẠO LẬP SẢN PHẨM,Tổng hợp và kiểm tra dữ liệu tạo lập sản phẩm - Sản phẩm chuyên sâu cho Doanh nghiệp tự đăng ký XHTD,Hệ thống,,,B,8,Phức tạp,1,,,,
UC-1032,1032,QLSP,QUẢN LÝ TẠO LẬP SẢN PHẨM,"Tổng hợp và kiểm tra dữ liệu tạo lập sản phẩm - Sản phẩm chuyên sâu cho Tập đoàn, Tổng Công ty tự đăng ký",Hệ thống,,,B,8,Phức tạp,1,,,,
UC-1033,1033,QLSP,QUẢN LÝ TẠO LẬP SẢN PHẨM,Tổng hợp và kiểm tra dữ liệu tạo lập sản phẩm - XH50S - Sản phẩm cơ bản cho Doanh nghiệp tự đăng ký XHTD.,Hệ thống,,,B,8,Phức tạp,1,,,,
UC-1034,1034,QLSP,QUẢN LÝ TẠO LẬP SẢN PHẨM,"Tổng hợp và kiểm tra dữ liệu tạo lập sản phẩm - XH51S - Sản phẩm cơ bản cho Tập đoàn, Tổng Công ty tự đăng ký XHTD. XHTD",Hệ thống,,,B,8,Phức tạp,1,,,,
UC-1035,1035,QLSP,QUẢN LÝ TẠO LẬP SẢN PHẨM,Tổng hợp và kiểm tra dữ liệu tạo lập sản phẩm - Sản phẩm XHTD DN chuyên sâu cho các tổ chức ngoài ngành.,Hệ thống,,,B,8,Phức tạp,1,,,,
UC-1036,1036,QLSP,QUẢN LÝ TẠO LẬP SẢN PHẨM,"Tổng hợp và kiểm tra dữ liệu tạo lập sản phẩm - Sản phẩm XHTD Tập đoàn, Tổng Công ty chuyên sâu cho các tổ chức ngoài ngành.",Hệ thống,,,B,8,Phức tạp,1,,,,
UC-1037,1037,QLSP,QUẢN LÝ TẠO LẬP SẢN PHẨM,Tổng hợp và kiểm tra dữ liệu tạo lập sản phẩm - Sản phẩm bộ chỉ số trung bình ngành theo yêu cầu của đơn vị hỏi tin - XH53A,Hệ thống,,,B,8,Phức tạp,1,,,,
UC-1038,1038,QLSP,QUẢN LÝ TẠO LẬP SẢN PHẨM,Tổng hợp và kiểm tra dữ liệu tạo lập sản phẩm - Kết quả xếp hạng và các chỉ số liên quan của doanh nghiệp,Hệ thống,,,B,8,Phức tạp,1,,,,
UC-1039,1039,QLSP,QUẢN LÝ TẠO LẬP SẢN PHẨM,Tổng hợp và kiểm tra dữ liệu tạo lập sản phẩm - Kết quả chấm điểm thể nhân và các chỉ số liên quan.,Hệ thống,,,B,8,Phức tạp,1,,,,
UC-1040,1040,QLSP,QUẢN LÝ TẠO LẬP SẢN PHẨM,"Tổng hợp và kiểm tra dữ liệu tạo lập sản phẩm - Báo cáo về tập đoàn, Tổng công ty, doanh nghiệp và cá nhân có liên quan.",Hệ thống,,,B,8,Phức tạp,1,,,,
UC-1041,1041,QLSP,QUẢN LÝ TẠO LẬP SẢN PHẨM,Tổng hợp và kiểm tra dữ liệu tạo lập sản phẩm - Thông tin về dư nợ theo loại hình TCTD,Hệ thống,,,B,8,Phức tạp,1,,,,
UC-1042,1042,QLSP,QUẢN LÝ TẠO LẬP SẢN PHẨM,Tổng hợp và kiểm tra dữ liệu tạo lập sản phẩm - Thông tin về dư nợ theo địa bàn,Hệ thống,,,B,8,Phức tạp,1,,,,
UC-1043,1043,QLSP,QUẢN LÝ TẠO LẬP SẢN PHẨM,Tổng hợp và kiểm tra dữ liệu tạo lập sản phẩm - Thông tin về dư nợ cho vay theo đối tượng vay,Hệ thống,,,B,8,Phức tạp,1,,,,
UC-1044,1044,QLSP,QUẢN LÝ TẠO LẬP SẢN PHẨM,Tổng hợp và kiểm tra dữ liệu tạo lập sản phẩm - Thông tin về dư nợ cho vay theo nhóm nợ,Hệ thống,,,B,8,Phức tạp,1,,,,
UC-1045,1045,QLSP,QUẢN LÝ TẠO LẬP SẢN PHẨM,Tổng hợp và kiểm tra dữ liệu tạo lập sản phẩm - Thông tin về Tăng trưởng dư nợ và biến động nợ xấu của thời điểm này so với thời điểm khác,Hệ thống,,,B,8,Phức tạp,1,,,,
UC-1046,1046,QLSP,QUẢN LÝ TẠO LẬP SẢN PHẨM,"Tổng hợp và kiểm tra dữ liệu tạo lập sản phẩm - BC cung cấp cho Công an, tòa án, Viện KSND....",Hệ thống,,,B,8,Phức tạp,1,,,,
UC-1047,1047,QLSP,QUẢN LÝ TẠO LẬP SẢN PHẨM,"Tổng hợp và kiểm tra dữ liệu tạo lập sản phẩm - BC cung cấp cho các bộ, ngành khác",Hệ thống,,,B,8,Phức tạp,1,,,,
UC-1048,1048,QLSP,QUẢN LÝ TẠO LẬP SẢN PHẨM,Tổng hợp và kiểm tra dữ liệu tạo lập sản phẩm - R18 - Danh sách khách hàng có nhóm nợ cao hơn ở TCTD khác,Hệ thống,,,B,8,Phức tạp,1,,,,
UC-1049,1049,QLSP,QUẢN LÝ TẠO LẬP SẢN PHẨM,Tổng hợp và kiểm tra dữ liệu tạo lập sản phẩm - R19 - Danh sách khách hàng thay đổi nhóm nợ cao nhất.,Hệ thống,,,B,8,Phức tạp,1,,,,
UC-1050,1050,QLSP,QUẢN LÝ TẠO LẬP SẢN PHẨM,Tổng hợp và kiểm tra dữ liệu tạo lập sản phẩm - S36 - Cảnh báo khách hàng có nợ xấu tại TCTD khác,Hệ thống,,,B,8,Phức tạp,1,,,,
UC-1051,1051,QLSP,QUẢN LÝ TẠO LẬP SẢN PHẨM,Tổng hợp và kiểm tra dữ liệu tạo lập sản phẩm - S39 - Cảnh báo khách hàng phát sinh nợ cần chú ý,Hệ thống,,,B,8,Phức tạp,1,,,,
UC-1052,1052,QLSP,QUẢN LÝ TẠO LẬP SẢN PHẨM,"Tổng hợp và kiểm tra dữ liệu tạo lập sản phẩm - Báo cáo quản trị rủi ro về tình hình hoạt động của doanh nghiệp theo địa bàn, ngành, TCTD, ...",Hệ thống,,,B,8,Phức tạp,1,,,,
UC-1053,1053,QLSP,QUẢN LÝ TẠO LẬP SẢN PHẨM,Tổng hợp và kiểm tra dữ liệu tạo lập sản phẩm - Báo cáo tổng hợp về khách hàng thể nhân,Hệ thống,,,B,8,Phức tạp,1,,,,
UC-1054,1054,QLSP,QUẢN LÝ TẠO LẬP SẢN PHẨM,Tổng hợp và kiểm tra dữ liệu tạo lập sản phẩm - Danh sách TĐ tư nhân và các đơn vị thành viên,Hệ thống,,,B,8,Phức tạp,1,,,,
UC-1055,1055,QLSP,QUẢN LÝ TẠO LẬP SẢN PHẨM,Tổng hợp và kiểm tra dữ liệu tạo lập sản phẩm - Báo cáo phân tích ngành kinh tế chuyên sâu,Hệ thống,,,B,8,Phức tạp,1,,,,
UC-1056,1056,QLSP,QUẢN LÝ TẠO LẬP SẢN PHẨM,"Tổng hợp và kiểm tra dữ liệu tạo lập sản phẩm - R52 - Tin tức, bài viết phân tích cảnh báo tín dụng",Hệ thống,,,B,8,Phức tạp,1,,,,
UC-1057,1057,QLSP,QUẢN LÝ TẠO LẬP SẢN PHẨM,Thiết lập thời gian tổng hợp dữ liệu - theo từng loại sản phẩm,"QTHT, CB-TLSP, CB-KSDL, LĐP-KSDL (gọi chung là Người dùng)",,,B,4,Trung bình,,,,,
UC-1058,1058,QLSP,QUẢN LÝ TẠO LẬP SẢN PHẨM,Tra cứu thông tin về thời gian tổng hợp dữ liệu,"QTHT, CB-TLSP, CB-KSDL, LĐP-KSDL (gọi chung là Người dùng)",,,B,3,Đơn giản,,,,,
UC-1059,1059,QLSP,QUẢN LÝ TẠO LẬP SẢN PHẨM,Thiết lập bộ dữ liệu cần tổng hợp theo sản phẩm - R11A - Thông tin quan hệ tín dụng thể nhân,"QTHT, CB-TLSP, CB-KSDL, LĐP-KSDL (gọi chung là Người dùng)",,,B,5,Trung bình,,,,,
UC-1060,1060,QLSP,QUẢN LÝ TẠO LẬP SẢN PHẨM,Thiết lập bộ dữ liệu cần tổng hợp theo sản phẩm - R14 - Thông tin chủ thẻ tín dụng thể nhân,"QTHT, CB-TLSP, CB-KSDL, LĐP-KSDL (gọi chung là Người dùng)",,,B,5,Trung bình,,,,,
UC-1061,1061,QLSP,QUẢN LÝ TẠO LẬP SẢN PHẨM,Thiết lập bộ dữ liệu cần tổng hợp theo sản phẩm - R21 - Thông tin đảm bảo tiền vay thể nhân,"QTHT, CB-TLSP, CB-KSDL, LĐP-KSDL (gọi chung là Người dùng)",,,B,5,Trung bình,,,,,
UC-1062,1062,QLSP,QUẢN LÝ TẠO LẬP SẢN PHẨM,Thiết lập bộ dữ liệu cần tổng hợp theo sản phẩm - Báo cáo tổng hợp thông tin tín dụng khách hàng thể nhân,"QTHT, CB-TLSP, CB-KSDL, LĐP-KSDL (gọi chung là Người dùng)",,,B,5,Trung bình,,,,,
UC-1063,1063,QLSP,QUẢN LÝ TẠO LẬP SẢN PHẨM,Thiết lập bộ dữ liệu cần tổng hợp theo sản phẩm - S37 - Cảnh báo khách hàng vay,"QTHT, CB-TLSP, CB-KSDL, LĐP-KSDL (gọi chung là Người dùng)",,,B,5,Trung bình,,,,,
UC-1064,1064,QLSP,QUẢN LÝ TẠO LẬP SẢN PHẨM,Thiết lập bộ dữ liệu cần tổng hợp theo sản phẩm - R10A - Thông tin quan hệ tín dụng pháp nhân,"QTHT, CB-TLSP, CB-KSDL, LĐP-KSDL (gọi chung là Người dùng)",,,B,5,Trung bình,,,,,
UC-1065,1065,QLSP,QUẢN LÝ TẠO LẬP SẢN PHẨM,Thiết lập bộ dữ liệu cần tổng hợp theo sản phẩm - R14 - Thông tin chủ thẻ tín dụng pháp nhân,"QTHT, CB-TLSP, CB-KSDL, LĐP-KSDL (gọi chung là Người dùng)",,,B,5,Trung bình,,,,,
UC-1066,1066,QLSP,QUẢN LÝ TẠO LẬP SẢN PHẨM,Thiết lập bộ dữ liệu cần tổng hợp theo sản phẩm - R20 - Thông tin bảo đảm tiền vay pháp nhân,"QTHT, CB-TLSP, CB-KSDL, LĐP-KSDL (gọi chung là Người dùng)",,,B,5,Trung bình,,,,,
UC-1067,1067,QLSP,QUẢN LÝ TẠO LẬP SẢN PHẨM,Thiết lập bộ dữ liệu cần tổng hợp theo sản phẩm - S10A - Chi tiết về khách hàng vay pháp nhân,"QTHT, CB-TLSP, CB-KSDL, LĐP-KSDL (gọi chung là Người dùng)",,,B,5,Trung bình,,,,,
UC-1068,1068,QLSP,QUẢN LÝ TẠO LẬP SẢN PHẨM,Thiết lập bộ dữ liệu cần tổng hợp theo sản phẩm - XH50 - Sản phẩm xếp hạng tín dụng doanh nghiệp cơ bản.,"QTHT, CB-TLSP, CB-KSDL, LĐP-KSDL (gọi chung là Người dùng)",,,B,5,Trung bình,,,,,
UC-1069,1069,QLSP,QUẢN LÝ TẠO LẬP SẢN PHẨM,"Thiết lập bộ dữ liệu cần tổng hợp theo sản phẩm - XH51 - Sản phẩm XHTD Tập đoàn, Tổng Công ty cơ bản.","QTHT, CB-TLSP, CB-KSDL, LĐP-KSDL (gọi chung là Người dùng)",,,B,5,Trung bình,,,,,
UC-1070,1070,QLSP,QUẢN LÝ TẠO LẬP SẢN PHẨM,Thiết lập bộ dữ liệu cần tổng hợp theo sản phẩm - XH50K - Sản phẩm XHTD DN cơ bản cho các tổ chức ngoài ngành.,"QTHT, CB-TLSP, CB-KSDL, LĐP-KSDL (gọi chung là Người dùng)",,,B,5,Trung bình,,,,,
UC-1071,1071,QLSP,QUẢN LÝ TẠO LẬP SẢN PHẨM,"Thiết lập bộ dữ liệu cần tổng hợp theo sản phẩm - XH51K - Sản phẩm XHTD Tập đoàn, Tổng Công ty cơ bản cho các tổ chức ngoài ngành.","QTHT, CB-TLSP, CB-KSDL, LĐP-KSDL (gọi chung là Người dùng)",,,B,5,Trung bình,,,,,
UC-1072,1072,QLSP,QUẢN LÝ TẠO LẬP SẢN PHẨM,Thiết lập bộ dữ liệu cần tổng hợp theo sản phẩm - S40 - Điểm tín dụng của khách hàng.,"QTHT, CB-TLSP, CB-KSDL, LĐP-KSDL (gọi chung là Người dùng)",,,B,5,Trung bình,,,,,
UC-1073,1073,QLSP,QUẢN LÝ TẠO LẬP SẢN PHẨM,"Thiết lập bộ dữ liệu cần tổng hợp theo sản phẩm - XH53 - Sản phẩm Bộ chỉ số trung bình ngành (theo phân loại, tính toán của CIC)","QTHT, CB-TLSP, CB-KSDL, LĐP-KSDL (gọi chung là Người dùng)",,,B,5,Trung bình,,,,,
UC-1074,1074,QLSP,QUẢN LÝ TẠO LẬP SẢN PHẨM,Thiết lập bộ dữ liệu cần tổng hợp theo sản phẩm - PN.SBVF1 - Báo cáo chi tiết về khách hàng vay pháp nhân,"QTHT, CB-TLSP, CB-KSDL, LĐP-KSDL (gọi chung là Người dùng)",,,B,5,Trung bình,,,,,
UC-1075,1075,QLSP,QUẢN LÝ TẠO LẬP SẢN PHẨM,Thiết lập bộ dữ liệu cần tổng hợp theo sản phẩm - TN.SBVF1 - Báo cáo chi tiết về khách hàng vay thể nhân,"QTHT, CB-TLSP, CB-KSDL, LĐP-KSDL (gọi chung là Người dùng)",,,B,5,Trung bình,,,,,
UC-1076,1076,QLSP,QUẢN LÝ TẠO LẬP SẢN PHẨM,Thiết lập bộ dữ liệu cần tổng hợp theo sản phẩm - Báo cáo thông tin doanh nghiệp cơ bản (English version),"QTHT, CB-TLSP, CB-KSDL, LĐP-KSDL (gọi chung là Người dùng)",,,B,5,Trung bình,,,,,
UC-1077,1077,QLSP,QUẢN LÝ TẠO LẬP SẢN PHẨM,Thiết lập bộ dữ liệu cần tổng hợp theo sản phẩm - Báo cáo thông tin doanh nghiệp (English version),"QTHT, CB-TLSP, CB-KSDL, LĐP-KSDL (gọi chung là Người dùng)",,,B,5,Trung bình,,,,,
UC-1078,1078,QLSP,QUẢN LÝ TẠO LẬP SẢN PHẨM,Thiết lập bộ dữ liệu cần tổng hợp theo sản phẩm - Báo cáo thông tin doanh nghiệp toàn diện (English version),"QTHT, CB-TLSP, CB-KSDL, LĐP-KSDL (gọi chung là Người dùng)",,,B,5,Trung bình,,,,,
UC-1079,1079,QLSP,QUẢN LÝ TẠO LẬP SẢN PHẨM,Thiết lập bộ dữ liệu cần tổng hợp theo sản phẩm - S70 – Báo cáo thông tin về doanh nghiệp nước ngoài.,"QTHT, CB-TLSP, CB-KSDL, LĐP-KSDL (gọi chung là Người dùng)",,,B,5,Trung bình,,,,,
UC-1080,1080,QLSP,QUẢN LÝ TẠO LẬP SẢN PHẨM,Thiết lập bộ dữ liệu cần tổng hợp theo sản phẩm - Nhóm báo cáo theo mô hình.,"QTHT, CB-TLSP, CB-KSDL, LĐP-KSDL (gọi chung là Người dùng)",,,B,5,Trung bình,,,,,
UC-1081,1081,QLSP,QUẢN LÝ TẠO LẬP SẢN PHẨM,Thiết lập bộ dữ liệu cần tổng hợp theo sản phẩm - Sản phẩm cung cấp danh sách khách hàng tiềm năng.,"QTHT, CB-TLSP, CB-KSDL, LĐP-KSDL (gọi chung là Người dùng)",,,B,5,Trung bình,,,,,
UC-1082,1082,QLSP,QUẢN LÝ TẠO LẬP SẢN PHẨM,Thiết lập bộ dữ liệu cần tổng hợp theo sản phẩm - Sản phẩm xếp hạng tín dụng doanh nghiệp chuyên sâu.,"QTHT, CB-TLSP, CB-KSDL, LĐP-KSDL (gọi chung là Người dùng)",,,B,5,Trung bình,,,,,
UC-1083,1083,QLSP,QUẢN LÝ TẠO LẬP SẢN PHẨM,"Thiết lập bộ dữ liệu cần tổng hợp theo sản phẩm - Sản phẩm XHTD Tập đoàn, Tổng Công ty chuyên sâu.","QTHT, CB-TLSP, CB-KSDL, LĐP-KSDL (gọi chung là Người dùng)",,,B,5,Trung bình,,,,,
UC-1084,1084,QLSP,QUẢN LÝ TẠO LẬP SẢN PHẨM,Thiết lập bộ dữ liệu cần tổng hợp theo sản phẩm - Sản phẩm chuyên sâu cho Doanh nghiệp tự đăng ký XHTD,"QTHT, CB-TLSP, CB-KSDL, LĐP-KSDL (gọi chung là Người dùng)",,,B,5,Trung bình,,,,,
UC-1085,1085,QLSP,QUẢN LÝ TẠO LẬP SẢN PHẨM,"Thiết lập bộ dữ liệu cần tổng hợp theo sản phẩm - Sản phẩm chuyên sâu cho Tập đoàn, Tổng Công ty tự đăng ký","QTHT, CB-TLSP, CB-KSDL, LĐP-KSDL (gọi chung là Người dùng)",,,B,5,Trung bình,,,,,
UC-1086,1086,QLSP,QUẢN LÝ TẠO LẬP SẢN PHẨM,Thiết lập bộ dữ liệu cần tổng hợp theo sản phẩm - XH50S - Sản phẩm cơ bản cho Doanh nghiệp tự đăng ký XHTD.,"QTHT, CB-TLSP, CB-KSDL, LĐP-KSDL (gọi chung là Người dùng)",,,B,5,Trung bình,,,,,
UC-1087,1087,QLSP,QUẢN LÝ TẠO LẬP SẢN PHẨM,"Thiết lập bộ dữ liệu cần tổng hợp theo sản phẩm - XH51S - Sản phẩm cơ bản cho Tập đoàn, Tổng Công ty tự đăng ký XHTD. XHTD","QTHT, CB-TLSP, CB-KSDL, LĐP-KSDL (gọi chung là Người dùng)",,,B,5,Trung bình,,,,,
UC-1088,1088,QLSP,QUẢN LÝ TẠO LẬP SẢN PHẨM,Thiết lập bộ dữ liệu cần tổng hợp theo sản phẩm - Sản phẩm XHTD DN chuyên sâu cho các tổ chức ngoài ngành.,"QTHT, CB-TLSP, CB-KSDL, LĐP-KSDL (gọi chung là Người dùng)",,,B,5,Trung bình,,,,,
UC-1089,1089,QLSP,QUẢN LÝ TẠO LẬP SẢN PHẨM,"Thiết lập bộ dữ liệu cần tổng hợp theo sản phẩm - Sản phẩm XHTD Tập đoàn, Tổng Công ty chuyên sâu cho các tổ chức ngoài ngành.","QTHT, CB-TLSP, CB-KSDL, LĐP-KSDL (gọi chung là Người dùng)",,,B,5,Trung bình,,,,,
UC-1090,1090,QLSP,QUẢN LÝ TẠO LẬP SẢN PHẨM,Thiết lập bộ dữ liệu cần tổng hợp theo sản phẩm - Sản phẩm bộ chỉ số trung bình ngành theo yêu cầu của đơn vị hỏi tin - XH53A,"QTHT, CB-TLSP, CB-KSDL, LĐP-KSDL (gọi chung là Người dùng)",,,B,5,Trung bình,,,,,
UC-1091,1091,QLSP,QUẢN LÝ TẠO LẬP SẢN PHẨM,Thiết lập bộ dữ liệu cần tổng hợp theo sản phẩm - Kết quả xếp hạng và các chỉ số liên quan của doanh nghiệp,"QTHT, CB-TLSP, CB-KSDL, LĐP-KSDL (gọi chung là Người dùng)",,,B,5,Trung bình,,,,,
UC-1092,1092,QLSP,QUẢN LÝ TẠO LẬP SẢN PHẨM,Thiết lập bộ dữ liệu cần tổng hợp theo sản phẩm - Kết quả chấm điểm thể nhân và các chỉ số liên quan.,"QTHT, CB-TLSP, CB-KSDL, LĐP-KSDL (gọi chung là Người dùng)",,,B,5,Trung bình,,,,,
UC-1093,1093,QLSP,QUẢN LÝ TẠO LẬP SẢN PHẨM,"Thiết lập bộ dữ liệu cần tổng hợp theo sản phẩm - Báo cáo về tập đoàn, Tổng công ty, doanh nghiệp và cá nhân có liên quan.","QTHT, CB-TLSP, CB-KSDL, LĐP-KSDL (gọi chung là Người dùng)",,,B,5,Trung bình,,,,,
UC-1094,1094,QLSP,QUẢN LÝ TẠO LẬP SẢN PHẨM,Thiết lập bộ dữ liệu cần tổng hợp theo sản phẩm - Thông tin về dư nợ theo loại hình TCTD,"QTHT, CB-TLSP, CB-KSDL, LĐP-KSDL (gọi chung là Người dùng)",,,B,5,Trung bình,,,,,
UC-1095,1095,QLSP,QUẢN LÝ TẠO LẬP SẢN PHẨM,Thiết lập bộ dữ liệu cần tổng hợp theo sản phẩm - Thông tin về dư nợ theo địa bàn,"QTHT, CB-TLSP, CB-KSDL, LĐP-KSDL (gọi chung là Người dùng)",,,B,5,Trung bình,,,,,
UC-1096,1096,QLSP,QUẢN LÝ TẠO LẬP SẢN PHẨM,Thiết lập bộ dữ liệu cần tổng hợp theo sản phẩm - Thông tin về dư nợ cho vay theo đối tượng vay,"QTHT, CB-TLSP, CB-KSDL, LĐP-KSDL (gọi chung là Người dùng)",,,B,5,Trung bình,,,,,
UC-1097,1097,QLSP,QUẢN LÝ TẠO LẬP SẢN PHẨM,Thiết lập bộ dữ liệu cần tổng hợp theo sản phẩm - Thông tin về dư nợ cho vay theo nhóm nợ,"QTHT, CB-TLSP, CB-KSDL, LĐP-KSDL (gọi chung là Người dùng)",,,B,5,Trung bình,,,,,
UC-1098,1098,QLSP,QUẢN LÝ TẠO LẬP SẢN PHẨM,Thiết lập bộ dữ liệu cần tổng hợp theo sản phẩm - Thông tin về Tăng trưởng dư nợ và biến động nợ xấu của thời điểm này so với thời điểm khác,"QTHT, CB-TLSP, CB-KSDL, LĐP-KSDL (gọi chung là Người dùng)",,,B,5,Trung bình,,,,,
UC-1099,1099,QLSP,QUẢN LÝ TẠO LẬP SẢN PHẨM,"Thiết lập bộ dữ liệu cần tổng hợp theo sản phẩm - BC cung cấp cho Công an, tòa án, Viện KSND....","QTHT, CB-TLSP, CB-KSDL, LĐP-KSDL (gọi chung là Người dùng)",,,B,5,Trung bình,,,,,
UC-1100,1100,QLSP,QUẢN LÝ TẠO LẬP SẢN PHẨM,"Thiết lập bộ dữ liệu cần tổng hợp theo sản phẩm - BC cung cấp cho các bộ, ngành khác","QTHT, CB-TLSP, CB-KSDL, LĐP-KSDL (gọi chung là Người dùng)",,,B,5,Trung bình,,,,,
UC-1101,1101,QLSP,QUẢN LÝ TẠO LẬP SẢN PHẨM,Thiết lập bộ dữ liệu cần tổng hợp theo sản phẩm - R18 - Danh sách khách hàng có nhóm nợ cao hơn ở TCTD khác,"QTHT, CB-TLSP, CB-KSDL, LĐP-KSDL (gọi chung là Người dùng)",,,B,5,Trung bình,,,,,
UC-1102,1102,QLSP,QUẢN LÝ TẠO LẬP SẢN PHẨM,Thiết lập bộ dữ liệu cần tổng hợp theo sản phẩm - R19 - Danh sách khách hàng thay đổi nhóm nợ cao nhất.,"QTHT, CB-TLSP, CB-KSDL, LĐP-KSDL (gọi chung là Người dùng)",,,B,5,Trung bình,,,,,
UC-1103,1103,QLSP,QUẢN LÝ TẠO LẬP SẢN PHẨM,Thiết lập bộ dữ liệu cần tổng hợp theo sản phẩm - S36 - Cảnh báo khách hàng có nợ xấu tại TCTD khác,"QTHT, CB-TLSP, CB-KSDL, LĐP-KSDL (gọi chung là Người dùng)",,,B,5,Trung bình,,,,,
UC-1104,1104,QLSP,QUẢN LÝ TẠO LẬP SẢN PHẨM,Thiết lập bộ dữ liệu cần tổng hợp theo sản phẩm - S39 - Cảnh báo khách hàng phát sinh nợ cần chú ý,"QTHT, CB-TLSP, CB-KSDL, LĐP-KSDL (gọi chung là Người dùng)",,,B,5,Trung bình,,,,,
UC-1105,1105,QLSP,QUẢN LÝ TẠO LẬP SẢN PHẨM,"Thiết lập bộ dữ liệu cần tổng hợp theo sản phẩm - Báo cáo quản trị rủi ro về tình hình hoạt động của doanh nghiệp theo địa bàn, ngành, TCTD, ...","QTHT, CB-TLSP, CB-KSDL, LĐP-KSDL (gọi chung là Người dùng)",,,B,5,Trung bình,,,,,
UC-1106,1106,QLSP,QUẢN LÝ TẠO LẬP SẢN PHẨM,Thiết lập bộ dữ liệu cần tổng hợp theo sản phẩm - Báo cáo tổng hợp về khách hàng thể nhân,"QTHT, CB-TLSP, CB-KSDL, LĐP-KSDL (gọi chung là Người dùng)",,,B,5,Trung bình,,,,,
UC-1107,1107,QLSP,QUẢN LÝ TẠO LẬP SẢN PHẨM,Thiết lập bộ dữ liệu cần tổng hợp theo sản phẩm - Danh sách TĐ tư nhân và các đơn vị thành viên,"QTHT, CB-TLSP, CB-KSDL, LĐP-KSDL (gọi chung là Người dùng)",,,B,5,Trung bình,,,,,
UC-1108,1108,QLSP,QUẢN LÝ TẠO LẬP SẢN PHẨM,Thiết lập bộ dữ liệu cần tổng hợp theo sản phẩm - Báo cáo phân tích ngành kinh tế chuyên sâu,"QTHT, CB-TLSP, CB-KSDL, LĐP-KSDL (gọi chung là Người dùng)",,,B,5,Trung bình,,,,,
UC-1109,1109,QLSP,QUẢN LÝ TẠO LẬP SẢN PHẨM,"Thiết lập bộ dữ liệu cần tổng hợp theo sản phẩm - R52 - Tin tức, bài viết phân tích cảnh báo tín dụng","QTHT, CB-TLSP, CB-KSDL, LĐP-KSDL (gọi chung là Người dùng)",,,B,5,Trung bình,,,,,
UC-1110,1110,QLSP,QUẢN LÝ TẠO LẬP SẢN PHẨM,Tra cứu thông tin về bộ dữ liệu cần tổng hợp theo sản phẩm,"QTHT, CB-TLSP, CB-KSDL, LĐP-KSDL (gọi chung là Người dùng)",,,B,3,Đơn giản,,,,,
UC-1111,1111,QLSP,QUẢN LÝ TẠO LẬP SẢN PHẨM,Thiết lập điều kiện kiểm tra dữ liệu tổng hợp theo sản phẩm - R11A - Thông tin quan hệ tín dụng thể nhân,"QTHT, CB-TLSP, CB-KSDL, LĐP-KSDL (gọi chung là Người dùng)",,,B,5,Trung bình,,,,,
UC-1112,1112,QLSP,QUẢN LÝ TẠO LẬP SẢN PHẨM,Thiết lập điều kiện kiểm tra dữ liệu tổng hợp theo sản phẩm - R14 - Thông tin chủ thẻ tín dụng thể nhân,"QTHT, CB-TLSP, CB-KSDL, LĐP-KSDL (gọi chung là Người dùng)",,,B,5,Trung bình,,,,,
UC-1113,1113,QLSP,QUẢN LÝ TẠO LẬP SẢN PHẨM,Thiết lập điều kiện kiểm tra dữ liệu tổng hợp theo sản phẩm - R21 - Thông tin đảm bảo tiền vay thể nhân,"QTHT, CB-TLSP, CB-KSDL, LĐP-KSDL (gọi chung là Người dùng)",,,B,5,Trung bình,,,,,
UC-1114,1114,QLSP,QUẢN LÝ TẠO LẬP SẢN PHẨM,Thiết lập điều kiện kiểm tra dữ liệu tổng hợp theo sản phẩm - Báo cáo tổng hợp thông tin tín dụng khách hàng thể nhân,"QTHT, CB-TLSP, CB-KSDL, LĐP-KSDL (gọi chung là Người dùng)",,,B,5,Trung bình,,,,,
UC-1115,1115,QLSP,QUẢN LÝ TẠO LẬP SẢN PHẨM,Thiết lập điều kiện kiểm tra dữ liệu tổng hợp theo sản phẩm - S37 - Cảnh báo khách hàng vay,"QTHT, CB-TLSP, CB-KSDL, LĐP-KSDL (gọi chung là Người dùng)",,,B,5,Trung bình,,,,,
UC-1116,1116,QLSP,QUẢN LÝ TẠO LẬP SẢN PHẨM,Thiết lập điều kiện kiểm tra dữ liệu tổng hợp theo sản phẩm - R10A - Thông tin quan hệ tín dụng pháp nhân,"QTHT, CB-TLSP, CB-KSDL, LĐP-KSDL (gọi chung là Người dùng)",,,B,5,Trung bình,,,,,
UC-1117,1117,QLSP,QUẢN LÝ TẠO LẬP SẢN PHẨM,Thiết lập điều kiện kiểm tra dữ liệu tổng hợp theo sản phẩm - R14 - Thông tin chủ thẻ tín dụng pháp nhân,"QTHT, CB-TLSP, CB-KSDL, LĐP-KSDL (gọi chung là Người dùng)",,,B,5,Trung bình,,,,,
UC-1118,1118,QLSP,QUẢN LÝ TẠO LẬP SẢN PHẨM,Thiết lập điều kiện kiểm tra dữ liệu tổng hợp theo sản phẩm - R20 - Thông tin bảo đảm tiền vay pháp nhân,"QTHT, CB-TLSP, CB-KSDL, LĐP-KSDL (gọi chung là Người dùng)",,,B,5,Trung bình,,,,,
UC-1119,1119,QLSP,QUẢN LÝ TẠO LẬP SẢN PHẨM,Thiết lập điều kiện kiểm tra dữ liệu tổng hợp theo sản phẩm - S10A - Chi tiết về khách hàng vay pháp nhân,"QTHT, CB-TLSP, CB-KSDL, LĐP-KSDL (gọi chung là Người dùng)",,,B,5,Trung bình,,,,,
UC-1120,1120,QLSP,QUẢN LÝ TẠO LẬP SẢN PHẨM,Thiết lập điều kiện kiểm tra dữ liệu tổng hợp theo sản phẩm - XH50 - Sản phẩm xếp hạng tín dụng doanh nghiệp cơ bản.,"QTHT, CB-TLSP, CB-KSDL, LĐP-KSDL (gọi chung là Người dùng)",,,B,5,Trung bình,,,,,
UC-1121,1121,QLSP,QUẢN LÝ TẠO LẬP SẢN PHẨM,"Thiết lập điều kiện kiểm tra dữ liệu tổng hợp theo sản phẩm - XH51 - Sản phẩm XHTD Tập đoàn, Tổng Công ty cơ bản.","QTHT, CB-TLSP, CB-KSDL, LĐP-KSDL (gọi chung là Người dùng)",,,B,5,Trung bình,,,,,
UC-1122,1122,QLSP,QUẢN LÝ TẠO LẬP SẢN PHẨM,Thiết lập điều kiện kiểm tra dữ liệu tổng hợp theo sản phẩm - XH50K - Sản phẩm XHTD DN cơ bản cho các tổ chức ngoài ngành.,"QTHT, CB-TLSP, CB-KSDL, LĐP-KSDL (gọi chung là Người dùng)",,,B,5,Trung bình,,,,,
UC-1123,1123,QLSP,QUẢN LÝ TẠO LẬP SẢN PHẨM,"Thiết lập điều kiện kiểm tra dữ liệu tổng hợp theo sản phẩm - XH51K - Sản phẩm XHTD Tập đoàn, Tổng Công ty cơ bản cho các tổ chức ngoài ngành.","QTHT, CB-TLSP, CB-KSDL, LĐP-KSDL (gọi chung là Người dùng)",,,B,5,Trung bình,,,,,
UC-1124,1124,QLSP,QUẢN LÝ TẠO LẬP SẢN PHẨM,Thiết lập điều kiện kiểm tra dữ liệu tổng hợp theo sản phẩm - S40 - Điểm tín dụng của khách hàng.,"QTHT, CB-TLSP, CB-KSDL, LĐP-KSDL (gọi chung là Người dùng)",,,B,5,Trung bình,,,,,
UC-1125,1125,QLSP,QUẢN LÝ TẠO LẬP SẢN PHẨM,"Thiết lập điều kiện kiểm tra dữ liệu tổng hợp theo sản phẩm - XH53 - Sản phẩm Bộ chỉ số trung bình ngành (theo phân loại, tính toán của CIC)","QTHT, CB-TLSP, CB-KSDL, LĐP-KSDL (gọi chung là Người dùng)",,,B,5,Trung bình,,,,,
UC-1126,1126,QLSP,QUẢN LÝ TẠO LẬP SẢN PHẨM,Thiết lập điều kiện kiểm tra dữ liệu tổng hợp theo sản phẩm - PN.SBVF1 - Báo cáo chi tiết về khách hàng vay pháp nhân,"QTHT, CB-TLSP, CB-KSDL, LĐP-KSDL (gọi chung là Người dùng)",,,B,5,Trung bình,,,,,
UC-1127,1127,QLSP,QUẢN LÝ TẠO LẬP SẢN PHẨM,Thiết lập điều kiện kiểm tra dữ liệu tổng hợp theo sản phẩm - TN.SBVF1 - Báo cáo chi tiết về khách hàng vay thể nhân,"QTHT, CB-TLSP, CB-KSDL, LĐP-KSDL (gọi chung là Người dùng)",,,B,5,Trung bình,,,,,
UC-1128,1128,QLSP,QUẢN LÝ TẠO LẬP SẢN PHẨM,Thiết lập điều kiện kiểm tra dữ liệu tổng hợp theo sản phẩm - Báo cáo thông tin doanh nghiệp cơ bản (English version),"QTHT, CB-TLSP, CB-KSDL, LĐP-KSDL (gọi chung là Người dùng)",,,B,5,Trung bình,,,,,
UC-1129,1129,QLSP,QUẢN LÝ TẠO LẬP SẢN PHẨM,Thiết lập điều kiện kiểm tra dữ liệu tổng hợp theo sản phẩm - Báo cáo thông tin doanh nghiệp (English version),"QTHT, CB-TLSP, CB-KSDL, LĐP-KSDL (gọi chung là Người dùng)",,,B,5,Trung bình,,,,,
UC-1130,1130,QLSP,QUẢN LÝ TẠO LẬP SẢN PHẨM,Thiết lập điều kiện kiểm tra dữ liệu tổng hợp theo sản phẩm - Báo cáo thông tin doanh nghiệp toàn diện (English version),"QTHT, CB-TLSP, CB-KSDL, LĐP-KSDL (gọi chung là Người dùng)",,,B,5,Trung bình,,,,,
UC-1131,1131,QLSP,QUẢN LÝ TẠO LẬP SẢN PHẨM,Thiết lập điều kiện kiểm tra dữ liệu tổng hợp theo sản phẩm - S70 – Báo cáo thông tin về doanh nghiệp nước ngoài.,"QTHT, CB-TLSP, CB-KSDL, LĐP-KSDL (gọi chung là Người dùng)",,,B,5,Trung bình,,,,,
UC-1132,1132,QLSP,QUẢN LÝ TẠO LẬP SẢN PHẨM,Thiết lập điều kiện kiểm tra dữ liệu tổng hợp theo sản phẩm - Nhóm báo cáo theo mô hình.,"QTHT, CB-TLSP, CB-KSDL, LĐP-KSDL (gọi chung là Người dùng)",,,B,5,Trung bình,,,,,
UC-1133,1133,QLSP,QUẢN LÝ TẠO LẬP SẢN PHẨM,Thiết lập điều kiện kiểm tra dữ liệu tổng hợp theo sản phẩm - Sản phẩm cung cấp danh sách khách hàng tiềm năng.,"QTHT, CB-TLSP, CB-KSDL, LĐP-KSDL (gọi chung là Người dùng)",,,B,5,Trung bình,,,,,
UC-1134,1134,QLSP,QUẢN LÝ TẠO LẬP SẢN PHẨM,Thiết lập điều kiện kiểm tra dữ liệu tổng hợp theo sản phẩm - Sản phẩm xếp hạng tín dụng doanh nghiệp chuyên sâu.,"QTHT, CB-TLSP, CB-KSDL, LĐP-KSDL (gọi chung là Người dùng)",,,B,5,Trung bình,,,,,
UC-1135,1135,QLSP,QUẢN LÝ TẠO LẬP SẢN PHẨM,"Thiết lập điều kiện kiểm tra dữ liệu tổng hợp theo sản phẩm - Sản phẩm XHTD Tập đoàn, Tổng Công ty chuyên sâu.","QTHT, CB-TLSP, CB-KSDL, LĐP-KSDL (gọi chung là Người dùng)",,,B,5,Trung bình,,,,,
UC-1136,1136,QLSP,QUẢN LÝ TẠO LẬP SẢN PHẨM,Thiết lập điều kiện kiểm tra dữ liệu tổng hợp theo sản phẩm - Sản phẩm chuyên sâu cho Doanh nghiệp tự đăng ký XHTD,"QTHT, CB-TLSP, CB-KSDL, LĐP-KSDL (gọi chung là Người dùng)",,,B,5,Trung bình,,,,,
UC-1137,1137,QLSP,QUẢN LÝ TẠO LẬP SẢN PHẨM,"Thiết lập điều kiện kiểm tra dữ liệu tổng hợp theo sản phẩm - Sản phẩm chuyên sâu cho Tập đoàn, Tổng Công ty tự đăng ký","QTHT, CB-TLSP, CB-KSDL, LĐP-KSDL (gọi chung là Người dùng)",,,B,5,Trung bình,,,,,
UC-1138,1138,QLSP,QUẢN LÝ TẠO LẬP SẢN PHẨM,Thiết lập điều kiện kiểm tra dữ liệu tổng hợp theo sản phẩm - XH50S - Sản phẩm cơ bản cho Doanh nghiệp tự đăng ký XHTD.,"QTHT, CB-TLSP, CB-KSDL, LĐP-KSDL (gọi chung là Người dùng)",,,B,5,Trung bình,,,,,
UC-1139,1139,QLSP,QUẢN LÝ TẠO LẬP SẢN PHẨM,"Thiết lập điều kiện kiểm tra dữ liệu tổng hợp theo sản phẩm - XH51S - Sản phẩm cơ bản cho Tập đoàn, Tổng Công ty tự đăng ký XHTD. XHTD","QTHT, CB-TLSP, CB-KSDL, LĐP-KSDL (gọi chung là Người dùng)",,,B,5,Trung bình,,,,,
UC-1140,1140,QLSP,QUẢN LÝ TẠO LẬP SẢN PHẨM,Thiết lập điều kiện kiểm tra dữ liệu tổng hợp theo sản phẩm - Sản phẩm XHTD DN chuyên sâu cho các tổ chức ngoài ngành.,"QTHT, CB-TLSP, CB-KSDL, LĐP-KSDL (gọi chung là Người dùng)",,,B,5,Trung bình,,,,,
UC-1141,1141,QLSP,QUẢN LÝ TẠO LẬP SẢN PHẨM,"Thiết lập điều kiện kiểm tra dữ liệu tổng hợp theo sản phẩm - Sản phẩm XHTD Tập đoàn, Tổng Công ty chuyên sâu cho các tổ chức ngoài ngành.","QTHT, CB-TLSP, CB-KSDL, LĐP-KSDL (gọi chung là Người dùng)",,,B,5,Trung bình,,,,,
UC-1142,1142,QLSP,QUẢN LÝ TẠO LẬP SẢN PHẨM,Thiết lập điều kiện kiểm tra dữ liệu tổng hợp theo sản phẩm - Sản phẩm bộ chỉ số trung bình ngành theo yêu cầu của đơn vị hỏi tin - XH53A,"QTHT, CB-TLSP, CB-KSDL, LĐP-KSDL (gọi chung là Người dùng)",,,B,5,Trung bình,,,,,
UC-1143,1143,QLSP,QUẢN LÝ TẠO LẬP SẢN PHẨM,Thiết lập điều kiện kiểm tra dữ liệu tổng hợp theo sản phẩm - Kết quả xếp hạng và các chỉ số liên quan của doanh nghiệp,"QTHT, CB-TLSP, CB-KSDL, LĐP-KSDL (gọi chung là Người dùng)",,,B,5,Trung bình,,,,,
UC-1144,1144,QLSP,QUẢN LÝ TẠO LẬP SẢN PHẨM,Thiết lập điều kiện kiểm tra dữ liệu tổng hợp theo sản phẩm - Kết quả chấm điểm thể nhân và các chỉ số liên quan.,"QTHT, CB-TLSP, CB-KSDL, LĐP-KSDL (gọi chung là Người dùng)",,,B,5,Trung bình,,,,,
UC-1145,1145,QLSP,QUẢN LÝ TẠO LẬP SẢN PHẨM,"Thiết lập điều kiện kiểm tra dữ liệu tổng hợp theo sản phẩm - Báo cáo về tập đoàn, Tổng công ty, doanh nghiệp và cá nhân có liên quan.","QTHT, CB-TLSP, CB-KSDL, LĐP-KSDL (gọi chung là Người dùng)",,,B,5,Trung bình,,,,,
UC-1146,1146,QLSP,QUẢN LÝ TẠO LẬP SẢN PHẨM,Thiết lập điều kiện kiểm tra dữ liệu tổng hợp theo sản phẩm - Thông tin về dư nợ theo loại hình TCTD,"QTHT, CB-TLSP, CB-KSDL, LĐP-KSDL (gọi chung là Người dùng)",,,B,5,Trung bình,,,,,
UC-1147,1147,QLSP,QUẢN LÝ TẠO LẬP SẢN PHẨM,Thiết lập điều kiện kiểm tra dữ liệu tổng hợp theo sản phẩm - Thông tin về dư nợ theo địa bàn,"QTHT, CB-TLSP, CB-KSDL, LĐP-KSDL (gọi chung là Người dùng)",,,B,5,Trung bình,,,,,
UC-1148,1148,QLSP,QUẢN LÝ TẠO LẬP SẢN PHẨM,Thiết lập điều kiện kiểm tra dữ liệu tổng hợp theo sản phẩm - Thông tin về dư nợ cho vay theo đối tượng vay,"QTHT, CB-TLSP, CB-KSDL, LĐP-KSDL (gọi chung là Người dùng)",,,B,5,Trung bình,,,,,
UC-1149,1149,QLSP,QUẢN LÝ TẠO LẬP SẢN PHẨM,Thiết lập điều kiện kiểm tra dữ liệu tổng hợp theo sản phẩm - Thông tin về dư nợ cho vay theo nhóm nợ,"QTHT, CB-TLSP, CB-KSDL, LĐP-KSDL (gọi chung là Người dùng)",,,B,5,Trung bình,,,,,
UC-1150,1150,QLSP,QUẢN LÝ TẠO LẬP SẢN PHẨM,Thiết lập điều kiện kiểm tra dữ liệu tổng hợp theo sản phẩm - Thông tin về Tăng trưởng dư nợ và biến động nợ xấu của thời điểm này so với thời điểm khác,"QTHT, CB-TLSP, CB-KSDL, LĐP-KSDL (gọi chung là Người dùng)",,,B,5,Trung bình,,,,,
UC-1151,1151,QLSP,QUẢN LÝ TẠO LẬP SẢN PHẨM,"Thiết lập điều kiện kiểm tra dữ liệu tổng hợp theo sản phẩm - BC cung cấp cho Công an, tòa án, Viện KSND....","QTHT, CB-TLSP, CB-KSDL, LĐP-KSDL (gọi chung là Người dùng)",,,B,5,Trung bình,,,,,
UC-1152,1152,QLSP,QUẢN LÝ TẠO LẬP SẢN PHẨM,"Thiết lập điều kiện kiểm tra dữ liệu tổng hợp theo sản phẩm - BC cung cấp cho các bộ, ngành khác","QTHT, CB-TLSP, CB-KSDL, LĐP-KSDL (gọi chung là Người dùng)",,,B,5,Trung bình,,,,,
UC-1153,1153,QLSP,QUẢN LÝ TẠO LẬP SẢN PHẨM,Thiết lập điều kiện kiểm tra dữ liệu tổng hợp theo sản phẩm - R18 - Danh sách khách hàng có nhóm nợ cao hơn ở TCTD khác,"QTHT, CB-TLSP, CB-KSDL, LĐP-KSDL (gọi chung là Người dùng)",,,B,5,Trung bình,,,,,
UC-1154,1154,QLSP,QUẢN LÝ TẠO LẬP SẢN PHẨM,Thiết lập điều kiện kiểm tra dữ liệu tổng hợp theo sản phẩm - R19 - Danh sách khách hàng thay đổi nhóm nợ cao nhất.,"QTHT, CB-TLSP, CB-KSDL, LĐP-KSDL (gọi chung là Người dùng)",,,B,5,Trung bình,,,,,
UC-1155,1155,QLSP,QUẢN LÝ TẠO LẬP SẢN PHẨM,Thiết lập điều kiện kiểm tra dữ liệu tổng hợp theo sản phẩm - S36 - Cảnh báo khách hàng có nợ xấu tại TCTD khác,"QTHT, CB-TLSP, CB-KSDL, LĐP-KSDL (gọi chung là Người dùng)",,,B,5,Trung bình,,,,,
UC-1156,1156,QLSP,QUẢN LÝ TẠO LẬP SẢN PHẨM,Thiết lập điều kiện kiểm tra dữ liệu tổng hợp theo sản phẩm - S39 - Cảnh báo khách hàng phát sinh nợ cần chú ý,"QTHT, CB-TLSP, CB-KSDL, LĐP-KSDL (gọi chung là Người dùng)",,,B,5,Trung bình,,,,,
UC-1157,1157,QLSP,QUẢN LÝ TẠO LẬP SẢN PHẨM,"Thiết lập điều kiện kiểm tra dữ liệu tổng hợp theo sản phẩm - Báo cáo quản trị rủi ro về tình hình hoạt động của doanh nghiệp theo địa bàn, ngành, TCTD, ...","QTHT, CB-TLSP, CB-KSDL, LĐP-KSDL (gọi chung là Người dùng)",,,B,5,Trung bình,,,,,
UC-1158,1158,QLSP,QUẢN LÝ TẠO LẬP SẢN PHẨM,Thiết lập điều kiện kiểm tra dữ liệu tổng hợp theo sản phẩm - Báo cáo tổng hợp về khách hàng thể nhân,"QTHT, CB-TLSP, CB-KSDL, LĐP-KSDL (gọi chung là Người dùng)",,,B,5,Trung bình,,,,,
UC-1159,1159,QLSP,QUẢN LÝ TẠO LẬP SẢN PHẨM,Thiết lập điều kiện kiểm tra dữ liệu tổng hợp theo sản phẩm - Danh sách TĐ tư nhân và các đơn vị thành viên,"QTHT, CB-TLSP, CB-KSDL, LĐP-KSDL (gọi chung là Người dùng)",,,B,5,Trung bình,,,,,
UC-1160,1160,QLSP,QUẢN LÝ TẠO LẬP SẢN PHẨM,Thiết lập điều kiện kiểm tra dữ liệu tổng hợp theo sản phẩm - Báo cáo phân tích ngành kinh tế chuyên sâu,"QTHT, CB-TLSP, CB-KSDL, LĐP-KSDL (gọi chung là Người dùng)",,,B,5,Trung bình,,,,,
UC-1161,1161,QLSP,QUẢN LÝ TẠO LẬP SẢN PHẨM,"Thiết lập điều kiện kiểm tra dữ liệu tổng hợp theo sản phẩm - R52 - Tin tức, bài viết phân tích cảnh báo tín dụng","QTHT, CB-TLSP, CB-KSDL, LĐP-KSDL (gọi chung là Người dùng)",,,B,5,Trung bình,,,,,
UC-1162,1162,QLSP,QUẢN LÝ TẠO LẬP SẢN PHẨM,Tra cứu thông tin điều kiện kiểm tra dữ liệu đã tổng hợp theo sản phẩm,"QTHT, CB-TLSP, CB-KSDL, LĐP-KSDL (gọi chung là Người dùng)",,,B,3,Đơn giản,,,,,
UC-1163,1163,QLSP,QUẢN LÝ TẠO LẬP SẢN PHẨM,Xác nhận dữ liệu tổng hợp để tạo lập sản phẩm - R11A - Thông tin quan hệ tín dụng thể nhân,"QTHT, CB-KSDL, LĐP-KSDL (gọi chung là Người dùng)",,,B,2,Đơn giản,,,,,
UC-1164,1164,QLSP,QUẢN LÝ TẠO LẬP SẢN PHẨM,Xác nhận dữ liệu tổng hợp để tạo lập sản phẩm - R14 - Thông tin chủ thẻ tín dụng thể nhân,"QTHT, CB-KSDL, LĐP-KSDL (gọi chung là Người dùng)",,,B,2,Đơn giản,,,,,
UC-1165,1165,QLSP,QUẢN LÝ TẠO LẬP SẢN PHẨM,Xác nhận dữ liệu tổng hợp để tạo lập sản phẩm - R21 - Thông tin đảm bảo tiền vay thể nhân,"QTHT, CB-KSDL, LĐP-KSDL (gọi chung là Người dùng)",,,B,2,Đơn giản,,,,,
UC-1166,1166,QLSP,QUẢN LÝ TẠO LẬP SẢN PHẨM,Xác nhận dữ liệu tổng hợp để tạo lập sản phẩm - Báo cáo tổng hợp thông tin tín dụng khách hàng thể nhân,"QTHT, CB-KSDL, LĐP-KSDL (gọi chung là Người dùng)",,,B,2,Đơn giản,,,,,
UC-1167,1167,QLSP,QUẢN LÝ TẠO LẬP SẢN PHẨM,Xác nhận dữ liệu tổng hợp để tạo lập sản phẩm - S37 - Cảnh báo khách hàng vay,"QTHT, CB-KSDL, LĐP-KSDL (gọi chung là Người dùng)",,,B,2,Đơn giản,,,,,
UC-1168,1168,QLSP,QUẢN LÝ TẠO LẬP SẢN PHẨM,Xác nhận dữ liệu tổng hợp để tạo lập sản phẩm - R10A - Thông tin quan hệ tín dụng pháp nhân,"QTHT, CB-KSDL, LĐP-KSDL (gọi chung là Người dùng)",,,B,2,Đơn giản,,,,,
UC-1169,1169,QLSP,QUẢN LÝ TẠO LẬP SẢN PHẨM,Xác nhận dữ liệu tổng hợp để tạo lập sản phẩm - R14 - Thông tin chủ thẻ tín dụng pháp nhân,"QTHT, CB-KSDL, LĐP-KSDL (gọi chung là Người dùng)",,,B,2,Đơn giản,,,,,
UC-1170,1170,QLSP,QUẢN LÝ TẠO LẬP SẢN PHẨM,Xác nhận dữ liệu tổng hợp để tạo lập sản phẩm - R20 - Thông tin bảo đảm tiền vay pháp nhân,"QTHT, CB-KSDL, LĐP-KSDL (gọi chung là Người dùng)",,,B,2,Đơn giản,,,,,
UC-1171,1171,QLSP,QUẢN LÝ TẠO LẬP SẢN PHẨM,Xác nhận dữ liệu tổng hợp để tạo lập sản phẩm - S10A - Chi tiết về khách hàng vay pháp nhân,"QTHT, CB-KSDL, LĐP-KSDL (gọi chung là Người dùng)",,,B,2,Đơn giản,,,,,
UC-1172,1172,QLSP,QUẢN LÝ TẠO LẬP SẢN PHẨM,Xác nhận dữ liệu tổng hợp để tạo lập sản phẩm - XH50 - Sản phẩm xếp hạng tín dụng doanh nghiệp cơ bản.,"QTHT, CB-KSDL, LĐP-KSDL (gọi chung là Người dùng)",,,B,2,Đơn giản,,,,,
UC-1173,1173,QLSP,QUẢN LÝ TẠO LẬP SẢN PHẨM,"Xác nhận dữ liệu tổng hợp để tạo lập sản phẩm - XH51 - Sản phẩm XHTD Tập đoàn, Tổng Công ty cơ bản.","QTHT, CB-KSDL, LĐP-KSDL (gọi chung là Người dùng)",,,B,2,Đơn giản,,,,,
UC-1174,1174,QLSP,QUẢN LÝ TẠO LẬP SẢN PHẨM,Xác nhận dữ liệu tổng hợp để tạo lập sản phẩm - XH50K - Sản phẩm XHTD DN cơ bản cho các tổ chức ngoài ngành.,"QTHT, CB-KSDL, LĐP-KSDL (gọi chung là Người dùng)",,,B,2,Đơn giản,,,,,
UC-1175,1175,QLSP,QUẢN LÝ TẠO LẬP SẢN PHẨM,"Xác nhận dữ liệu tổng hợp để tạo lập sản phẩm - XH51K - Sản phẩm XHTD Tập đoàn, Tổng Công ty cơ bản cho các tổ chức ngoài ngành.","QTHT, CB-KSDL, LĐP-KSDL (gọi chung là Người dùng)",,,B,2,Đơn giản,,,,,
UC-1176,1176,QLSP,QUẢN LÝ TẠO LẬP SẢN PHẨM,Xác nhận dữ liệu tổng hợp để tạo lập sản phẩm - S40 - Điểm tín dụng của khách hàng.,"QTHT, CB-KSDL, LĐP-KSDL (gọi chung là Người dùng)",,,B,2,Đơn giản,,,,,
UC-1177,1177,QLSP,QUẢN LÝ TẠO LẬP SẢN PHẨM,"Xác nhận dữ liệu tổng hợp để tạo lập sản phẩm - XH53 - Sản phẩm Bộ chỉ số trung bình ngành (theo phân loại, tính toán của CIC)","QTHT, CB-KSDL, LĐP-KSDL (gọi chung là Người dùng)",,,B,2,Đơn giản,,,,,
UC-1178,1178,QLSP,QUẢN LÝ TẠO LẬP SẢN PHẨM,Xác nhận dữ liệu tổng hợp để tạo lập sản phẩm - PN.SBVF1 - Báo cáo chi tiết về khách hàng vay pháp nhân,"QTHT, CB-KSDL, LĐP-KSDL (gọi chung là Người dùng)",,,B,2,Đơn giản,,,,,
UC-1179,1179,QLSP,QUẢN LÝ TẠO LẬP SẢN PHẨM,Xác nhận dữ liệu tổng hợp để tạo lập sản phẩm - TN.SBVF1 - Báo cáo chi tiết về khách hàng vay thể nhân,"QTHT, CB-KSDL, LĐP-KSDL (gọi chung là Người dùng)",,,B,2,Đơn giản,,,,,
UC-1180,1180,QLSP,QUẢN LÝ TẠO LẬP SẢN PHẨM,Xác nhận dữ liệu tổng hợp để tạo lập sản phẩm - Báo cáo thông tin doanh nghiệp cơ bản (English version),"QTHT, CB-KSDL, LĐP-KSDL (gọi chung là Người dùng)",,,B,2,Đơn giản,,,,,
UC-1181,1181,QLSP,QUẢN LÝ TẠO LẬP SẢN PHẨM,Xác nhận dữ liệu tổng hợp để tạo lập sản phẩm - Báo cáo thông tin doanh nghiệp (English version),"QTHT, CB-KSDL, LĐP-KSDL (gọi chung là Người dùng)",,,B,2,Đơn giản,,,,,
UC-1182,1182,QLSP,QUẢN LÝ TẠO LẬP SẢN PHẨM,Xác nhận dữ liệu tổng hợp để tạo lập sản phẩm - Báo cáo thông tin doanh nghiệp toàn diện (English version),"QTHT, CB-KSDL, LĐP-KSDL (gọi chung là Người dùng)",,,B,2,Đơn giản,,,,,
UC-1183,1183,QLSP,QUẢN LÝ TẠO LẬP SẢN PHẨM,Xác nhận dữ liệu tổng hợp để tạo lập sản phẩm - S70 – Báo cáo thông tin về doanh nghiệp nước ngoài.,"QTHT, CB-KSDL, LĐP-KSDL (gọi chung là Người dùng)",,,B,2,Đơn giản,,,,,
UC-1184,1184,QLSP,QUẢN LÝ TẠO LẬP SẢN PHẨM,Xác nhận dữ liệu tổng hợp để tạo lập sản phẩm - Nhóm báo cáo theo mô hình.,"QTHT, CB-KSDL, LĐP-KSDL (gọi chung là Người dùng)",,,B,2,Đơn giản,,,,,
UC-1185,1185,QLSP,QUẢN LÝ TẠO LẬP SẢN PHẨM,Xác nhận dữ liệu tổng hợp để tạo lập sản phẩm - Sản phẩm cung cấp danh sách khách hàng tiềm năng.,"QTHT, CB-KSDL, LĐP-KSDL (gọi chung là Người dùng)",,,B,2,Đơn giản,,,,,
UC-1186,1186,QLSP,QUẢN LÝ TẠO LẬP SẢN PHẨM,Xác nhận dữ liệu tổng hợp để tạo lập sản phẩm - Sản phẩm xếp hạng tín dụng doanh nghiệp chuyên sâu.,"QTHT, CB-KSDL, LĐP-KSDL (gọi chung là Người dùng)",,,B,2,Đơn giản,,,,,
UC-1187,1187,QLSP,QUẢN LÝ TẠO LẬP SẢN PHẨM,"Xác nhận dữ liệu tổng hợp để tạo lập sản phẩm - Sản phẩm XHTD Tập đoàn, Tổng Công ty chuyên sâu.","QTHT, CB-KSDL, LĐP-KSDL (gọi chung là Người dùng)",,,B,2,Đơn giản,,,,,
UC-1188,1188,QLSP,QUẢN LÝ TẠO LẬP SẢN PHẨM,Xác nhận dữ liệu tổng hợp để tạo lập sản phẩm - Sản phẩm chuyên sâu cho Doanh nghiệp tự đăng ký XHTD,"QTHT, CB-KSDL, LĐP-KSDL (gọi chung là Người dùng)",,,B,2,Đơn giản,,,,,
UC-1189,1189,QLSP,QUẢN LÝ TẠO LẬP SẢN PHẨM,"Xác nhận dữ liệu tổng hợp để tạo lập sản phẩm - Sản phẩm chuyên sâu cho Tập đoàn, Tổng Công ty tự đăng ký","QTHT, CB-KSDL, LĐP-KSDL (gọi chung là Người dùng)",,,B,2,Đơn giản,,,,,
UC-1190,1190,QLSP,QUẢN LÝ TẠO LẬP SẢN PHẨM,Xác nhận dữ liệu tổng hợp để tạo lập sản phẩm - XH50S - Sản phẩm cơ bản cho Doanh nghiệp tự đăng ký XHTD.,"QTHT, CB-KSDL, LĐP-KSDL (gọi chung là Người dùng)",,,B,2,Đơn giản,,,,,
UC-1191,1191,QLSP,QUẢN LÝ TẠO LẬP SẢN PHẨM,"Xác nhận dữ liệu tổng hợp để tạo lập sản phẩm - XH51S - Sản phẩm cơ bản cho Tập đoàn, Tổng Công ty tự đăng ký XHTD. XHTD","QTHT, CB-KSDL, LĐP-KSDL (gọi chung là Người dùng)",,,B,2,Đơn giản,,,,,
UC-1192,1192,QLSP,QUẢN LÝ TẠO LẬP SẢN PHẨM,Xác nhận dữ liệu tổng hợp để tạo lập sản phẩm - Sản phẩm XHTD DN chuyên sâu cho các tổ chức ngoài ngành.,"QTHT, CB-KSDL, LĐP-KSDL (gọi chung là Người dùng)",,,B,2,Đơn giản,,,,,
UC-1193,1193,QLSP,QUẢN LÝ TẠO LẬP SẢN PHẨM,"Xác nhận dữ liệu tổng hợp để tạo lập sản phẩm - Sản phẩm XHTD Tập đoàn, Tổng Công ty chuyên sâu cho các tổ chức ngoài ngành.","QTHT, CB-KSDL, LĐP-KSDL (gọi chung là Người dùng)",,,B,2,Đơn giản,,,,,
UC-1194,1194,QLSP,QUẢN LÝ TẠO LẬP SẢN PHẨM,Xác nhận dữ liệu tổng hợp để tạo lập sản phẩm - Sản phẩm bộ chỉ số trung bình ngành theo yêu cầu của đơn vị hỏi tin - XH53A,"QTHT, CB-KSDL, LĐP-KSDL (gọi chung là Người dùng)",,,B,2,Đơn giản,,,,,
UC-1195,1195,QLSP,QUẢN LÝ TẠO LẬP SẢN PHẨM,Xác nhận dữ liệu tổng hợp để tạo lập sản phẩm - Kết quả xếp hạng và các chỉ số liên quan của doanh nghiệp,"QTHT, CB-KSDL, LĐP-KSDL (gọi chung là Người dùng)",,,B,2,Đơn giản,,,,,
UC-1196,1196,QLSP,QUẢN LÝ TẠO LẬP SẢN PHẨM,Xác nhận dữ liệu tổng hợp để tạo lập sản phẩm - Kết quả chấm điểm thể nhân và các chỉ số liên quan.,"QTHT, CB-KSDL, LĐP-KSDL (gọi chung là Người dùng)",,,B,2,Đơn giản,,,,,
UC-1197,1197,QLSP,QUẢN LÝ TẠO LẬP SẢN PHẨM,"Xác nhận dữ liệu tổng hợp để tạo lập sản phẩm - Báo cáo về tập đoàn, Tổng công ty, doanh nghiệp và cá nhân có liên quan.","QTHT, CB-KSDL, LĐP-KSDL (gọi chung là Người dùng)",,,B,2,Đơn giản,,,,,
UC-1198,1198,QLSP,QUẢN LÝ TẠO LẬP SẢN PHẨM,Xác nhận dữ liệu tổng hợp để tạo lập sản phẩm - Thông tin về dư nợ theo loại hình TCTD,"QTHT, CB-KSDL, LĐP-KSDL (gọi chung là Người dùng)",,,B,2,Đơn giản,,,,,
UC-1199,1199,QLSP,QUẢN LÝ TẠO LẬP SẢN PHẨM,Xác nhận dữ liệu tổng hợp để tạo lập sản phẩm - Thông tin về dư nợ theo địa bàn,"QTHT, CB-KSDL, LĐP-KSDL (gọi chung là Người dùng)",,,B,2,Đơn giản,,,,,
UC-1200,1200,QLSP,QUẢN LÝ TẠO LẬP SẢN PHẨM,Xác nhận dữ liệu tổng hợp để tạo lập sản phẩm - Thông tin về dư nợ cho vay theo đối tượng vay,"QTHT, CB-KSDL, LĐP-KSDL (gọi chung là Người dùng)",,,B,2,Đơn giản,,,,,
UC-1201,1201,QLSP,QUẢN LÝ TẠO LẬP SẢN PHẨM,Xác nhận dữ liệu tổng hợp để tạo lập sản phẩm - Thông tin về dư nợ cho vay theo nhóm nợ,"QTHT, CB-KSDL, LĐP-KSDL (gọi chung là Người dùng)",,,B,2,Đơn giản,,,,,
UC-1202,1202,QLSP,QUẢN LÝ TẠO LẬP SẢN PHẨM,Xác nhận dữ liệu tổng hợp để tạo lập sản phẩm - Thông tin về Tăng trưởng dư nợ và biến động nợ xấu của thời điểm này so với thời điểm khác,"QTHT, CB-KSDL, LĐP-KSDL (gọi chung là Người dùng)",,,B,2,Đơn giản,,,,,
UC-1203,1203,QLSP,QUẢN LÝ TẠO LẬP SẢN PHẨM,"Xác nhận dữ liệu tổng hợp để tạo lập sản phẩm - BC cung cấp cho Công an, tòa án, Viện KSND....","QTHT, CB-KSDL, LĐP-KSDL (gọi chung là Người dùng)",,,B,2,Đơn giản,,,,,
UC-1204,1204,QLSP,QUẢN LÝ TẠO LẬP SẢN PHẨM,"Xác nhận dữ liệu tổng hợp để tạo lập sản phẩm - BC cung cấp cho các bộ, ngành khác","QTHT, CB-KSDL, LĐP-KSDL (gọi chung là Người dùng)",,,B,2,Đơn giản,,,,,
UC-1205,1205,QLSP,QUẢN LÝ TẠO LẬP SẢN PHẨM,Xác nhận dữ liệu tổng hợp để tạo lập sản phẩm - R18 - Danh sách khách hàng có nhóm nợ cao hơn ở TCTD khác,"QTHT, CB-KSDL, LĐP-KSDL (gọi chung là Người dùng)",,,B,2,Đơn giản,,,,,
UC-1206,1206,QLSP,QUẢN LÝ TẠO LẬP SẢN PHẨM,Xác nhận dữ liệu tổng hợp để tạo lập sản phẩm - R19 - Danh sách khách hàng thay đổi nhóm nợ cao nhất.,"QTHT, CB-KSDL, LĐP-KSDL (gọi chung là Người dùng)",,,B,2,Đơn giản,,,,,
UC-1207,1207,QLSP,QUẢN LÝ TẠO LẬP SẢN PHẨM,Xác nhận dữ liệu tổng hợp để tạo lập sản phẩm - S36 - Cảnh báo khách hàng có nợ xấu tại TCTD khác,"QTHT, CB-KSDL, LĐP-KSDL (gọi chung là Người dùng)",,,B,2,Đơn giản,,,,,
UC-1208,1208,QLSP,QUẢN LÝ TẠO LẬP SẢN PHẨM,Xác nhận dữ liệu tổng hợp để tạo lập sản phẩm - S39 - Cảnh báo khách hàng phát sinh nợ cần chú ý,"QTHT, CB-KSDL, LĐP-KSDL (gọi chung là Người dùng)",,,B,2,Đơn giản,,,,,
UC-1209,1209,QLSP,QUẢN LÝ TẠO LẬP SẢN PHẨM,"Xác nhận dữ liệu tổng hợp để tạo lập sản phẩm - Báo cáo quản trị rủi ro về tình hình hoạt động của doanh nghiệp theo địa bàn, ngành, TCTD, ...","QTHT, CB-KSDL, LĐP-KSDL (gọi chung là Người dùng)",,,B,2,Đơn giản,,,,,
UC-1210,1210,QLSP,QUẢN LÝ TẠO LẬP SẢN PHẨM,Xác nhận dữ liệu tổng hợp để tạo lập sản phẩm - Báo cáo tổng hợp về khách hàng thể nhân,"QTHT, CB-KSDL, LĐP-KSDL (gọi chung là Người dùng)",,,B,2,Đơn giản,,,,,
UC-1211,1211,QLSP,QUẢN LÝ TẠO LẬP SẢN PHẨM,Xác nhận dữ liệu tổng hợp để tạo lập sản phẩm - Danh sách TĐ tư nhân và các đơn vị thành viên,"QTHT, CB-KSDL, LĐP-KSDL (gọi chung là Người dùng)",,,B,2,Đơn giản,,,,,
UC-1212,1212,QLSP,QUẢN LÝ TẠO LẬP SẢN PHẨM,Xác nhận dữ liệu tổng hợp để tạo lập sản phẩm - Báo cáo phân tích ngành kinh tế chuyên sâu,"QTHT, CB-KSDL, LĐP-KSDL (gọi chung là Người dùng)",,,B,2,Đơn giản,,,,,
UC-1213,1213,QLSP,QUẢN LÝ TẠO LẬP SẢN PHẨM,"Xác nhận dữ liệu tổng hợp để tạo lập sản phẩm - R52 - Tin tức, bài viết phân tích cảnh báo tín dụng","QTHT, CB-KSDL, LĐP-KSDL (gọi chung là Người dùng)",,,B,2,Đơn giản,,,,,
UC-1214,1214,QLSP,QUẢN LÝ TẠO LẬP SẢN PHẨM,Thông báo về việc dữ liệu được điều chình so với dữ liệu đã được xác nhận,QTHT,,,B,2,Đơn giản,,,,,
UC-1215,1215,QLSP,QUẢN LÝ TẠO LẬP SẢN PHẨM,Tra cứu thông báo về việc dữ liệu được điều chình so với dữ liệu đã được xác nhận,"QTHT, CB-TLSP, CB-KSDL, LĐP-KSDL (gọi chung là Người dùng)",,,B,2,Đơn giản,,,,,
UC-1216,1216,QLSP,QUẢN LÝ TẠO LẬP SẢN PHẨM,"Kiểm tra, so sánh dữ liệu được đều chỉnh với dữ liệu đã được xác nhận tổng hợp để tạo lập sản phẩm - R11A - Thông tin quan hệ tín dụng thể nhân","CB-KSDL, Hệ thống",,,B,8,Phức tạp,,,,,
UC-1217,1217,QLSP,QUẢN LÝ TẠO LẬP SẢN PHẨM,"Kiểm tra, so sánh dữ liệu được đều chỉnh với dữ liệu đã được xác nhận tổng hợp để tạo lập sản phẩm - R14 - Thông tin chủ thẻ tín dụng thể nhân","CB-KSDL, Hệ thống",,,B,8,Phức tạp,,,,,
UC-1218,1218,QLSP,QUẢN LÝ TẠO LẬP SẢN PHẨM,"Kiểm tra, so sánh dữ liệu được đều chỉnh với dữ liệu đã được xác nhận tổng hợp để tạo lập sản phẩm - R21 - Thông tin đảm bảo tiền vay thể nhân","CB-KSDL, Hệ thống",,,B,8,Phức tạp,,,,,
UC-1219,1219,QLSP,QUẢN LÝ TẠO LẬP SẢN PHẨM,"Kiểm tra, so sánh dữ liệu được đều chỉnh với dữ liệu đã được xác nhận tổng hợp để tạo lập sản phẩm - Báo cáo tổng hợp thông tin tín dụng khách hàng thể nhân","CB-KSDL, Hệ thống",,,B,8,Phức tạp,,,,,
UC-1220,1220,QLSP,QUẢN LÝ TẠO LẬP SẢN PHẨM,"Kiểm tra, so sánh dữ liệu được đều chỉnh với dữ liệu đã được xác nhận tổng hợp để tạo lập sản phẩm - S37 - Cảnh báo khách hàng vay","CB-KSDL, Hệ thống",,,B,8,Phức tạp,,,,,
UC-1221,1221,QLSP,QUẢN LÝ TẠO LẬP SẢN PHẨM,"Kiểm tra, so sánh dữ liệu được đều chỉnh với dữ liệu đã được xác nhận tổng hợp để tạo lập sản phẩm - R10A - Thông tin quan hệ tín dụng pháp nhân","CB-KSDL, Hệ thống",,,B,8,Phức tạp,,,,,
UC-1222,1222,QLSP,QUẢN LÝ TẠO LẬP SẢN PHẨM,"Kiểm tra, so sánh dữ liệu được đều chỉnh với dữ liệu đã được xác nhận tổng hợp để tạo lập sản phẩm - R14 - Thông tin chủ thẻ tín dụng pháp nhân","CB-KSDL, Hệ thống",,,B,8,Phức tạp,,,,,
UC-1223,1223,QLSP,QUẢN LÝ TẠO LẬP SẢN PHẨM,"Kiểm tra, so sánh dữ liệu được đều chỉnh với dữ liệu đã được xác nhận tổng hợp để tạo lập sản phẩm - R20 - Thông tin bảo đảm tiền vay pháp nhân","CB-KSDL, Hệ thống",,,B,8,Phức tạp,,,,,
UC-1224,1224,QLSP,QUẢN LÝ TẠO LẬP SẢN PHẨM,"Kiểm tra, so sánh dữ liệu được đều chỉnh với dữ liệu đã được xác nhận tổng hợp để tạo lập sản phẩm - S10A - Chi tiết về khách hàng vay pháp nhân","CB-KSDL, Hệ thống",,,B,8,Phức tạp,,,,,
UC-1225,1225,QLSP,QUẢN LÝ TẠO LẬP SẢN PHẨM,"Kiểm tra, so sánh dữ liệu được đều chỉnh với dữ liệu đã được xác nhận tổng hợp để tạo lập sản phẩm - XH50 - Sản phẩm xếp hạng tín dụng doanh nghiệp cơ bản.","CB-KSDL, Hệ thống",,,B,8,Phức tạp,,,,,
UC-1226,1226,QLSP,QUẢN LÝ TẠO LẬP SẢN PHẨM,"Kiểm tra, so sánh dữ liệu được đều chỉnh với dữ liệu đã được xác nhận tổng hợp để tạo lập sản phẩm - XH51 - Sản phẩm XHTD Tập đoàn, Tổng Công ty cơ bản.","CB-KSDL, Hệ thống",,,B,8,Phức tạp,,,,,
UC-1227,1227,QLSP,QUẢN LÝ TẠO LẬP SẢN PHẨM,"Kiểm tra, so sánh dữ liệu được đều chỉnh với dữ liệu đã được xác nhận tổng hợp để tạo lập sản phẩm - XH50K - Sản phẩm XHTD DN cơ bản cho các tổ chức ngoài ngành.","CB-KSDL, Hệ thống",,,B,8,Phức tạp,,,,,
UC-1228,1228,QLSP,QUẢN LÝ TẠO LẬP SẢN PHẨM,"Kiểm tra, so sánh dữ liệu được đều chỉnh với dữ liệu đã được xác nhận tổng hợp để tạo lập sản phẩm - XH51K - Sản phẩm XHTD Tập đoàn, Tổng Công ty cơ bản cho các tổ chức ngoài ngành.","CB-KSDL, Hệ thống",,,B,8,Phức tạp,,,,,
UC-1229,1229,QLSP,QUẢN LÝ TẠO LẬP SẢN PHẨM,"Kiểm tra, so sánh dữ liệu được đều chỉnh với dữ liệu đã được xác nhận tổng hợp để tạo lập sản phẩm - S40 - Điểm tín dụng của khách hàng.","CB-KSDL, Hệ thống",,,B,8,Phức tạp,,,,,
UC-1230,1230,QLSP,QUẢN LÝ TẠO LẬP SẢN PHẨM,"Kiểm tra, so sánh dữ liệu được đều chỉnh với dữ liệu đã được xác nhận tổng hợp để tạo lập sản phẩm - XH53 - Sản phẩm Bộ chỉ số trung bình ngành (theo phân loại, tính toán của CIC)","CB-KSDL, Hệ thống",,,B,8,Phức tạp,,,,,
UC-1231,1231,QLSP,QUẢN LÝ TẠO LẬP SẢN PHẨM,"Kiểm tra, so sánh dữ liệu được đều chỉnh với dữ liệu đã được xác nhận tổng hợp để tạo lập sản phẩm - PN.SBVF1 - Báo cáo chi tiết về khách hàng vay pháp nhân","CB-KSDL, Hệ thống",,,B,8,Phức tạp,,,,,
UC-1232,1232,QLSP,QUẢN LÝ TẠO LẬP SẢN PHẨM,"Kiểm tra, so sánh dữ liệu được đều chỉnh với dữ liệu đã được xác nhận tổng hợp để tạo lập sản phẩm - TN.SBVF1 - Báo cáo chi tiết về khách hàng vay thể nhân","CB-KSDL, Hệ thống",,,B,8,Phức tạp,,,,,
UC-1233,1233,QLSP,QUẢN LÝ TẠO LẬP SẢN PHẨM,"Kiểm tra, so sánh dữ liệu được đều chỉnh với dữ liệu đã được xác nhận tổng hợp để tạo lập sản phẩm - Báo cáo thông tin doanh nghiệp cơ bản (English version)","CB-KSDL, Hệ thống",,,B,8,Phức tạp,,,,,
UC-1234,1234,QLSP,QUẢN LÝ TẠO LẬP SẢN PHẨM,"Kiểm tra, so sánh dữ liệu được đều chỉnh với dữ liệu đã được xác nhận tổng hợp để tạo lập sản phẩm - Báo cáo thông tin doanh nghiệp (English version)","CB-KSDL, Hệ thống",,,B,8,Phức tạp,,,,,
UC-1235,1235,QLSP,QUẢN LÝ TẠO LẬP SẢN PHẨM,"Kiểm tra, so sánh dữ liệu được đều chỉnh với dữ liệu đã được xác nhận tổng hợp để tạo lập sản phẩm - Báo cáo thông tin doanh nghiệp toàn diện (English version)","CB-KSDL, Hệ thống",,,B,8,Phức tạp,,,,,
UC-1236,1236,QLSP,QUẢN LÝ TẠO LẬP SẢN PHẨM,"Kiểm tra, so sánh dữ liệu được đều chỉnh với dữ liệu đã được xác nhận tổng hợp để tạo lập sản phẩm - S70 – Báo cáo thông tin về doanh nghiệp nước ngoài.","CB-KSDL, Hệ thống",,,B,8,Phức tạp,,,,,
UC-1237,1237,QLSP,QUẢN LÝ TẠO LẬP SẢN PHẨM,"Kiểm tra, so sánh dữ liệu được đều chỉnh với dữ liệu đã được xác nhận tổng hợp để tạo lập sản phẩm - Nhóm báo cáo theo mô hình.","CB-KSDL, Hệ thống",,,B,8,Phức tạp,,,,,
UC-1238,1238,QLSP,QUẢN LÝ TẠO LẬP SẢN PHẨM,"Kiểm tra, so sánh dữ liệu được đều chỉnh với dữ liệu đã được xác nhận tổng hợp để tạo lập sản phẩm - Sản phẩm cung cấp danh sách khách hàng tiềm năng.","CB-KSDL, Hệ thống",,,B,8,Phức tạp,,,,,
UC-1239,1239,QLSP,QUẢN LÝ TẠO LẬP SẢN PHẨM,"Kiểm tra, so sánh dữ liệu được đều chỉnh với dữ liệu đã được xác nhận tổng hợp để tạo lập sản phẩm - Sản phẩm xếp hạng tín dụng doanh nghiệp chuyên sâu.","CB-KSDL, Hệ thống",,,B,8,Phức tạp,,,,,
UC-1240,1240,QLSP,QUẢN LÝ TẠO LẬP SẢN PHẨM,"Kiểm tra, so sánh dữ liệu được đều chỉnh với dữ liệu đã được xác nhận tổng hợp để tạo lập sản phẩm - Sản phẩm XHTD Tập đoàn, Tổng Công ty chuyên sâu.","CB-KSDL, Hệ thống",,,B,8,Phức tạp,,,,,
UC-1241,1241,QLSP,QUẢN LÝ TẠO LẬP SẢN PHẨM,"Kiểm tra, so sánh dữ liệu được đều chỉnh với dữ liệu đã được xác nhận tổng hợp để tạo lập sản phẩm - Sản phẩm chuyên sâu cho Doanh nghiệp tự đăng ký XHTD","CB-KSDL, Hệ thống",,,B,8,Phức tạp,,,,,
UC-1242,1242,QLSP,QUẢN LÝ TẠO LẬP SẢN PHẨM,"Kiểm tra, so sánh dữ liệu được đều chỉnh với dữ liệu đã được xác nhận tổng hợp để tạo lập sản phẩm - Sản phẩm chuyên sâu cho Tập đoàn, Tổng Công ty tự đăng ký","CB-KSDL, Hệ thống",,,B,8,Phức tạp,,,,,
UC-1243,1243,QLSP,QUẢN LÝ TẠO LẬP SẢN PHẨM,"Kiểm tra, so sánh dữ liệu được đều chỉnh với dữ liệu đã được xác nhận tổng hợp để tạo lập sản phẩm - XH50S - Sản phẩm cơ bản cho Doanh nghiệp tự đăng ký XHTD.","CB-KSDL, Hệ thống",,,B,8,Phức tạp,,,,,
UC-1244,1244,QLSP,QUẢN LÝ TẠO LẬP SẢN PHẨM,"Kiểm tra, so sánh dữ liệu được đều chỉnh với dữ liệu đã được xác nhận tổng hợp để tạo lập sản phẩm - XH51S - Sản phẩm cơ bản cho Tập đoàn, Tổng Công ty tự đăng ký XHTD. XHTD","CB-KSDL, Hệ thống",,,B,8,Phức tạp,,,,,
UC-1245,1245,QLSP,QUẢN LÝ TẠO LẬP SẢN PHẨM,"Kiểm tra, so sánh dữ liệu được đều chỉnh với dữ liệu đã được xác nhận tổng hợp để tạo lập sản phẩm - Sản phẩm XHTD DN chuyên sâu cho các tổ chức ngoài ngành.","CB-KSDL, Hệ thống",,,B,8,Phức tạp,,,,,
UC-1246,1246,QLSP,QUẢN LÝ TẠO LẬP SẢN PHẨM,"Kiểm tra, so sánh dữ liệu được đều chỉnh với dữ liệu đã được xác nhận tổng hợp để tạo lập sản phẩm - Sản phẩm XHTD Tập đoàn, Tổng Công ty chuyên sâu cho các tổ chức ngoài ngành.","CB-KSDL, Hệ thống",,,B,8,Phức tạp,,,,,
UC-1247,1247,QLSP,QUẢN LÝ TẠO LẬP SẢN PHẨM,"Kiểm tra, so sánh dữ liệu được đều chỉnh với dữ liệu đã được xác nhận tổng hợp để tạo lập sản phẩm - Sản phẩm bộ chỉ số trung bình ngành theo yêu cầu của đơn vị hỏi tin - XH53A","CB-KSDL, Hệ thống",,,B,8,Phức tạp,,,,,
UC-1248,1248,QLSP,QUẢN LÝ TẠO LẬP SẢN PHẨM,"Kiểm tra, so sánh dữ liệu được đều chỉnh với dữ liệu đã được xác nhận tổng hợp để tạo lập sản phẩm - Kết quả xếp hạng và các chỉ số liên quan của doanh nghiệp","CB-KSDL, Hệ thống",,,B,8,Phức tạp,,,,,
UC-1249,1249,QLSP,QUẢN LÝ TẠO LẬP SẢN PHẨM,"Kiểm tra, so sánh dữ liệu được đều chỉnh với dữ liệu đã được xác nhận tổng hợp để tạo lập sản phẩm - Kết quả chấm điểm thể nhân và các chỉ số liên quan.","CB-KSDL, Hệ thống",,,B,8,Phức tạp,,,,,
UC-1250,1250,QLSP,QUẢN LÝ TẠO LẬP SẢN PHẨM,"Kiểm tra, so sánh dữ liệu được đều chỉnh với dữ liệu đã được xác nhận tổng hợp để tạo lập sản phẩm - Báo cáo về tập đoàn, Tổng công ty, doanh nghiệp và cá nhân có liên quan.","CB-KSDL, Hệ thống",,,B,8,Phức tạp,,,,,
UC-1251,1251,QLSP,QUẢN LÝ TẠO LẬP SẢN PHẨM,"Kiểm tra, so sánh dữ liệu được đều chỉnh với dữ liệu đã được xác nhận tổng hợp để tạo lập sản phẩm - Thông tin về dư nợ theo loại hình TCTD","CB-KSDL, Hệ thống",,,B,8,Phức tạp,,,,,
UC-1252,1252,QLSP,QUẢN LÝ TẠO LẬP SẢN PHẨM,"Kiểm tra, so sánh dữ liệu được đều chỉnh với dữ liệu đã được xác nhận tổng hợp để tạo lập sản phẩm - Thông tin về dư nợ theo địa bàn","CB-KSDL, Hệ thống",,,B,8,Phức tạp,,,,,
UC-1253,1253,QLSP,QUẢN LÝ TẠO LẬP SẢN PHẨM,"Kiểm tra, so sánh dữ liệu được đều chỉnh với dữ liệu đã được xác nhận tổng hợp để tạo lập sản phẩm - Thông tin về dư nợ cho vay theo đối tượng vay","CB-KSDL, Hệ thống",,,B,8,Phức tạp,,,,,
UC-1254,1254,QLSP,QUẢN LÝ TẠO LẬP SẢN PHẨM,"Kiểm tra, so sánh dữ liệu được đều chỉnh với dữ liệu đã được xác nhận tổng hợp để tạo lập sản phẩm - Thông tin về dư nợ cho vay theo nhóm nợ","CB-KSDL, Hệ thống",,,B,8,Phức tạp,,,,,
UC-1255,1255,QLSP,QUẢN LÝ TẠO LẬP SẢN PHẨM,"Kiểm tra, so sánh dữ liệu được đều chỉnh với dữ liệu đã được xác nhận tổng hợp để tạo lập sản phẩm - Thông tin về Tăng trưởng dư nợ và biến động nợ xấu của thời điểm này so với thời điểm khác","CB-KSDL, Hệ thống",,,B,8,Phức tạp,,,,,
UC-1256,1256,QLSP,QUẢN LÝ TẠO LẬP SẢN PHẨM,"Kiểm tra, so sánh dữ liệu được đều chỉnh với dữ liệu đã được xác nhận tổng hợp để tạo lập sản phẩm - BC cung cấp cho Công an, tòa án, Viện KSND....","CB-KSDL, Hệ thống",,,B,8,Phức tạp,,,,,
UC-1257,1257,QLSP,QUẢN LÝ TẠO LẬP SẢN PHẨM,"Kiểm tra, so sánh dữ liệu được đều chỉnh với dữ liệu đã được xác nhận tổng hợp để tạo lập sản phẩm - BC cung cấp cho các bộ, ngành khác","CB-KSDL, Hệ thống",,,B,8,Phức tạp,,,,,
UC-1258,1258,QLSP,QUẢN LÝ TẠO LẬP SẢN PHẨM,"Kiểm tra, so sánh dữ liệu được đều chỉnh với dữ liệu đã được xác nhận tổng hợp để tạo lập sản phẩm - R18 - Danh sách khách hàng có nhóm nợ cao hơn ở TCTD khác","CB-KSDL, Hệ thống",,,B,8,Phức tạp,,,,,
UC-1259,1259,QLSP,QUẢN LÝ TẠO LẬP SẢN PHẨM,"Kiểm tra, so sánh dữ liệu được đều chỉnh với dữ liệu đã được xác nhận tổng hợp để tạo lập sản phẩm - R19 - Danh sách khách hàng thay đổi nhóm nợ cao nhất.","CB-KSDL, Hệ thống",,,B,8,Phức tạp,,,,,
UC-1260,1260,QLSP,QUẢN LÝ TẠO LẬP SẢN PHẨM,"Kiểm tra, so sánh dữ liệu được đều chỉnh với dữ liệu đã được xác nhận tổng hợp để tạo lập sản phẩm - S36 - Cảnh báo khách hàng có nợ xấu tại TCTD khác","CB-KSDL, Hệ thống",,,B,8,Phức tạp,,,,,
UC-1261,1261,QLSP,QUẢN LÝ TẠO LẬP SẢN PHẨM,"Kiểm tra, so sánh dữ liệu được đều chỉnh với dữ liệu đã được xác nhận tổng hợp để tạo lập sản phẩm - S39 - Cảnh báo khách hàng phát sinh nợ cần chú ý","CB-KSDL, Hệ thống",,,B,8,Phức tạp,,,,,
UC-1262,1262,QLSP,QUẢN LÝ TẠO LẬP SẢN PHẨM,"Kiểm tra, so sánh dữ liệu được đều chỉnh với dữ liệu đã được xác nhận tổng hợp để tạo lập sản phẩm - Báo cáo quản trị rủi ro về tình hình hoạt động của doanh nghiệp theo địa bàn, ngành, TCTD, ...","CB-KSDL, Hệ thống",,,B,8,Phức tạp,,,,,
UC-1263,1263,QLSP,QUẢN LÝ TẠO LẬP SẢN PHẨM,"Kiểm tra, so sánh dữ liệu được đều chỉnh với dữ liệu đã được xác nhận tổng hợp để tạo lập sản phẩm - Báo cáo tổng hợp về khách hàng thể nhân","CB-KSDL, Hệ thống",,,B,8,Phức tạp,,,,,
UC-1264,1264,QLSP,QUẢN LÝ TẠO LẬP SẢN PHẨM,"Kiểm tra, so sánh dữ liệu được đều chỉnh với dữ liệu đã được xác nhận tổng hợp để tạo lập sản phẩm - Danh sách TĐ tư nhân và các đơn vị thành viên","CB-KSDL, Hệ thống",,,B,8,Phức tạp,,,,,
UC-1265,1265,QLSP,QUẢN LÝ TẠO LẬP SẢN PHẨM,"Kiểm tra, so sánh dữ liệu được đều chỉnh với dữ liệu đã được xác nhận tổng hợp để tạo lập sản phẩm - Báo cáo phân tích ngành kinh tế chuyên sâu","CB-KSDL, Hệ thống",,,B,8,Phức tạp,,,,,
UC-1266,1266,QLSP,QUẢN LÝ TẠO LẬP SẢN PHẨM,"Kiểm tra, so sánh dữ liệu được đều chỉnh với dữ liệu đã được xác nhận tổng hợp để tạo lập sản phẩm - R52 - Tin tức, bài viết phân tích cảnh báo tín dụng","CB-KSDL, Hệ thống",,,B,8,Phức tạp,,,,,
UC-1267,1267,QLSP,QUẢN LÝ TẠO LẬP SẢN PHẨM,Thiết lập nguyên tắc dữ liệu quan trọng,"CB-KSDL, LĐP-KSDL (gọi chung là Người dùng)",,,B,4,Trung bình,,,,,
UC-1268,1268,QLSP,QUẢN LÝ TẠO LẬP SẢN PHẨM,Tra cứu nguyên tắc dữ liệu quan trọng,"CB-KSDL, LĐP-KSDL (gọi chung là Người dùng)",,,B,3,Đơn giản,,,,,
UC-1269,1269,QLSP,QUẢN LÝ TẠO LẬP SẢN PHẨM,Kích hoạt/Hủy kích hoạt quy tắc dữ liệu quan trọng,"CB-KSDL, LĐP-KSDL (gọi chung là Người dùng)",,,B,3,Đơn giản,,,,,
UC-1270,1270,QLSP,QUẢN LÝ TẠO LẬP SẢN PHẨM,Xác định mã CIC cho phiếu hỏi tin sản phẩm tức thời,Hệ thống,,,B,2,Đơn giản,1,,,,
UC-1271,1271,QLSP,QUẢN LÝ TẠO LẬP SẢN PHẨM,Xác định mã CIC cho phiếu hỏi tin sản phẩm theo yêu cầu,Hệ thống,,,B,2,Đơn giản,1,,,,
UC-1272,1272,QLSP,QUẢN LÝ TẠO LẬP SẢN PHẨM,Tổng hợp danh sách mã CIC từ phiếu hỏi tin mà có nghi ngờ,Hệ thống,,,B,8,Phức tạp,1,,,,
UC-1273,1273,QLSP,QUẢN LÝ TẠO LẬP SẢN PHẨM,Phân công xử lý phiếu hỏi tin,"QTHT, CB-TLSP, LĐ-TLSP (gọi chung là Người dùng)",,,B,5,Trung bình,,,,,
UC-1274,1274,QLSP,QUẢN LÝ TẠO LẬP SẢN PHẨM,Thiết lập quy tắc kiểm tra mã CIC,"QTHT, CB-TLSP, LĐ-TLSP (gọi chung là Người dùng)",,,B,4,Trung bình,,,,,
UC-1275,1275,QLSP,QUẢN LÝ TẠO LẬP SẢN PHẨM,Tra cứu thông tin về quy tắc kiểm tra mã CIC,"QTHT, CB-TLSP, LĐ-TLSP (gọi chung là Người dùng)",,,B,4,Trung bình,,,,,
UC-1276,1276,QLSP,QUẢN LÝ TẠO LẬP SẢN PHẨM,Phân công cán bộ phụ trách phiếu hỏi tin,"QTHT, CB-TLSP, LĐ-TLSP (gọi chung là Người dùng)",,,B,4,Trung bình,,,,,
UC-1277,1277,QLSP,QUẢN LÝ TẠO LẬP SẢN PHẨM,Tra cứu phân công cán bộ phụ trách phiếu hỏi tin,"QTHT, CB-TLSP, LĐ-TLSP (gọi chung là Người dùng)",,,B,3,Đơn giản,,,,,
UC-1278,1278,QLSP,QUẢN LÝ TẠO LẬP SẢN PHẨM,Gửi yêu cầu điều chỉnh đến cán bộ xử lý dữ liệu,Hệ thống,,,B,2,Đơn giản,1,,,,
UC-1279,1279,QLSP,QUẢN LÝ TẠO LẬP SẢN PHẨM,Xác định mã CIC thủ công,"CB-TLSP, LĐ-TLSP (gọi chung là Người dùng)",,,B,2,Đơn giản,,,,,
UC-1280,1280,QLSP,QUẢN LÝ TẠO LẬP SẢN PHẨM,Tra cứu danh sách cảnh báo nghi ngờ,"CB-TLSP, LĐ-TLSP (gọi chung là Người dùng)",,,B,3,Đơn giản,,,,,
UC-1281,1281,QLSP,QUẢN LÝ TẠO LẬP SẢN PHẨM,Gửi yêu cầu điều chỉnh bổ sung,"CB-TLSP, LĐ-TLSP (gọi chung là Người dùng)",,,B,2,Đơn giản,,,,,
UC-1282,1282,QLSP,QUẢN LÝ TẠO LẬP SẢN PHẨM,Xác nhận không có mã CIC,"CB-TLSP, LĐ-TLSP (gọi chung là Người dùng)",,,B,2,Đơn giản,,,,,
UC-1283,1283,QLSP,QUẢN LÝ TẠO LẬP SẢN PHẨM,Gán mã CIC chính xác,"CB-TLSP, LĐ-TLSP (gọi chung là Người dùng)",,,B,4,Trung bình,,,,,
UC-1284,1284,QLSP,QUẢN LÝ TẠO LẬP SẢN PHẨM,Tra cứu danh sách sản phẩm cần xác nhận thủ công,"CB-TLSP, LĐ-TLSP (gọi chung là Người dùng)",,,B,4,Trung bình,,,,,
UC-1285,1285,QLSP,QUẢN LÝ TẠO LẬP SẢN PHẨM,Xác nhận/Từ chối thực hiện xác định đúng mã sản phẩm,"CB-TLSP, LĐ-TLSP (gọi chung là Người dùng)",,,B,2,Đơn giản,,,,,
UC-1286,1286,QLSP,QUẢN LÝ TẠO LẬP SẢN PHẨM,Gửi thông báo phản hổi cho đơn vị hỏi tin,"CB-TLSP, LĐ-TLSP (gọi chung là Người dùng)",,,B,2,Đơn giản,,,,,
UC-1287,1287,QLSP,QUẢN LÝ TẠO LẬP SẢN PHẨM,Điều chỉnh sản phẩm cung cấp,"CB-TLSP, LĐ-TLSP (gọi chung là Người dùng)",,,B,4,Trung bình,,,,,
UC-1288,1288,QLSP,QUẢN LÝ TẠO LẬP SẢN PHẨM,Từ chối cung cấp sản phẩm hỏi tin,"CB-TLSP, LĐ-TLSP (gọi chung là Người dùng)",,,B,2,Đơn giản,,,,,
UC-1289,1289,QLSP,QUẢN LÝ TẠO LẬP SẢN PHẨM,Xác nhận đối tượng được hỏi tin có mã CIC không?,Hệ thống,,,B,2,Đơn giản,1,,,,
UC-1290,1290,QLSP,QUẢN LÝ TẠO LẬP SẢN PHẨM,Tạo lập sản phẩm - R11A - Thông tin quan hệ tín dụng thể nhân,Hệ thống,,,B,4,Trung bình,1,,,,
UC-1291,1291,QLSP,QUẢN LÝ TẠO LẬP SẢN PHẨM,Tạo lập sản phẩm - R14 - Thông tin chủ thẻ tín dụng thể nhân,Hệ thống,,,B,4,Trung bình,1,,,,
UC-1292,1292,QLSP,QUẢN LÝ TẠO LẬP SẢN PHẨM,Tạo lập sản phẩm - R21 - Thông tin đảm bảo tiền vay thể nhân,Hệ thống,,,B,4,Trung bình,1,,,,
UC-1293,1293,QLSP,QUẢN LÝ TẠO LẬP SẢN PHẨM,Tạo lập sản phẩm - Báo cáo tổng hợp thông tin tín dụng khách hàng thể nhân (S11A: Thông tin chi tiết quan hệ tín dụng thể nhân. S11T: Thông tin chi tiết quan hệ tín dụng thể nhân tức thời),Hệ thống,,,B,4,Trung bình,1,,,,
UC-1294,1294,QLSP,QUẢN LÝ TẠO LẬP SẢN PHẨM,Tạo lập sản phẩm - S37 - Cảnh báo khách hàng vay,Hệ thống,,,B,4,Trung bình,1,,,,
UC-1295,1295,QLSP,QUẢN LÝ TẠO LẬP SẢN PHẨM,Tạo lập sản phẩm - R10A - Thông tin quan hệ tín dụng pháp nhân,Hệ thống,,,B,4,Trung bình,1,,,,
UC-1296,1296,QLSP,QUẢN LÝ TẠO LẬP SẢN PHẨM,Tạo lập sản phẩm - R14 - Thông tin chủ thẻ tín dụng pháp nhân,Hệ thống,,,B,4,Trung bình,1,,,,
UC-1297,1297,QLSP,QUẢN LÝ TẠO LẬP SẢN PHẨM,Tạo lập sản phẩm - R20 - Thông tin bảo đảm tiền vay pháp nhân,Hệ thống,,,B,4,Trung bình,1,,,,
UC-1298,1298,QLSP,QUẢN LÝ TẠO LẬP SẢN PHẨM,Tạo lập sản phẩm - S10A - Chi tiết về khách hàng vay pháp nhân,Hệ thống,,,B,4,Trung bình,1,,,,
UC-1299,1299,QLSP,QUẢN LÝ TẠO LẬP SẢN PHẨM,Tạo lập sản phẩm - XH50 - Sản phẩm xếp hạng tín dụng doanh nghiệp cơ bản.,Hệ thống,,,B,4,Trung bình,1,,,,
UC-1300,1300,QLSP,QUẢN LÝ TẠO LẬP SẢN PHẨM,"Tạo lập sản phẩm - XH51 - Sản phẩm XHTD Tập đoàn, Tổng Công ty cơ bản.",Hệ thống,,,B,4,Trung bình,1,,,,
UC-1301,1301,QLSP,QUẢN LÝ TẠO LẬP SẢN PHẨM,Tạo lập sản phẩm - XH50K - Sản phẩm XHTD DN cơ bản cho các tổ chức ngoài ngành.,Hệ thống,,,B,4,Trung bình,1,,,,
UC-1302,1302,QLSP,QUẢN LÝ TẠO LẬP SẢN PHẨM,"Tạo lập sản phẩm - XH51K - Sản phẩm XHTD Tập đoàn, Tổng Công ty cơ bản cho các tổ chức ngoài ngành.",Hệ thống,,,B,4,Trung bình,1,,,,
UC-1303,1303,QLSP,QUẢN LÝ TẠO LẬP SẢN PHẨM,Tạo lập sản phẩm - S40 - Điểm tín dụng của khách hàng.,Hệ thống,,,B,4,Trung bình,1,,,,
UC-1304,1304,QLSP,QUẢN LÝ TẠO LẬP SẢN PHẨM,"Tạo lập sản phẩm - Sản phẩm Bộ chỉ số trung bình ngành (theo phân loại, tính toán của CIC) - XH53",Hệ thống,,,B,4,Trung bình,1,,,,
UC-1305,1305,QLSP,QUẢN LÝ TẠO LẬP SẢN PHẨM,Tạo lập sản phẩm - PN.SBVF1 - Báo cáo chi tiết về khách hàng vay pháp nhân,Hệ thống,,,B,4,Trung bình,1,,,,
UC-1306,1306,QLSP,QUẢN LÝ TẠO LẬP SẢN PHẨM,Tạo lập sản phẩm - TN.SBVF1 - Báo cáo chi tiết về khách hàng vay thể nhân,Hệ thống,,,B,4,Trung bình,1,,,,
UC-1307,1307,QLSP,QUẢN LÝ TẠO LẬP SẢN PHẨM,Tạo lập sản phẩm - Báo cáo thông tin quan hệ tín dụng thể nhân theo yêu cầu áp dụng đối với hỏi tin của các tổ chức tài chính vi mô.,Hệ thống,,,B,4,Trung bình,1,,,,
UC-1308,1308,QLSP,QUẢN LÝ TẠO LẬP SẢN PHẨM,Tạo lập sản phẩm - Các sản phẩm khác tùy biến theo chỉ tiêu thông tin,Hệ thống,,,B,4,Trung bình,1,,,,
UC-1309,1309,QLSP,QUẢN LÝ TẠO LẬP SẢN PHẨM,Tạo lập sản phẩm - Sản phẩm theo chỉ tiêu thông tin,Hệ thống,,,B,4,Trung bình,1,,,,
UC-1310,1310,QLSP,QUẢN LÝ TẠO LẬP SẢN PHẨM,Tạo lập sản phẩm - Sản phẩm thông tin quan hệ tín dụng thể nhân và pháp nhân theo yêu cầu hợp đồng phát sinh thường xuyên.,Hệ thống,,,B,4,Trung bình,1,,,,
UC-1311,1311,QLSP,QUẢN LÝ TẠO LẬP SẢN PHẨM,Kiểm tra điều kiện và đánh dấu sản phẩm đủ điều kiện cung cấp tự động,Hệ thống,,,B,2,Đơn giản,1,,,,
UC-1312,1312,QLSP,QUẢN LÝ TẠO LẬP SẢN PHẨM,"Thiết lập nguyên tắc, tiêu chí cho điều kiện xác định sản phẩm đủ điều kiện cung cấp tự động - R11A - Thông tin quan hệ tín dụng thể nhân","QTHT, CB-TLSP, LĐ-TLSP (gọi chung là Người dùng)",,,B,4,Trung bình,,,,,
UC-1313,1313,QLSP,QUẢN LÝ TẠO LẬP SẢN PHẨM,"Thiết lập nguyên tắc, tiêu chí cho điều kiện xác định sản phẩm đủ điều kiện cung cấp tự động - R14 - Thông tin chủ thẻ tín dụng thể nhân","QTHT, CB-TLSP, LĐ-TLSP (gọi chung là Người dùng)",,,B,4,Trung bình,,,,,
UC-1314,1314,QLSP,QUẢN LÝ TẠO LẬP SẢN PHẨM,"Thiết lập nguyên tắc, tiêu chí cho điều kiện xác định sản phẩm đủ điều kiện cung cấp tự động - R21 - Thông tin đảm bảo tiền vay thể nhân","QTHT, CB-TLSP, LĐ-TLSP (gọi chung là Người dùng)",,,B,4,Trung bình,,,,,
UC-1315,1315,QLSP,QUẢN LÝ TẠO LẬP SẢN PHẨM,"Thiết lập nguyên tắc, tiêu chí cho điều kiện xác định sản phẩm đủ điều kiện cung cấp tự động - Báo cáo tổng hợp thông tin tín dụng khách hàng thể nhân (S11A: Thông tin chi tiết quan hệ tín dụng thể nhân. S11T: Thông tin chi tiết quan hệ tín dụng thể nhân tức thời)","QTHT, CB-TLSP, LĐ-TLSP (gọi chung là Người dùng)",,,B,4,Trung bình,,,,,
UC-1316,1316,QLSP,QUẢN LÝ TẠO LẬP SẢN PHẨM,"Thiết lập nguyên tắc, tiêu chí cho điều kiện xác định sản phẩm đủ điều kiện cung cấp tự động - S37 - Cảnh báo khách hàng vay","QTHT, CB-TLSP, LĐ-TLSP (gọi chung là Người dùng)",,,B,4,Trung bình,,,,,
UC-1317,1317,QLSP,QUẢN LÝ TẠO LẬP SẢN PHẨM,"Thiết lập nguyên tắc, tiêu chí cho điều kiện xác định sản phẩm đủ điều kiện cung cấp tự động - R10A - Thông tin quan hệ tín dụng pháp nhân","QTHT, CB-TLSP, LĐ-TLSP (gọi chung là Người dùng)",,,B,4,Trung bình,,,,,
UC-1318,1318,QLSP,QUẢN LÝ TẠO LẬP SẢN PHẨM,"Thiết lập nguyên tắc, tiêu chí cho điều kiện xác định sản phẩm đủ điều kiện cung cấp tự động - R14 - Thông tin chủ thẻ tín dụng pháp nhân","QTHT, CB-TLSP, LĐ-TLSP (gọi chung là Người dùng)",,,B,4,Trung bình,,,,,
UC-1319,1319,QLSP,QUẢN LÝ TẠO LẬP SẢN PHẨM,"Thiết lập nguyên tắc, tiêu chí cho điều kiện xác định sản phẩm đủ điều kiện cung cấp tự động - R20 - Thông tin bảo đảm tiền vay pháp nhân","QTHT, CB-TLSP, LĐ-TLSP (gọi chung là Người dùng)",,,B,4,Trung bình,,,,,
UC-1320,1320,QLSP,QUẢN LÝ TẠO LẬP SẢN PHẨM,"Thiết lập nguyên tắc, tiêu chí cho điều kiện xác định sản phẩm đủ điều kiện cung cấp tự động - S10A - Chi tiết về khách hàng vay pháp nhân","QTHT, CB-TLSP, LĐ-TLSP (gọi chung là Người dùng)",,,B,4,Trung bình,,,,,
UC-1321,1321,QLSP,QUẢN LÝ TẠO LẬP SẢN PHẨM,"Thiết lập nguyên tắc, tiêu chí cho điều kiện xác định sản phẩm đủ điều kiện cung cấp tự động - XH50 - Sản phẩm xếp hạng tín dụng doanh nghiệp cơ bản.","QTHT, CB-TLSP, LĐ-TLSP (gọi chung là Người dùng)",,,B,4,Trung bình,,,,,
UC-1322,1322,QLSP,QUẢN LÝ TẠO LẬP SẢN PHẨM,"Thiết lập nguyên tắc, tiêu chí cho điều kiện xác định sản phẩm đủ điều kiện cung cấp tự động - XH51 - Sản phẩm XHTD Tập đoàn, Tổng Công ty cơ bản.","QTHT, CB-TLSP, LĐ-TLSP (gọi chung là Người dùng)",,,B,4,Trung bình,,,,,
UC-1323,1323,QLSP,QUẢN LÝ TẠO LẬP SẢN PHẨM,"Thiết lập nguyên tắc, tiêu chí cho điều kiện xác định sản phẩm đủ điều kiện cung cấp tự động - XH50K - Sản phẩm XHTD DN cơ bản cho các tổ chức ngoài ngành.","QTHT, CB-TLSP, LĐ-TLSP (gọi chung là Người dùng)",,,B,4,Trung bình,,,,,
UC-1324,1324,QLSP,QUẢN LÝ TẠO LẬP SẢN PHẨM,"Thiết lập nguyên tắc, tiêu chí cho điều kiện xác định sản phẩm đủ điều kiện cung cấp tự động - XH51K - Sản phẩm XHTD Tập đoàn, Tổng Công ty cơ bản cho các tổ chức ngoài ngành.","QTHT, CB-TLSP, LĐ-TLSP (gọi chung là Người dùng)",,,B,4,Trung bình,,,,,
UC-1325,1325,QLSP,QUẢN LÝ TẠO LẬP SẢN PHẨM,"Thiết lập nguyên tắc, tiêu chí cho điều kiện xác định sản phẩm đủ điều kiện cung cấp tự động - S40 - Điểm tín dụng của khách hàng.","QTHT, CB-TLSP, LĐ-TLSP (gọi chung là Người dùng)",,,B,4,Trung bình,,,,,
UC-1326,1326,QLSP,QUẢN LÝ TẠO LẬP SẢN PHẨM,"Thiết lập nguyên tắc, tiêu chí cho điều kiện xác định sản phẩm đủ điều kiện cung cấp tự động - Sản phẩm Bộ chỉ số trung bình ngành (theo phân loại, tính toán của CIC) - XH53","QTHT, CB-TLSP, LĐ-TLSP (gọi chung là Người dùng)",,,B,4,Trung bình,,,,,
UC-1327,1327,QLSP,QUẢN LÝ TẠO LẬP SẢN PHẨM,"Thiết lập nguyên tắc, tiêu chí cho điều kiện xác định sản phẩm đủ điều kiện cung cấp tự động - PN.SBVF1 - Báo cáo chi tiết về khách hàng vay pháp nhân","QTHT, CB-TLSP, LĐ-TLSP (gọi chung là Người dùng)",,,B,4,Trung bình,,,,,
UC-1328,1328,QLSP,QUẢN LÝ TẠO LẬP SẢN PHẨM,"Thiết lập nguyên tắc, tiêu chí cho điều kiện xác định sản phẩm đủ điều kiện cung cấp tự động - TN.SBVF1 - Báo cáo chi tiết về khách hàng vay thể nhân","QTHT, CB-TLSP, LĐ-TLSP (gọi chung là Người dùng)",,,B,4,Trung bình,,,,,
UC-1329,1329,QLSP,QUẢN LÝ TẠO LẬP SẢN PHẨM,"Thiết lập nguyên tắc, tiêu chí cho điều kiện xác định sản phẩm đủ điều kiện cung cấp tự động - Báo cáo thông tin quan hệ tín dụng thể nhân theo yêu cầu áp dụng đối với hỏi tin của các tổ chức tài chính vi mô.","QTHT, CB-TLSP, LĐ-TLSP (gọi chung là Người dùng)",,,B,4,Trung bình,,,,,
UC-1330,1330,QLSP,QUẢN LÝ TẠO LẬP SẢN PHẨM,"Thiết lập nguyên tắc, tiêu chí cho điều kiện xác định sản phẩm đủ điều kiện cung cấp tự động - Các sản phẩm khác tùy biến theo chỉ tiêu thông tin","QTHT, CB-TLSP, LĐ-TLSP (gọi chung là Người dùng)",,,B,4,Trung bình,,,,,
UC-1331,1331,QLSP,QUẢN LÝ TẠO LẬP SẢN PHẨM,"Thiết lập nguyên tắc, tiêu chí cho điều kiện xác định sản phẩm đủ điều kiện cung cấp tự động - Sản phẩm theo chỉ tiêu thông tin","QTHT, CB-TLSP, LĐ-TLSP (gọi chung là Người dùng)",,,B,4,Trung bình,,,,,
UC-1332,1332,QLSP,QUẢN LÝ TẠO LẬP SẢN PHẨM,"Thiết lập nguyên tắc, tiêu chí cho điều kiện xác định sản phẩm đủ điều kiện cung cấp tự động - Sản phẩm thông tin quan hệ tín dụng thể nhân và pháp nhân theo yêu cầu hợp đồng phát sinh thường xuyên.","QTHT, CB-TLSP, LĐ-TLSP (gọi chung là Người dùng)",,,B,4,Trung bình,,,,,
UC-1333,1333,QLSP,QUẢN LÝ TẠO LẬP SẢN PHẨM,"Tra cứu nguyên tắc, tiêu chí điều kiện xác định sản phẩm đủ điều kiện cung cấp tự động","QTHT, CB-TLSP, LĐ-TLSP (gọi chung là Người dùng)",,,B,3,Đơn giản,,,,,
UC-1334,1334,QLSP,QUẢN LÝ TẠO LẬP SẢN PHẨM,"Hiệu lực/Hết hiệu lực nguyên tắc, tiêu chí điều kiện xác định sản phẩm đủ điều kiện cung cấp tự động","QTHT, CB-TLSP, LĐ-TLSP (gọi chung là Người dùng)",,,B,3,Đơn giản,,,,,
UC-1335,1335,QLSP,QUẢN LÝ TẠO LẬP SẢN PHẨM,Thực hiện phân công đến cán bộ xử lý phiếu hỏi tin,Hệ thống,,,B,5,Trung bình,1,,,,
UC-1336,1336,QLSP,QUẢN LÝ TẠO LẬP SẢN PHẨM,Thiết lập nguyên tắc tự động phân công cho cán bộ xử lý phiếu hỏi tin,"QTHT, CB-TLSP, LĐ-TLSP (gọi chung là Người dùng)",,,B,4,Trung bình,,,,,
UC-1337,1337,QLSP,QUẢN LÝ TẠO LẬP SẢN PHẨM,Tra cứu nguyên tắc tự động phân công phiếu hỏi tin cho cán bộ xử lý phiếu hỏi tin,"QTHT, CB-TLSP, LĐ-TLSP (gọi chung là Người dùng)",,,B,3,Đơn giản,,,,,
UC-1338,1338,QLSP,QUẢN LÝ TẠO LẬP SẢN PHẨM,Hiệu lực/Hết hiệu lực nguyên tắc tự động phân công phiếu hỏi tin cho cán bộ,"QTHT, CB-TLSP, LĐ-TLSP (gọi chung là Người dùng)",,,B,3,Đơn giản,,,,,
UC-1339,1339,QLSP,QUẢN LÝ TẠO LẬP SẢN PHẨM,Hệ thống tự động yêu cầu xử lý thông tin sai/thiếu cho sản phẩm tức thời,Hệ thống,,,B,2,Đơn giản,1,,,,
UC-1340,1340,QLSP,QUẢN LÝ TẠO LẬP SẢN PHẨM,Tra cứu sản phẩm được phân công xử lý,"CB-TLSP, LĐ-TLSP (gọi chung là Người dùng)",,,B,3,Đơn giản,,,,,
UC-1341,1341,QLSP,QUẢN LÝ TẠO LẬP SẢN PHẨM,Yêu cầu xử lý thông tin sai/thiếu cho sản phẩm - R11A - Thông tin quan hệ tín dụng thể nhân,"CB-TLSP, CB-TTXLDL, LĐ-TTXLDL (gọi chung là Người dùng)",,,B,4,Trung bình,,,,,
UC-1342,1342,QLSP,QUẢN LÝ TẠO LẬP SẢN PHẨM,Yêu cầu xử lý thông tin sai/thiếu cho sản phẩm - R14 - Thông tin chủ thẻ tín dụng thể nhân,"CB-TLSP, CB-TTXLDL, LĐ-TTXLDL (gọi chung là Người dùng)",,,B,4,Trung bình,,,,,
UC-1343,1343,QLSP,QUẢN LÝ TẠO LẬP SẢN PHẨM,Yêu cầu xử lý thông tin sai/thiếu cho sản phẩm - R21 - Thông tin đảm bảo tiền vay thể nhân,"CB-TLSP, CB-TTXLDL, LĐ-TTXLDL (gọi chung là Người dùng)",,,B,4,Trung bình,,,,,
UC-1344,1344,QLSP,QUẢN LÝ TẠO LẬP SẢN PHẨM,Yêu cầu xử lý thông tin sai/thiếu cho sản phẩm - Báo cáo tổng hợp thông tin tín dụng khách hàng thể nhân (S11A: Thông tin chi tiết quan hệ tín dụng thể nhân. S11T: Thông tin chi tiết quan hệ tín dụng thể nhân tức thời),"CB-TLSP, CB-TTXLDL, LĐ-TTXLDL (gọi chung là Người dùng)",,,B,4,Trung bình,,,,,
UC-1345,1345,QLSP,QUẢN LÝ TẠO LẬP SẢN PHẨM,Yêu cầu xử lý thông tin sai/thiếu cho sản phẩm - S37 - Cảnh báo khách hàng vay,"CB-TLSP, CB-TTXLDL, LĐ-TTXLDL (gọi chung là Người dùng)",,,B,4,Trung bình,,,,,
UC-1346,1346,QLSP,QUẢN LÝ TẠO LẬP SẢN PHẨM,Yêu cầu xử lý thông tin sai/thiếu cho sản phẩm - R10A - Thông tin quan hệ tín dụng pháp nhân,"CB-TLSP, CB-TTXLDL, LĐ-TTXLDL (gọi chung là Người dùng)",,,B,4,Trung bình,,,,,
UC-1347,1347,QLSP,QUẢN LÝ TẠO LẬP SẢN PHẨM,Yêu cầu xử lý thông tin sai/thiếu cho sản phẩm - R14 - Thông tin chủ thẻ tín dụng pháp nhân,"CB-TLSP, CB-TTXLDL, LĐ-TTXLDL (gọi chung là Người dùng)",,,B,4,Trung bình,,,,,
UC-1348,1348,QLSP,QUẢN LÝ TẠO LẬP SẢN PHẨM,Yêu cầu xử lý thông tin sai/thiếu cho sản phẩm - R20 - Thông tin bảo đảm tiền vay pháp nhân,"CB-TLSP, CB-TTXLDL, LĐ-TTXLDL (gọi chung là Người dùng)",,,B,4,Trung bình,,,,,
UC-1349,1349,QLSP,QUẢN LÝ TẠO LẬP SẢN PHẨM,Yêu cầu xử lý thông tin sai/thiếu cho sản phẩm - S10A - Chi tiết về khách hàng vay pháp nhân,"CB-TLSP, CB-TTXLDL, LĐ-TTXLDL (gọi chung là Người dùng)",,,B,4,Trung bình,,,,,
UC-1350,1350,QLSP,QUẢN LÝ TẠO LẬP SẢN PHẨM,Yêu cầu xử lý thông tin sai/thiếu cho sản phẩm - XH50 - Sản phẩm xếp hạng tín dụng doanh nghiệp cơ bản.,"CB-TLSP, CB-TTXLDL, LĐ-TTXLDL (gọi chung là Người dùng)",,,B,4,Trung bình,,,,,
UC-1351,1351,QLSP,QUẢN LÝ TẠO LẬP SẢN PHẨM,"Yêu cầu xử lý thông tin sai/thiếu cho sản phẩm - XH51 - Sản phẩm XHTD Tập đoàn, Tổng Công ty cơ bản.","CB-TLSP, CB-TTXLDL, LĐ-TTXLDL (gọi chung là Người dùng)",,,B,4,Trung bình,,,,,
UC-1352,1352,QLSP,QUẢN LÝ TẠO LẬP SẢN PHẨM,Yêu cầu xử lý thông tin sai/thiếu cho sản phẩm - XH50K - Sản phẩm XHTD DN cơ bản cho các tổ chức ngoài ngành.,"CB-TLSP, CB-TTXLDL, LĐ-TTXLDL (gọi chung là Người dùng)",,,B,4,Trung bình,,,,,
UC-1353,1353,QLSP,QUẢN LÝ TẠO LẬP SẢN PHẨM,"Yêu cầu xử lý thông tin sai/thiếu cho sản phẩm - XH51K - Sản phẩm XHTD Tập đoàn, Tổng Công ty cơ bản cho các tổ chức ngoài ngành.","CB-TLSP, CB-TTXLDL, LĐ-TTXLDL (gọi chung là Người dùng)",,,B,4,Trung bình,,,,,
UC-1354,1354,QLSP,QUẢN LÝ TẠO LẬP SẢN PHẨM,Yêu cầu xử lý thông tin sai/thiếu cho sản phẩm - S40 - Điểm tín dụng của khách hàng.,"CB-TLSP, CB-TTXLDL, LĐ-TTXLDL (gọi chung là Người dùng)",,,B,4,Trung bình,,,,,
UC-1355,1355,QLSP,QUẢN LÝ TẠO LẬP SẢN PHẨM,"Yêu cầu xử lý thông tin sai/thiếu cho sản phẩm - Sản phẩm Bộ chỉ số trung bình ngành (theo phân loại, tính toán của CIC) - XH53","CB-TLSP, CB-TTXLDL, LĐ-TTXLDL (gọi chung là Người dùng)",,,B,4,Trung bình,,,,,
UC-1356,1356,QLSP,QUẢN LÝ TẠO LẬP SẢN PHẨM,Yêu cầu xử lý thông tin sai/thiếu cho sản phẩm - PN.SBVF1 - Báo cáo chi tiết về khách hàng vay pháp nhân,"CB-TLSP, CB-TTXLDL, LĐ-TTXLDL (gọi chung là Người dùng)",,,B,4,Trung bình,,,,,
UC-1357,1357,QLSP,QUẢN LÝ TẠO LẬP SẢN PHẨM,Yêu cầu xử lý thông tin sai/thiếu cho sản phẩm - TN.SBVF1 - Báo cáo chi tiết về khách hàng vay thể nhân,"CB-TLSP, CB-TTXLDL, LĐ-TTXLDL (gọi chung là Người dùng)",,,B,4,Trung bình,,,,,
UC-1358,1358,QLSP,QUẢN LÝ TẠO LẬP SẢN PHẨM,Yêu cầu xử lý thông tin sai/thiếu cho sản phẩm - Báo cáo thông tin quan hệ tín dụng thể nhân theo yêu cầu áp dụng đối với hỏi tin của các tổ chức tài chính vi mô.,"CB-TLSP, CB-TTXLDL, LĐ-TTXLDL (gọi chung là Người dùng)",,,B,4,Trung bình,,,,,
UC-1359,1359,QLSP,QUẢN LÝ TẠO LẬP SẢN PHẨM,Yêu cầu xử lý thông tin sai/thiếu cho sản phẩm - Các sản phẩm khác tùy biến theo chỉ tiêu thông tin,"CB-TLSP, CB-TTXLDL, LĐ-TTXLDL (gọi chung là Người dùng)",,,B,4,Trung bình,,,,,
UC-1360,1360,QLSP,QUẢN LÝ TẠO LẬP SẢN PHẨM,Yêu cầu xử lý thông tin sai/thiếu cho sản phẩm - Sản phẩm theo chỉ tiêu thông tin,"CB-TLSP, CB-TTXLDL, LĐ-TTXLDL (gọi chung là Người dùng)",,,B,4,Trung bình,,,,,
UC-1361,1361,QLSP,QUẢN LÝ TẠO LẬP SẢN PHẨM,Yêu cầu xử lý thông tin sai/thiếu cho sản phẩm - Sản phẩm thông tin quan hệ tín dụng thể nhân và pháp nhân theo yêu cầu hợp đồng phát sinh thường xuyên.,"CB-TLSP, CB-TTXLDL, LĐ-TTXLDL (gọi chung là Người dùng)",,,B,4,Trung bình,,,,,
UC-1362,1362,QLSP,QUẢN LÝ TẠO LẬP SẢN PHẨM,Tra cứu thông tin yêu cầu xử lý thông tin sai/thiếu của sản phẩm,"CB-TLSP, LĐ-TLSP, CB-TTXLDL, LĐ-TTXLDL (gọi chung là Người dùng)",,,B,3,Đơn giản,,,,,
UC-1363,1363,QLSP,QUẢN LÝ TẠO LẬP SẢN PHẨM,Xác nhận tạo lập sản phẩm - R11A - Thông tin quan hệ tín dụng thể nhân,CB-TLSP,,,B,2,Đơn giản,,,,,
UC-1364,1364,QLSP,QUẢN LÝ TẠO LẬP SẢN PHẨM,Xác nhận tạo lập sản phẩm - R14 - Thông tin chủ thẻ tín dụng thể nhân,CB-TLSP,,,B,2,Đơn giản,,,,,
UC-1365,1365,QLSP,QUẢN LÝ TẠO LẬP SẢN PHẨM,Xác nhận tạo lập sản phẩm - R21 - Thông tin đảm bảo tiền vay thể nhân,CB-TLSP,,,B,2,Đơn giản,,,,,
UC-1366,1366,QLSP,QUẢN LÝ TẠO LẬP SẢN PHẨM,Xác nhận tạo lập sản phẩm - Báo cáo tổng hợp thông tin tín dụng khách hàng thể nhân (S11A: Thông tin chi tiết quan hệ tín dụng thể nhân. S11T: Thông tin chi tiết quan hệ tín dụng thể nhân tức thời),CB-TLSP,,,B,2,Đơn giản,,,,,
UC-1367,1367,QLSP,QUẢN LÝ TẠO LẬP SẢN PHẨM,Xác nhận tạo lập sản phẩm - S37 - Cảnh báo khách hàng vay,CB-TLSP,,,B,2,Đơn giản,,,,,
UC-1368,1368,QLSP,QUẢN LÝ TẠO LẬP SẢN PHẨM,Xác nhận tạo lập sản phẩm - R10A - Thông tin quan hệ tín dụng pháp nhân,CB-TLSP,,,B,2,Đơn giản,,,,,
UC-1369,1369,QLSP,QUẢN LÝ TẠO LẬP SẢN PHẨM,Xác nhận tạo lập sản phẩm - R14 - Thông tin chủ thẻ tín dụng pháp nhân,CB-TLSP,,,B,2,Đơn giản,,,,,
UC-1370,1370,QLSP,QUẢN LÝ TẠO LẬP SẢN PHẨM,Xác nhận tạo lập sản phẩm - R20 - Thông tin bảo đảm tiền vay pháp nhân,CB-TLSP,,,B,2,Đơn giản,,,,,
UC-1371,1371,QLSP,QUẢN LÝ TẠO LẬP SẢN PHẨM,Xác nhận tạo lập sản phẩm - S10A - Chi tiết về khách hàng vay pháp nhân,CB-TLSP,,,B,2,Đơn giản,,,,,
UC-1372,1372,QLSP,QUẢN LÝ TẠO LẬP SẢN PHẨM,Xác nhận tạo lập sản phẩm - XH50 - Sản phẩm xếp hạng tín dụng doanh nghiệp cơ bản.,CB-TLSP,,,B,2,Đơn giản,,,,,
UC-1373,1373,QLSP,QUẢN LÝ TẠO LẬP SẢN PHẨM,"Xác nhận tạo lập sản phẩm - XH51 - Sản phẩm XHTD Tập đoàn, Tổng Công ty cơ bản.",CB-TLSP,,,B,2,Đơn giản,,,,,
UC-1374,1374,QLSP,QUẢN LÝ TẠO LẬP SẢN PHẨM,Xác nhận tạo lập sản phẩm - XH50K - Sản phẩm XHTD DN cơ bản cho các tổ chức ngoài ngành.,CB-TLSP,,,B,2,Đơn giản,,,,,
UC-1375,1375,QLSP,QUẢN LÝ TẠO LẬP SẢN PHẨM,"Xác nhận tạo lập sản phẩm - XH51K - Sản phẩm XHTD Tập đoàn, Tổng Công ty cơ bản cho các tổ chức ngoài ngành.",CB-TLSP,,,B,2,Đơn giản,,,,,
UC-1376,1376,QLSP,QUẢN LÝ TẠO LẬP SẢN PHẨM,Xác nhận tạo lập sản phẩm - S40 - Điểm tín dụng của khách hàng.,CB-TLSP,,,B,2,Đơn giản,,,,,
UC-1377,1377,QLSP,QUẢN LÝ TẠO LẬP SẢN PHẨM,"Xác nhận tạo lập sản phẩm - Sản phẩm Bộ chỉ số trung bình ngành (theo phân loại, tính toán của CIC) - XH53",CB-TLSP,,,B,2,Đơn giản,,,,,
UC-1378,1378,QLSP,QUẢN LÝ TẠO LẬP SẢN PHẨM,Xác nhận tạo lập sản phẩm - PN.SBVF1 - Báo cáo chi tiết về khách hàng vay pháp nhân,CB-TLSP,,,B,2,Đơn giản,,,,,
UC-1379,1379,QLSP,QUẢN LÝ TẠO LẬP SẢN PHẨM,Xác nhận tạo lập sản phẩm - TN.SBVF1 - Báo cáo chi tiết về khách hàng vay thể nhân,CB-TLSP,,,B,2,Đơn giản,,,,,
UC-1380,1380,QLSP,QUẢN LÝ TẠO LẬP SẢN PHẨM,Xác nhận tạo lập sản phẩm - Báo cáo thông tin quan hệ tín dụng thể nhân theo yêu cầu áp dụng đối với hỏi tin của các tổ chức tài chính vi mô.,CB-TLSP,,,B,2,Đơn giản,,,,,
UC-1381,1381,QLSP,QUẢN LÝ TẠO LẬP SẢN PHẨM,Xác nhận tạo lập sản phẩm - Các sản phẩm khác tùy biến theo chỉ tiêu thông tin,CB-TLSP,,,B,2,Đơn giản,,,,,
UC-1382,1382,QLSP,QUẢN LÝ TẠO LẬP SẢN PHẨM,Xác nhận tạo lập sản phẩm - Sản phẩm theo chỉ tiêu thông tin,CB-TLSP,,,B,2,Đơn giản,,,,,
UC-1383,1383,QLSP,QUẢN LÝ TẠO LẬP SẢN PHẨM,Xác nhận tạo lập sản phẩm - Sản phẩm thông tin quan hệ tín dụng thể nhân và pháp nhân theo yêu cầu hợp đồng phát sinh thường xuyên.,CB-TLSP,,,B,2,Đơn giản,,,,,
UC-1384,1384,QLSP,QUẢN LÝ TẠO LẬP SẢN PHẨM,Tra cứu sản phẩm đã tạo lập,"CB-TLSP, LĐ-TLSP (gọi chung là Người dùng)",,,B,3,Đơn giản,,,,,
UC-1385,1385,QLSP,QUẢN LÝ TẠO LẬP SẢN PHẨM,Hệ thống gửi thông tin sang phần mềm tính phí,Hệ thống,,,B,2,Đơn giản,1,,,,
UC-1386,1386,QLSP,QUẢN LÝ TẠO LẬP SẢN PHẨM,Tra cứu thông tin về sản phẩm đã gửi sang phần mềm tính phí,"CB-TLSP, LĐ-TLSP (gọi chung là Người dùng)",,,B,3,Đơn giản,,,,,
UC-1387,1387,QLSP,QUẢN LÝ TẠO LẬP SẢN PHẨM,Xác nhận đối tượng được hỏi tin về sản phẩm theo yêu cầu có mã CIC không?,CB-TLSP,,,B,2,Đơn giản,,,,,
UC-1388,1388,QLSP,QUẢN LÝ TẠO LẬP SẢN PHẨM,Tạo lập sản phẩm - Báo cáo thông tin doanh nghiệp cơ bản (English version),Hệ thống,,,B,4,Trung bình,1,,,,
UC-1389,1389,QLSP,QUẢN LÝ TẠO LẬP SẢN PHẨM,Tạo lập sản phẩm - Báo cáo thông tin doanh nghiệp (English version),Hệ thống,,,B,4,Trung bình,1,,,,
UC-1390,1390,QLSP,QUẢN LÝ TẠO LẬP SẢN PHẨM,Tạo lập sản phẩm - Báo cáo thông tin doanh nghiệp toàn diện (English version),Hệ thống,,,B,4,Trung bình,1,,,,
UC-1391,1391,QLSP,QUẢN LÝ TẠO LẬP SẢN PHẨM,Tạo lập sản phẩm - S70 – Báo cáo thông tin về doanh nghiệp nước ngoài.,Hệ thống,,,B,4,Trung bình,1,,,,
UC-1392,1392,QLSP,QUẢN LÝ TẠO LẬP SẢN PHẨM,Tạo lập sản phẩm - Nhóm báo cáo theo mô hình.,Hệ thống,,,B,4,Trung bình,1,,,,
UC-1393,1393,QLSP,QUẢN LÝ TẠO LẬP SẢN PHẨM,Tạo lập sản phẩm - Sản phẩm cung cấp danh sách khách hàng tiềm năng.,Hệ thống,,,B,4,Trung bình,1,,,,
UC-1394,1394,QLSP,QUẢN LÝ TẠO LẬP SẢN PHẨM,Tạo lập sản phẩm - Sản phẩm xếp hạng tín dụng doanh nghiệp chuyên sâu.,Hệ thống,,,B,4,Trung bình,1,,,,
UC-1395,1395,QLSP,QUẢN LÝ TẠO LẬP SẢN PHẨM,"Tạo lập sản phẩm - Sản phẩm XHTD Tập đoàn, Tổng Công ty chuyên sâu.",Hệ thống,,,B,4,Trung bình,1,,,,
UC-1396,1396,QLSP,QUẢN LÝ TẠO LẬP SẢN PHẨM,Tạo lập sản phẩm - Sản phẩm chuyên sâu cho Doanh nghiệp tự đăng ký XHTD,Hệ thống,,,B,4,Trung bình,1,,,,
UC-1397,1397,QLSP,QUẢN LÝ TẠO LẬP SẢN PHẨM,"Tạo lập sản phẩm - Sản phẩm chuyên sâu cho Tập đoàn, Tổng Công ty tự đăng ký",Hệ thống,,,B,4,Trung bình,1,,,,
UC-1398,1398,QLSP,QUẢN LÝ TẠO LẬP SẢN PHẨM,Tạo lập sản phẩm - XH50S - Sản phẩm cơ bản cho Doanh nghiệp tự đăng ký XHTD.,Hệ thống,,,B,4,Trung bình,1,,,,
UC-1399,1399,QLSP,QUẢN LÝ TẠO LẬP SẢN PHẨM,"Tạo lập sản phẩm - XH51S - Sản phẩm cơ bản cho Tập đoàn, Tổng Công ty tự đăng ký XHTD. XHTD",Hệ thống,,,B,4,Trung bình,1,,,,
UC-1400,1400,QLSP,QUẢN LÝ TẠO LẬP SẢN PHẨM,Tạo lập sản phẩm - Sản phẩm XHTD DN chuyên sâu cho các tổ chức ngoài ngành.,Hệ thống,,,B,4,Trung bình,1,,,,
UC-1401,1401,QLSP,QUẢN LÝ TẠO LẬP SẢN PHẨM,"Tạo lập sản phẩm - Sản phẩm XHTD Tập đoàn, Tổng Công ty chuyên sâu cho các tổ chức ngoài ngành.",Hệ thống,,,B,4,Trung bình,1,,,,
UC-1402,1402,QLSP,QUẢN LÝ TẠO LẬP SẢN PHẨM,Tạo lập sản phẩm - Sản phẩm bộ chỉ số trung bình ngành theo yêu cầu của đơn vị hỏi tin - XH53A,Hệ thống,,,B,4,Trung bình,1,,,,
UC-1403,1403,QLSP,QUẢN LÝ TẠO LẬP SẢN PHẨM,Tạo lập sản phẩm - Kết quả xếp hạng và các chỉ số liên quan của doanh nghiệp,Hệ thống,,,B,4,Trung bình,1,,,,
UC-1404,1404,QLSP,QUẢN LÝ TẠO LẬP SẢN PHẨM,Tạo lập sản phẩm - Kết quả chấm điểm thể nhân và các chỉ số liên quan.,Hệ thống,,,B,4,Trung bình,1,,,,
UC-1405,1405,QLSP,QUẢN LÝ TẠO LẬP SẢN PHẨM,"Tạo lập sản phẩm - Báo cáo về tập đoàn, Tổng công ty, doanh nghiệp và cá nhân có liên quan.",Hệ thống,,,B,4,Trung bình,1,,,,
UC-1406,1406,QLSP,QUẢN LÝ TẠO LẬP SẢN PHẨM,Kiểm tra điều kiện và đánh dấu sản phẩm theo yêu cầu có đủ điều kiện cung cấp tự động,Hệ thống,,,B,2,Đơn giản,1,,,,
UC-1407,1407,QLSP,QUẢN LÝ TẠO LẬP SẢN PHẨM,"Thiết lập nguyên tắc, tiêu chí cho điều kiện xác định sản phẩm đủ điều kiện cung cấp tự động Báo cáo thông tin doanh nghiệp cơ bản (English version)","QTHT, CB-TLSP, LĐ-TLSP (gọi chung là Người dùng)",,,B,4,Trung bình,,,,,
UC-1408,1408,QLSP,QUẢN LÝ TẠO LẬP SẢN PHẨM,"Thiết lập nguyên tắc, tiêu chí cho điều kiện xác định sản phẩm đủ điều kiện cung cấp tự động Báo cáo thông tin doanh nghiệp (English version)","QTHT, CB-TLSP, LĐ-TLSP (gọi chung là Người dùng)",,,B,4,Trung bình,,,,,
UC-1409,1409,QLSP,QUẢN LÝ TẠO LẬP SẢN PHẨM,"Thiết lập nguyên tắc, tiêu chí cho điều kiện xác định sản phẩm đủ điều kiện cung cấp tự động Báo cáo thông tin doanh nghiệp toàn diện (English version)","QTHT, CB-TLSP, LĐ-TLSP (gọi chung là Người dùng)",,,B,4,Trung bình,,,,,
UC-1410,1410,QLSP,QUẢN LÝ TẠO LẬP SẢN PHẨM,"Thiết lập nguyên tắc, tiêu chí cho điều kiện xác định sản phẩm đủ điều kiện cung cấp tự động S70 – Báo cáo thông tin về doanh nghiệp nước ngoài.","QTHT, CB-TLSP, LĐ-TLSP (gọi chung là Người dùng)",,,B,4,Trung bình,,,,,
UC-1411,1411,QLSP,QUẢN LÝ TẠO LẬP SẢN PHẨM,"Thiết lập nguyên tắc, tiêu chí cho điều kiện xác định sản phẩm đủ điều kiện cung cấp tự động Nhóm báo cáo theo mô hình.","QTHT, CB-TLSP, LĐ-TLSP (gọi chung là Người dùng)",,,B,4,Trung bình,,,,,
UC-1412,1412,QLSP,QUẢN LÝ TẠO LẬP SẢN PHẨM,"Thiết lập nguyên tắc, tiêu chí cho điều kiện xác định sản phẩm đủ điều kiện cung cấp tự động Sản phẩm cung cấp danh sách khách hàng tiềm năng.","QTHT, CB-TLSP, LĐ-TLSP (gọi chung là Người dùng)",,,B,4,Trung bình,,,,,
UC-1413,1413,QLSP,QUẢN LÝ TẠO LẬP SẢN PHẨM,"Thiết lập nguyên tắc, tiêu chí cho điều kiện xác định sản phẩm đủ điều kiện cung cấp tự động Sản phẩm xếp hạng tín dụng doanh nghiệp chuyên sâu.","QTHT, CB-TLSP, LĐ-TLSP (gọi chung là Người dùng)",,,B,4,Trung bình,,,,,
UC-1414,1414,QLSP,QUẢN LÝ TẠO LẬP SẢN PHẨM,"Thiết lập nguyên tắc, tiêu chí cho điều kiện xác định sản phẩm đủ điều kiện cung cấp tự động Sản phẩm XHTD Tập đoàn, Tổng Công ty chuyên sâu.","QTHT, CB-TLSP, LĐ-TLSP (gọi chung là Người dùng)",,,B,4,Trung bình,,,,,
UC-1415,1415,QLSP,QUẢN LÝ TẠO LẬP SẢN PHẨM,"Thiết lập nguyên tắc, tiêu chí cho điều kiện xác định sản phẩm đủ điều kiện cung cấp tự động Sản phẩm chuyên sâu cho Doanh nghiệp tự đăng ký XHTD","QTHT, CB-TLSP, LĐ-TLSP (gọi chung là Người dùng)",,,B,4,Trung bình,,,,,
UC-1416,1416,QLSP,QUẢN LÝ TẠO LẬP SẢN PHẨM,"Thiết lập nguyên tắc, tiêu chí cho điều kiện xác định sản phẩm đủ điều kiện cung cấp tự động Sản phẩm chuyên sâu cho Tập đoàn, Tổng Công ty tự đăng ký","QTHT, CB-TLSP, LĐ-TLSP (gọi chung là Người dùng)",,,B,4,Trung bình,,,,,
UC-1417,1417,QLSP,QUẢN LÝ TẠO LẬP SẢN PHẨM,"Thiết lập nguyên tắc, tiêu chí cho điều kiện xác định sản phẩm đủ điều kiện cung cấp tự động XH50S - Sản phẩm cơ bản cho Doanh nghiệp tự đăng ký XHTD.","QTHT, CB-TLSP, LĐ-TLSP (gọi chung là Người dùng)",,,B,4,Trung bình,,,,,
UC-1418,1418,QLSP,QUẢN LÝ TẠO LẬP SẢN PHẨM,"Thiết lập nguyên tắc, tiêu chí cho điều kiện xác định sản phẩm đủ điều kiện cung cấp tự động XH51S - Sản phẩm cơ bản cho Tập đoàn, Tổng Công ty tự đăng ký XHTD. XHTD","QTHT, CB-TLSP, LĐ-TLSP (gọi chung là Người dùng)",,,B,4,Trung bình,,,,,
UC-1419,1419,QLSP,QUẢN LÝ TẠO LẬP SẢN PHẨM,"Thiết lập nguyên tắc, tiêu chí cho điều kiện xác định sản phẩm đủ điều kiện cung cấp tự động Sản phẩm XHTD DN chuyên sâu cho các tổ chức ngoài ngành.","QTHT, CB-TLSP, LĐ-TLSP (gọi chung là Người dùng)",,,B,4,Trung bình,,,,,
UC-1420,1420,QLSP,QUẢN LÝ TẠO LẬP SẢN PHẨM,"Thiết lập nguyên tắc, tiêu chí cho điều kiện xác định sản phẩm đủ điều kiện cung cấp tự động Sản phẩm XHTD Tập đoàn, Tổng Công ty chuyên sâu cho các tổ chức ngoài ngành.","QTHT, CB-TLSP, LĐ-TLSP (gọi chung là Người dùng)",,,B,4,Trung bình,,,,,
UC-1421,1421,QLSP,QUẢN LÝ TẠO LẬP SẢN PHẨM,"Thiết lập nguyên tắc, tiêu chí cho điều kiện xác định sản phẩm đủ điều kiện cung cấp tự động Sản phẩm bộ chỉ số trung bình ngành theo yêu cầu của đơn vị hỏi tin - XH53A","QTHT, CB-TLSP, LĐ-TLSP (gọi chung là Người dùng)",,,B,4,Trung bình,,,,,
UC-1422,1422,QLSP,QUẢN LÝ TẠO LẬP SẢN PHẨM,"Thiết lập nguyên tắc, tiêu chí cho điều kiện xác định sản phẩm đủ điều kiện cung cấp tự động Kết quả xếp hạng và các chỉ số liên quan của doanh nghiệp","QTHT, CB-TLSP, LĐ-TLSP (gọi chung là Người dùng)",,,B,4,Trung bình,,,,,
UC-1423,1423,QLSP,QUẢN LÝ TẠO LẬP SẢN PHẨM,"Thiết lập nguyên tắc, tiêu chí cho điều kiện xác định sản phẩm đủ điều kiện cung cấp tự động Kết quả chấm điểm thể nhân và các chỉ số liên quan.","QTHT, CB-TLSP, LĐ-TLSP (gọi chung là Người dùng)",,,B,4,Trung bình,,,,,
UC-1424,1424,QLSP,QUẢN LÝ TẠO LẬP SẢN PHẨM,"Thiết lập nguyên tắc, tiêu chí cho điều kiện xác định sản phẩm đủ điều kiện cung cấp tự động Báo cáo về tập đoàn, Tổng công ty, doanh nghiệp và cá nhân có liên quan.","QTHT, CB-TLSP, LĐ-TLSP (gọi chung là Người dùng)",,,B,4,Trung bình,,,,,
UC-1425,1425,QLSP,QUẢN LÝ TẠO LẬP SẢN PHẨM,"Tra cứu nguyên tắc, tiêu chí điều kiện xác định sản phẩm theo yêu cầu đủ điều kiện cung cấp tự động","QTHT, CB-TLSP, LĐ-TLSP (gọi chung là Người dùng)",,,B,3,Đơn giản,,,,,
UC-1426,1426,QLSP,QUẢN LÝ TẠO LẬP SẢN PHẨM,"Hiệu lực/Hết hiệu lực nguyên tắc, tiêu chí điều kiện xác định sản phẩm theo yêu cầu đủ điều kiện cung cấp tự động","QTHT, CB-TLSP, LĐ-TLSP (gọi chung là Người dùng)",,,B,3,Đơn giản,,,,,
UC-1427,1427,QLSP,QUẢN LÝ TẠO LẬP SẢN PHẨM,Thực hiện phân công đến cán bộ xử lý phiếu hỏi tin về sản phẩm theo yêu cầu,Hệ thống,,,B,5,Trung bình,1,,,,
UC-1428,1428,QLSP,QUẢN LÝ TẠO LẬP SẢN PHẨM,Thiết lập nguyên tắc tự động phân công cho cán bộ xử lý phiếu hỏi tin về sản phẩm theo yêu cầu,"QTHT, CB-TLSP, LĐ-TLSP (gọi chung là Người dùng)",,,B,4,Trung bình,,,,,
UC-1429,1429,QLSP,QUẢN LÝ TẠO LẬP SẢN PHẨM,Tra cứu nguyên tắc tự động phân công phiếu hỏi tin cho cán bộ xử lý phiếu hỏi tin về sản phẩm theo yêu cầu,"QTHT, CB-TLSP, LĐ-TLSP (gọi chung là Người dùng)",,,B,3,Đơn giản,,,,,
UC-1430,1430,QLSP,QUẢN LÝ TẠO LẬP SẢN PHẨM,Hiệu lực/Hết hiệu lực nguyên tắc tự động phân công phiếu hỏi tin về sản phẩm theo yêu cầu cho cán bộ,"QTHT, CB-TLSP, LĐ-TLSP (gọi chung là Người dùng)",,,B,3,Đơn giản,,,,,
UC-1431,1431,QLSP,QUẢN LÝ TẠO LẬP SẢN PHẨM,Hệ thống tự động yêu cầu xử lý thông tin sai/thiếu cho sản phẩm theo yêu cầu,Hệ thống,,,B,2,Đơn giản,1,,,,
UC-1432,1432,QLSP,QUẢN LÝ TẠO LẬP SẢN PHẨM,Tra cứu sản phẩm theo yêu cầu được phân công xử lý,"CB-TLSP, LĐ-TLSP (Gọi chung là Người dùng)",,,B,3,Đơn giản,,,,,
UC-1433,1433,QLSP,QUẢN LÝ TẠO LẬP SẢN PHẨM,Yêu cầu xử lý thông tin sai/thiếu cho sản phẩm -Báo cáo thông tin doanh nghiệp cơ bản (English version),"CB-TLSP, LĐ-TLSP (Gọi chung là Người dùng)",,,B,4,Trung bình,,,,,
UC-1434,1434,QLSP,QUẢN LÝ TẠO LẬP SẢN PHẨM,Yêu cầu xử lý thông tin sai/thiếu cho sản phẩm -Báo cáo thông tin doanh nghiệp (English version),"CB-TLSP, LĐ-TLSP (Gọi chung là Người dùng)",,,B,4,Trung bình,,,,,
UC-1435,1435,QLSP,QUẢN LÝ TẠO LẬP SẢN PHẨM,Yêu cầu xử lý thông tin sai/thiếu cho sản phẩm -Báo cáo thông tin doanh nghiệp toàn diện (English version),"CB-TLSP, LĐ-TLSP (Gọi chung là Người dùng)",,,B,4,Trung bình,,,,,
UC-1436,1436,QLSP,QUẢN LÝ TẠO LẬP SẢN PHẨM,Yêu cầu xử lý thông tin sai/thiếu cho sản phẩm -S70 – Báo cáo thông tin về doanh nghiệp nước ngoài.,"CB-TLSP, LĐ-TLSP (Gọi chung là Người dùng)",,,B,4,Trung bình,,,,,
UC-1437,1437,QLSP,QUẢN LÝ TẠO LẬP SẢN PHẨM,Yêu cầu xử lý thông tin sai/thiếu cho sản phẩm -Nhóm báo cáo theo mô hình.,"CB-TLSP, LĐ-TLSP (Gọi chung là Người dùng)",,,B,4,Trung bình,,,,,
UC-1438,1438,QLSP,QUẢN LÝ TẠO LẬP SẢN PHẨM,Yêu cầu xử lý thông tin sai/thiếu cho sản phẩm -Sản phẩm cung cấp danh sách khách hàng tiềm năng.,"CB-TLSP, LĐ-TLSP (Gọi chung là Người dùng)",,,B,4,Trung bình,,,,,
UC-1439,1439,QLSP,QUẢN LÝ TẠO LẬP SẢN PHẨM,Yêu cầu xử lý thông tin sai/thiếu cho sản phẩm -Sản phẩm xếp hạng tín dụng doanh nghiệp chuyên sâu.,"CB-TLSP, LĐ-TLSP (Gọi chung là Người dùng)",,,B,4,Trung bình,,,,,
UC-1440,1440,QLSP,QUẢN LÝ TẠO LẬP SẢN PHẨM,"Yêu cầu xử lý thông tin sai/thiếu cho sản phẩm -Sản phẩm XHTD Tập đoàn, Tổng Công ty chuyên sâu.","CB-TLSP, LĐ-TLSP (Gọi chung là Người dùng)",,,B,4,Trung bình,,,,,
UC-1441,1441,QLSP,QUẢN LÝ TẠO LẬP SẢN PHẨM,Yêu cầu xử lý thông tin sai/thiếu cho sản phẩm -Sản phẩm chuyên sâu cho Doanh nghiệp tự đăng ký XHTD,"CB-TLSP, LĐ-TLSP (Gọi chung là Người dùng)",,,B,4,Trung bình,,,,,
UC-1442,1442,QLSP,QUẢN LÝ TẠO LẬP SẢN PHẨM,"Yêu cầu xử lý thông tin sai/thiếu cho sản phẩm -Sản phẩm chuyên sâu cho Tập đoàn, Tổng Công ty tự đăng ký","CB-TLSP, LĐ-TLSP (Gọi chung là Người dùng)",,,B,4,Trung bình,,,,,
UC-1443,1443,QLSP,QUẢN LÝ TẠO LẬP SẢN PHẨM,Yêu cầu xử lý thông tin sai/thiếu cho sản phẩm -XH50S - Sản phẩm cơ bản cho Doanh nghiệp tự đăng ký XHTD.,"CB-TLSP, LĐ-TLSP (Gọi chung là Người dùng)",,,B,4,Trung bình,,,,,
UC-1444,1444,QLSP,QUẢN LÝ TẠO LẬP SẢN PHẨM,"Yêu cầu xử lý thông tin sai/thiếu cho sản phẩm -XH51S - Sản phẩm cơ bản cho Tập đoàn, Tổng Công ty tự đăng ký XHTD. XHTD","CB-TLSP, LĐ-TLSP (Gọi chung là Người dùng)",,,B,4,Trung bình,,,,,
UC-1445,1445,QLSP,QUẢN LÝ TẠO LẬP SẢN PHẨM,Yêu cầu xử lý thông tin sai/thiếu cho sản phẩm -Sản phẩm XHTD DN chuyên sâu cho các tổ chức ngoài ngành.,"CB-TLSP, LĐ-TLSP (Gọi chung là Người dùng)",,,B,4,Trung bình,,,,,
UC-1446,1446,QLSP,QUẢN LÝ TẠO LẬP SẢN PHẨM,"Yêu cầu xử lý thông tin sai/thiếu cho sản phẩm -Sản phẩm XHTD Tập đoàn, Tổng Công ty chuyên sâu cho các tổ chức ngoài ngành.","CB-TLSP, LĐ-TLSP (Gọi chung là Người dùng)",,,B,4,Trung bình,,,,,
UC-1447,1447,QLSP,QUẢN LÝ TẠO LẬP SẢN PHẨM,Yêu cầu xử lý thông tin sai/thiếu cho sản phẩm -Sản phẩm bộ chỉ số trung bình ngành theo yêu cầu của đơn vị hỏi tin - XH53A,"CB-TLSP, LĐ-TLSP (Gọi chung là Người dùng)",,,B,4,Trung bình,,,,,
UC-1448,1448,QLSP,QUẢN LÝ TẠO LẬP SẢN PHẨM,Yêu cầu xử lý thông tin sai/thiếu cho sản phẩm -Kết quả xếp hạng và các chỉ số liên quan của doanh nghiệp,"CB-TLSP, LĐ-TLSP (Gọi chung là Người dùng)",,,B,4,Trung bình,,,,,
UC-1449,1449,QLSP,QUẢN LÝ TẠO LẬP SẢN PHẨM,Yêu cầu xử lý thông tin sai/thiếu cho sản phẩm -Kết quả chấm điểm thể nhân và các chỉ số liên quan.,"CB-TLSP, LĐ-TLSP (Gọi chung là Người dùng)",,,B,4,Trung bình,,,,,
UC-1450,1450,QLSP,QUẢN LÝ TẠO LẬP SẢN PHẨM,"Yêu cầu xử lý thông tin sai/thiếu cho sản phẩm -Báo cáo về tập đoàn, Tổng công ty, doanh nghiệp và cá nhân có liên quan.","CB-TLSP, LĐ-TLSP (Gọi chung là Người dùng)",,,B,4,Trung bình,,,,,
UC-1451,1451,QLSP,QUẢN LÝ TẠO LẬP SẢN PHẨM,Tra cứu thông tin yêu cầu xử lý thông tin sai/thiếu của sản phẩm theo yêu cầu,"CB-TLSP, LĐ-TLSP, CB-TTXLDL, LĐ-TTXLDL (Gọi chung là Người dùng)",,,B,3,Đơn giản,,,,,
UC-1452,1452,QLSP,QUẢN LÝ TẠO LẬP SẢN PHẨM,Xác nhận tạo lập sản phẩm -Báo cáo thông tin doanh nghiệp cơ bản (English version),"CB-TLSP, LĐ-TLSP (Gọi chung là Người dùng)",,,B,2,Đơn giản,,,,,
UC-1453,1453,QLSP,QUẢN LÝ TẠO LẬP SẢN PHẨM,Xác nhận tạo lập sản phẩm -Báo cáo thông tin doanh nghiệp (English version),"CB-TLSP, LĐ-TLSP (Gọi chung là Người dùng)",,,B,2,Đơn giản,,,,,
UC-1454,1454,QLSP,QUẢN LÝ TẠO LẬP SẢN PHẨM,Xác nhận tạo lập sản phẩm -Báo cáo thông tin doanh nghiệp toàn diện (English version),"CB-TLSP, LĐ-TLSP (Gọi chung là Người dùng)",,,B,2,Đơn giản,,,,,
UC-1455,1455,QLSP,QUẢN LÝ TẠO LẬP SẢN PHẨM,Xác nhận tạo lập sản phẩm -S70 – Báo cáo thông tin về doanh nghiệp nước ngoài.,"CB-TLSP, LĐ-TLSP (Gọi chung là Người dùng)",,,B,2,Đơn giản,,,,,
UC-1456,1456,QLSP,QUẢN LÝ TẠO LẬP SẢN PHẨM,Xác nhận tạo lập sản phẩm -Nhóm báo cáo theo mô hình.,"CB-TLSP, LĐ-TLSP (Gọi chung là Người dùng)",,,B,2,Đơn giản,,,,,
UC-1457,1457,QLSP,QUẢN LÝ TẠO LẬP SẢN PHẨM,Xác nhận tạo lập sản phẩm -Sản phẩm cung cấp danh sách khách hàng tiềm năng.,"CB-TLSP, LĐ-TLSP (Gọi chung là Người dùng)",,,B,2,Đơn giản,,,,,
UC-1458,1458,QLSP,QUẢN LÝ TẠO LẬP SẢN PHẨM,Xác nhận tạo lập sản phẩm -Sản phẩm xếp hạng tín dụng doanh nghiệp chuyên sâu.,"CB-TLSP, LĐ-TLSP (Gọi chung là Người dùng)",,,B,2,Đơn giản,,,,,
UC-1459,1459,QLSP,QUẢN LÝ TẠO LẬP SẢN PHẨM,"Xác nhận tạo lập sản phẩm -Sản phẩm XHTD Tập đoàn, Tổng Công ty chuyên sâu.","CB-TLSP, LĐ-TLSP (Gọi chung là Người dùng)",,,B,2,Đơn giản,,,,,
UC-1460,1460,QLSP,QUẢN LÝ TẠO LẬP SẢN PHẨM,Xác nhận tạo lập sản phẩm -Sản phẩm chuyên sâu cho Doanh nghiệp tự đăng ký XHTD,"CB-TLSP, LĐ-TLSP (Gọi chung là Người dùng)",,,B,2,Đơn giản,,,,,
UC-1461,1461,QLSP,QUẢN LÝ TẠO LẬP SẢN PHẨM,"Xác nhận tạo lập sản phẩm -Sản phẩm chuyên sâu cho Tập đoàn, Tổng Công ty tự đăng ký","CB-TLSP, LĐ-TLSP (Gọi chung là Người dùng)",,,B,2,Đơn giản,,,,,
UC-1462,1462,QLSP,QUẢN LÝ TẠO LẬP SẢN PHẨM,Xác nhận tạo lập sản phẩm -XH50S - Sản phẩm cơ bản cho Doanh nghiệp tự đăng ký XHTD.,"CB-TLSP, LĐ-TLSP (Gọi chung là Người dùng)",,,B,2,Đơn giản,,,,,
UC-1463,1463,QLSP,QUẢN LÝ TẠO LẬP SẢN PHẨM,"Xác nhận tạo lập sản phẩm -XH51S - Sản phẩm cơ bản cho Tập đoàn, Tổng Công ty tự đăng ký XHTD. XHTD","CB-TLSP, LĐ-TLSP (Gọi chung là Người dùng)",,,B,2,Đơn giản,,,,,
UC-1464,1464,QLSP,QUẢN LÝ TẠO LẬP SẢN PHẨM,Xác nhận tạo lập sản phẩm -Sản phẩm XHTD DN chuyên sâu cho các tổ chức ngoài ngành.,"CB-TLSP, LĐ-TLSP (Gọi chung là Người dùng)",,,B,2,Đơn giản,,,,,
UC-1465,1465,QLSP,QUẢN LÝ TẠO LẬP SẢN PHẨM,"Xác nhận tạo lập sản phẩm -Sản phẩm XHTD Tập đoàn, Tổng Công ty chuyên sâu cho các tổ chức ngoài ngành.","CB-TLSP, LĐ-TLSP (Gọi chung là Người dùng)",,,B,2,Đơn giản,,,,,
UC-1466,1466,QLSP,QUẢN LÝ TẠO LẬP SẢN PHẨM,Xác nhận tạo lập sản phẩm -Sản phẩm bộ chỉ số trung bình ngành theo yêu cầu của đơn vị hỏi tin - XH53A,"CB-TLSP, LĐ-TLSP (Gọi chung là Người dùng)",,,B,2,Đơn giản,,,,,
UC-1467,1467,QLSP,QUẢN LÝ TẠO LẬP SẢN PHẨM,Xác nhận tạo lập sản phẩm -Kết quả xếp hạng và các chỉ số liên quan của doanh nghiệp,"CB-TLSP, LĐ-TLSP (Gọi chung là Người dùng)",,,B,2,Đơn giản,,,,,
UC-1468,1468,QLSP,QUẢN LÝ TẠO LẬP SẢN PHẨM,Xác nhận tạo lập sản phẩm -Kết quả chấm điểm thể nhân và các chỉ số liên quan.,"CB-TLSP, LĐ-TLSP (Gọi chung là Người dùng)",,,B,2,Đơn giản,,,,,
UC-1469,1469,QLSP,QUẢN LÝ TẠO LẬP SẢN PHẨM,"Xác nhận tạo lập sản phẩm -Báo cáo về tập đoàn, Tổng công ty, doanh nghiệp và cá nhân có liên quan.","CB-TLSP, LĐ-TLSP (Gọi chung là Người dùng)",,,B,2,Đơn giản,,,,,
UC-1470,1470,QLSP,QUẢN LÝ TẠO LẬP SẢN PHẨM,Tra cứu sản phẩm theo yêu cầu đã tạo lập,"CB-TLSP, LĐ-TLSP (Gọi chung là Người dùng)",,,B,3,Đơn giản,,,,,
UC-1471,1471,QLSP,QUẢN LÝ TẠO LẬP SẢN PHẨM,Hệ thống gửi thông tin về sản phẩm theo yêu cầu sang phần mềm tính phí,Hệ thống,,,B,2,Đơn giản,1,,,,
UC-1472,1472,QLSP,QUẢN LÝ TẠO LẬP SẢN PHẨM,Tra cứu thông tin về sản phẩm theo yêu cầu đã gửi sang phần mềm tính phí,"CB-TLSP, LĐ-TLSP (Gọi chung là Người dùng)",,,B,3,Đơn giản,,,,,
UC-1473,1473,QLSP,QUẢN LÝ TẠO LẬP SẢN PHẨM,Tổng hợp nội dung sản phẩm - R18 - Danh sách khách hàng có nhóm nợ cao hơn ở TCTD khác,"CB-TLSP, LĐ-TLSP (Gọi chung là Người dùng)",,,B,8,Phức tạp,,,,,
UC-1474,1474,QLSP,QUẢN LÝ TẠO LẬP SẢN PHẨM,Tổng hợp nội dung sản phẩm - R19 - Danh sách khách hàng thay đổi nhóm nợ cao nhất.,"CB-TLSP, LĐ-TLSP (Gọi chung là Người dùng)",,,B,8,Phức tạp,,,,,
UC-1475,1475,QLSP,QUẢN LÝ TẠO LẬP SẢN PHẨM,Tổng hợp nội dung sản phẩm - S36 - Cảnh báo khách hàng có nợ xấu tại TCTD khác,"CB-TLSP, LĐ-TLSP (Gọi chung là Người dùng)",,,B,8,Phức tạp,,,,,
UC-1476,1476,QLSP,QUẢN LÝ TẠO LẬP SẢN PHẨM,Tổng hợp nội dung sản phẩm - S39 - Cảnh báo khách hàng phát sinh nợ cần chú ý,"CB-TLSP, LĐ-TLSP (Gọi chung là Người dùng)",,,B,8,Phức tạp,,,,,
UC-1477,1477,QLSP,QUẢN LÝ TẠO LẬP SẢN PHẨM,"Tổng hợp nội dung sản phẩm - Báo cáo quản trị rủi ro về tình hình hoạt động của doanh nghiệp theo địa bàn, ngành, TCTD, ...","CB-TLSP, LĐ-TLSP (Gọi chung là Người dùng)",,,B,8,Phức tạp,,,,,
UC-1478,1478,QLSP,QUẢN LÝ TẠO LẬP SẢN PHẨM,Tổng hợp nội dung sản phẩm - Báo cáo tổng hợp về khách hàng thể nhân,"CB-TLSP, LĐ-TLSP (Gọi chung là Người dùng)",,,B,8,Phức tạp,,,,,
UC-1479,1479,QLSP,QUẢN LÝ TẠO LẬP SẢN PHẨM,Tổng hợp nội dung sản phẩm - Danh sách TĐ tư nhân và các đơn vị thành viên,"CB-TLSP, LĐ-TLSP (Gọi chung là Người dùng)",,,B,8,Phức tạp,,,,,
UC-1480,1480,QLSP,QUẢN LÝ TẠO LẬP SẢN PHẨM,Thiết lập nguyên tắc tổng hợp dữ liệu trên báo cáo định kỳ,"QTHT, CB-TLSP, CB-KSDL, LĐP-KSDL (Gọi chung là Người dùng)",,,B,4,Trung bình,,,,,
UC-1481,1481,QLSP,QUẢN LÝ TẠO LẬP SẢN PHẨM,Tra cứu nguyên tắc tổng hợp dữ liệu trên báo cáo định kỳ,"QTHT, CB-TLSP, CB-KSDL, LĐP-KSDL (Gọi chung là Người dùng)",,,B,3,Đơn giản,,,,,
UC-1482,1482,QLSP,QUẢN LÝ TẠO LẬP SẢN PHẨM,Hiệu lực/Hết hiệu lực nguyên tắc tổng hợp dữ liệu trên báo cáo định kỳ,"QTHT, CB-TLSP, CB-KSDL, LĐP-KSDL (Gọi chung là Người dùng)",,,B,3,Đơn giản,,,,,
UC-1483,1483,QLSP,QUẢN LÝ TẠO LẬP SẢN PHẨM,Thiết lập điều kiện tự động xác nhận dữ liệu được tổng hợp lên báo cáo định kỳ,"QTHT, CB-TLSP, CB-KSDL, LĐP-KSDL (Gọi chung là Người dùng)",,,B,4,Trung bình,,,,,
UC-1484,1484,QLSP,QUẢN LÝ TẠO LẬP SẢN PHẨM,Tra cứu thông tin về điều kiện tự động xác nhận dữ liệu được tổng hợp lên báo cáo định kỳ,"QTHT, CB-TLSP, CB-KSDL, LĐP-KSDL (Gọi chung là Người dùng)",,,B,3,Đơn giản,,,,,
UC-1485,1485,QLSP,QUẢN LÝ TẠO LẬP SẢN PHẨM,Hiệu lực/Hết hiệu lực điều kiện tự động xác nhận dữ liệu được tổng hợp lên báo cáo định kỳ,"QTHT, CB-TLSP, CB-KSDL, LĐP-KSDL (Gọi chung là Người dùng)",,,B,3,Đơn giản,,,,,
UC-1486,1486,QLSP,QUẢN LÝ TẠO LẬP SẢN PHẨM,Tra cứu nội dung dữ liệu đã tổng hợp phục vụ báo cáo định kỳ,"CB-KSDL, LĐP-KSDL (Gọi chung là Người dùng)",,,B,3,Đơn giản,,,,,
UC-1487,1487,QLSP,QUẢN LÝ TẠO LẬP SẢN PHẨM,Yêu cầu kiểm tra nội dung không hợp lệ sau khi tổng hợp nội dung cho sản phẩm - R18 - Danh sách khách hàng có nhóm nợ cao hơn ở TCTD khác,CB-TLSP,,,B,2,Đơn giản,,,,,
UC-1488,1488,QLSP,QUẢN LÝ TẠO LẬP SẢN PHẨM,Yêu cầu kiểm tra nội dung không hợp lệ sau khi tổng hợp nội dung cho sản phẩm - R19 - Danh sách khách hàng thay đổi nhóm nợ cao nhất.,CB-TLSP,,,B,2,Đơn giản,,,,,
UC-1489,1489,QLSP,QUẢN LÝ TẠO LẬP SẢN PHẨM,Xác nhận nội dung tổng hợp sản phẩm - R18 - Danh sách khách hàng có nhóm nợ cao hơn ở TCTD khác,CB-TLSP,,,B,2,Đơn giản,,,,,
UC-1490,1490,QLSP,QUẢN LÝ TẠO LẬP SẢN PHẨM,Xác nhận nội dung tổng hợp sản phẩm - R19 - Danh sách khách hàng thay đổi nhóm nợ cao nhất.,CB-TLSP,,,B,2,Đơn giản,,,,,
UC-1491,1491,QLSP,QUẢN LÝ TẠO LẬP SẢN PHẨM,Xác nhận nội dung tổng hợp sản phẩm - S36 - Cảnh báo khách hàng có nợ xấu tại TCTD khác,CB-TLSP,,,B,2,Đơn giản,,,,,
UC-1492,1492,QLSP,QUẢN LÝ TẠO LẬP SẢN PHẨM,Xác nhận nội dung tổng hợp sản phẩm - S39 - Cảnh báo khách hàng phát sinh nợ cần chú ý,CB-TLSP,,,B,2,Đơn giản,,,,,
UC-1493,1493,QLSP,QUẢN LÝ TẠO LẬP SẢN PHẨM,"Xác nhận nội dung tổng hợp sản phẩm - Báo cáo quản trị rủi ro về tình hình hoạt động của doanh nghiệp theo địa bàn, ngành, TCTD, ...",CB-TLSP,,,B,2,Đơn giản,,,,,
UC-1494,1494,QLSP,QUẢN LÝ TẠO LẬP SẢN PHẨM,Xác nhận nội dung tổng hợp sản phẩm - Báo cáo tổng hợp về khách hàng thể nhân,CB-TLSP,,,B,2,Đơn giản,,,,,
UC-1495,1495,QLSP,QUẢN LÝ TẠO LẬP SẢN PHẨM,Xác nhận nội dung tổng hợp sản phẩm - Danh sách TĐ tư nhân và các đơn vị thành viên,CB-TLSP,,,B,2,Đơn giản,,,,,
UC-1496,1496,QLSP,QUẢN LÝ TẠO LẬP SẢN PHẨM,Hệ thống tự động kiểm tra điều kiện phê duyệt tự động sản phẩm báo cáo định kỳ,Hệ thống,,,B,2,Đơn giản,1,,,,
UC-1497,1497,QLSP,QUẢN LÝ TẠO LẬP SẢN PHẨM,"Tra cứu dữ liệu, nội dung tạo lập sản phẩm báo cáo định kỳ","CB-TLSP, LĐ-TLSP (gọi chung là Người dùng)",,,B,3,Đơn giản,,,,,
UC-1498,1498,QLSP,QUẢN LÝ TẠO LẬP SẢN PHẨM,Từ chối nội dung tạo lập sản phẩm báo cáo định kỳ - R18 - Danh sách khách hàng có nhóm nợ cao hơn ở TCTD khác,"CB-TLSP, LĐ-TLSP (gọi chung là Người dùng)",,,B,2,Đơn giản,,,,,
UC-1499,1499,QLSP,QUẢN LÝ TẠO LẬP SẢN PHẨM,Từ chối nội dung tạo lập sản phẩm báo cáo định kỳ - R19 - Danh sách khách hàng thay đổi nhóm nợ cao nhất.,"CB-TLSP, LĐ-TLSP (gọi chung là Người dùng)",,,B,2,Đơn giản,,,,,
UC-1500,1500,QLSP,QUẢN LÝ TẠO LẬP SẢN PHẨM,Từ chối nội dung tạo lập sản phẩm báo cáo định kỳ - S36 - Cảnh báo khách hàng có nợ xấu tại TCTD khác,"CB-TLSP, LĐ-TLSP (gọi chung là Người dùng)",,,B,2,Đơn giản,,,,,
UC-1501,1501,QLSP,QUẢN LÝ TẠO LẬP SẢN PHẨM,Từ chối nội dung tạo lập sản phẩm báo cáo định kỳ - S39 - Cảnh báo khách hàng phát sinh nợ cần chú ý,"CB-TLSP, LĐ-TLSP (gọi chung là Người dùng)",,,B,2,Đơn giản,,,,,
UC-1502,1502,QLSP,QUẢN LÝ TẠO LẬP SẢN PHẨM,"Từ chối nội dung tạo lập sản phẩm báo cáo định kỳ - Báo cáo quản trị rủi ro về tình hình hoạt động của doanh nghiệp theo địa bàn, ngành, TCTD, ...","CB-TLSP, LĐ-TLSP (gọi chung là Người dùng)",,,B,2,Đơn giản,,,,,
UC-1503,1503,QLSP,QUẢN LÝ TẠO LẬP SẢN PHẨM,Từ chối nội dung tạo lập sản phẩm báo cáo định kỳ - Báo cáo tổng hợp về khách hàng thể nhân,"CB-TLSP, LĐ-TLSP (gọi chung là Người dùng)",,,B,2,Đơn giản,,,,,
UC-1504,1504,QLSP,QUẢN LÝ TẠO LẬP SẢN PHẨM,Từ chối nội dung tạo lập sản phẩm báo cáo định kỳ - Danh sách TĐ tư nhân và các đơn vị thành viên,"CB-TLSP, LĐ-TLSP (gọi chung là Người dùng)",,,B,2,Đơn giản,,,,,
UC-1505,1505,QLSP,QUẢN LÝ TẠO LẬP SẢN PHẨM,Xác nhận nội dung tạo lập sản phẩm báo cáo định kỳ - R18 - Danh sách khách hàng có nhóm nợ cao hơn ở TCTD khác,"CB-TLSP, LĐ-TLSP (gọi chung là Người dùng)",,,B,2,Đơn giản,,,,,
UC-1506,1506,QLSP,QUẢN LÝ TẠO LẬP SẢN PHẨM,Xác nhận nội dung tạo lập sản phẩm báo cáo định kỳ - R19 - Danh sách khách hàng thay đổi nhóm nợ cao nhất.,"CB-TLSP, LĐ-TLSP (gọi chung là Người dùng)",,,B,2,Đơn giản,,,,,
UC-1507,1507,QLSP,QUẢN LÝ TẠO LẬP SẢN PHẨM,Xác nhận nội dung tạo lập sản phẩm báo cáo định kỳ - S36 - Cảnh báo khách hàng có nợ xấu tại TCTD khác,"CB-TLSP, LĐ-TLSP (gọi chung là Người dùng)",,,B,2,Đơn giản,,,,,
UC-1508,1508,QLSP,QUẢN LÝ TẠO LẬP SẢN PHẨM,Xác nhận nội dung tạo lập sản phẩm báo cáo định kỳ - S39 - Cảnh báo khách hàng phát sinh nợ cần chú ý,"CB-TLSP, LĐ-TLSP (gọi chung là Người dùng)",,,B,2,Đơn giản,,,,,
UC-1509,1509,QLSP,QUẢN LÝ TẠO LẬP SẢN PHẨM,"Xác nhận nội dung tạo lập sản phẩm báo cáo định kỳ - Báo cáo quản trị rủi ro về tình hình hoạt động của doanh nghiệp theo địa bàn, ngành, TCTD, ...","CB-TLSP, LĐ-TLSP (gọi chung là Người dùng)",,,B,2,Đơn giản,,,,,
UC-1510,1510,QLSP,QUẢN LÝ TẠO LẬP SẢN PHẨM,Xác nhận nội dung tạo lập sản phẩm báo cáo định kỳ - Báo cáo tổng hợp về khách hàng thể nhân,"CB-TLSP, LĐ-TLSP (gọi chung là Người dùng)",,,B,2,Đơn giản,,,,,
UC-1511,1511,QLSP,QUẢN LÝ TẠO LẬP SẢN PHẨM,Xác nhận nội dung tạo lập sản phẩm báo cáo định kỳ - Danh sách TĐ tư nhân và các đơn vị thành viên,"CB-TLSP, LĐ-TLSP (gọi chung là Người dùng)",,,B,2,Đơn giản,,,,,
UC-1512,1512,QLSP,QUẢN LÝ TẠO LẬP SẢN PHẨM,Hệ thống tự động phê duyệt sản phẩm báo cáo định kỳ,Hệ thống,,,B,2,Đơn giản,1,,,,
UC-1513,1513,QLSP,QUẢN LÝ TẠO LẬP SẢN PHẨM,Gửi thông tin về sản phẩm báo cáo định kỳ sang phầm mềm tính phí,Hệ thống,,,B,2,Đơn giản,1,,,,
UC-1514,1514,QLSP,QUẢN LÝ TẠO LẬP SẢN PHẨM,Tra cứu thông tin về sản phẩm báo cáo định kỳ đã gửi sang phần mềm tính phí,"CB-TLSP, LĐ-TLSP (gọi chung là Người dùng)",,,B,3,Đơn giản,,,,,
UC-1515,1515,QLSP,QUẢN LÝ TẠO LẬP SẢN PHẨM,"Tạo lập báo cáo, bài viết",CB-TLSP,,,B,4,Trung bình,,,,,
UC-1516,1516,QLSP,QUẢN LÝ TẠO LẬP SẢN PHẨM,"Tra cứu báo cáo, bài viết","CB-TLSP, LĐ-TLSP (gọi chung là Người dùng)",,,B,4,Trung bình,,,,,
UC-1517,1517,QLSP,QUẢN LÝ TẠO LẬP SẢN PHẨM,"Gửi lãnh đạo phê duyệt báo cáo, bài viết",CB-TLSP,,,B,2,Đơn giản,,,,,
UC-1518,1518,QLSP,QUẢN LÝ TẠO LẬP SẢN PHẨM,"Kiểm tra nội dung báo cáo, bài viết",LĐ-TLSP,,,B,3,Đơn giản,,,,,
UC-1519,1519,QLSP,QUẢN LÝ TẠO LẬP SẢN PHẨM,"Yêu cầu chỉnh sửa báo cáo, bài viết",LĐ-TLSP,,,B,4,Trung bình,,,,,
UC-1520,1520,QLSP,QUẢN LÝ TẠO LẬP SẢN PHẨM,"Xác nhận duyệt đăng báo cáo, bài viết",LĐ-TLSP,,,B,2,Đơn giản,,,,,
UC-1521,1521,QLSP,QUẢN LÝ TẠO LẬP SẢN PHẨM,"Đăng báo cáo, bài viết",Hệ thống,,,B,2,Đơn giản,1,,,,
UC-1522,1522,QLSP,QUẢN LÝ TẠO LẬP SẢN PHẨM,"Nhận phản hồi về báo cáo, bài viết","CB-TNYC, LĐP-TNYC, CB-TLSP (gọi chung là Người dùng)",,,B,4,Trung bình,,,,,
UC-1523,1523,QLSP,QUẢN LÝ TẠO LẬP SẢN PHẨM,"Tra cứu phản hồi về báo cáo, bài viết","CB-TNYC, LĐP-TNYC, CB-TLSP, LĐ-TLSP (gọi chung là Người dùng)",,,B,3,Đơn giản,,,,,
UC-1524,1524,QLSP,QUẢN LÝ TẠO LẬP SẢN PHẨM,"Xác nhận báo cáo, bài viết không có sai sót",CB-TLSP,,,B,2,Đơn giản,,,,,
UC-1525,1525,QLSP,QUẢN LÝ TẠO LẬP SẢN PHẨM,"Xác nhận báo cáo, bài viết có sai sót",CB-TLSP,,,B,2,Đơn giản,,,,,
UC-1526,1526,QLSP,QUẢN LÝ TẠO LẬP SẢN PHẨM,"Trả lời lại phản hồi của khách hàng về báo cáo, bài viết","CB-TNYC, CB-TLSP (gọi chung là Người dùng)",,,B,2,Đơn giản,,,,,
UC-1527,1527,QLSP,QUẢN LÝ TẠO LẬP SẢN PHẨM,"Tra cứu thông tin trả lời lại phản hồi của khách hàng về báo cáo, bài viết","CB-TNYC, LĐP-TNYC, CB-TLSP, LĐ-TLSP (gọi chung là Người dùng)",,,B,3,Đơn giản,,,,,
UC-1528,1528,QLSP,QUẢN LÝ TẠO LẬP SẢN PHẨM,Ẩn bài viết,"CB-TLSP, LĐ-TLSP (gọi chung là Người dùng)",,,B,2,Đơn giản,,,,,
UC-1529,1529,QLSP,QUẢN LÝ TẠO LẬP SẢN PHẨM,Tiếp nhận và kiểm tra yêu cầu tạo lập sản phẩm từ hệ thống M5,Hệ thống,,,B,2,Đơn giản,1,,,,
UC-1530,1530,QLSP,QUẢN LÝ TẠO LẬP SẢN PHẨM,Tra cứu thông tin tiếp nhận yêu cầu tạo lập sản phẩm từ hệ thống M5,"CB-TNYC, LĐP-TNYC, CB-TLSP, LĐ-TLSP (gọi chung là Người dùng)",,,B,3,Đơn giản,,,,,
UC-1531,1531,QLSP,QUẢN LÝ TẠO LẬP SẢN PHẨM,Tổng hợp dữ liệu theo yêu cầu và phản hồi cho hệ thống M5,"CB-KSDL, LĐP-KSDL (gọi chung là Người dùng)",,,B,8,Phức tạp,,,,,
UC-1532,1532,QLSP,QUẢN LÝ TẠO LẬP SẢN PHẨM,Tra cứu thông tin đã cung cấp cho hệ thống M5,"CB-KSDL, LĐP-KSDL (gọi chung là Người dùng)",,,B,3,Đơn giản,,,,,
UC-1533,1533,QLSP,QUẢN LÝ TẠO LẬP SẢN PHẨM,Khai thác sản phẩm - R11A - Thông tin quan hệ tín dụng thể nhân,CBQTNCIC,,,B,3,Đơn giản,,,,,
UC-1534,1534,QLSP,QUẢN LÝ TẠO LẬP SẢN PHẨM,Khai thác sản phẩm - R14 - Thông tin chủ thẻ tín dụng thể nhân,CBQTNCIC,,,B,3,Đơn giản,,,,,
UC-1535,1535,QLSP,QUẢN LÝ TẠO LẬP SẢN PHẨM,Khai thác sản phẩm - R21 - Thông tin đảm bảo tiền vay thể nhân,CBQTNCIC,,,B,3,Đơn giản,,,,,
UC-1536,1536,QLSP,QUẢN LÝ TẠO LẬP SẢN PHẨM,Khai thác sản phẩm - Báo cáo tổng hợp thông tin tín dụng khách hàng thể nhân (S11A: Thông tin chi tiết quan hệ tín dụng thể nhân. S11T: Thông tin chi tiết quan hệ tín dụng thể nhân tức thời),CBQTNCIC,,,B,3,Đơn giản,,,,,
UC-1537,1537,QLSP,QUẢN LÝ TẠO LẬP SẢN PHẨM,Khai thác sản phẩm - S37 - Cảnh báo khách hàng vay,CBQTNCIC,,,B,3,Đơn giản,,,,,
UC-1538,1538,QLSP,QUẢN LÝ TẠO LẬP SẢN PHẨM,Khai thác sản phẩm - R10A - Thông tin quan hệ tín dụng pháp nhân,CBQTNCIC,,,B,3,Đơn giản,,,,,
UC-1539,1539,QLSP,QUẢN LÝ TẠO LẬP SẢN PHẨM,Khai thác sản phẩm - R14 - Thông tin chủ thẻ tín dụng pháp nhân,CBQTNCIC,,,B,3,Đơn giản,,,,,
UC-1540,1540,QLSP,QUẢN LÝ TẠO LẬP SẢN PHẨM,Khai thác sản phẩm - R20 - Thông tin bảo đảm tiền vay pháp nhân,CBQTNCIC,,,B,3,Đơn giản,,,,,
UC-1541,1541,QLSP,QUẢN LÝ TẠO LẬP SẢN PHẨM,Khai thác sản phẩm - S10A - Chi tiết về khách hàng vay pháp nhân,CBQTNCIC,,,B,3,Đơn giản,,,,,
UC-1542,1542,QLSP,QUẢN LÝ TẠO LẬP SẢN PHẨM,Khai thác sản phẩm - XH50 - Sản phẩm xếp hạng tín dụng doanh nghiệp cơ bản.,CBQTNCIC,,,B,3,Đơn giản,,,,,
UC-1543,1543,QLSP,QUẢN LÝ TẠO LẬP SẢN PHẨM,"Khai thác sản phẩm - XH51 - Sản phẩm XHTD Tập đoàn, Tổng Công ty cơ bản.",CBQTNCIC,,,B,3,Đơn giản,,,,,
UC-1544,1544,QLSP,QUẢN LÝ TẠO LẬP SẢN PHẨM,Khai thác sản phẩm - XH50K - Sản phẩm XHTD DN cơ bản cho các tổ chức ngoài ngành.,CBQTNCIC,,,B,3,Đơn giản,,,,,
UC-1545,1545,QLSP,QUẢN LÝ TẠO LẬP SẢN PHẨM,"Khai thác sản phẩm - XH51K - Sản phẩm XHTD Tập đoàn, Tổng Công ty cơ bản cho các tổ chức ngoài ngành.",CBQTNCIC,,,B,3,Đơn giản,,,,,
UC-1546,1546,QLSP,QUẢN LÝ TẠO LẬP SẢN PHẨM,Khai thác sản phẩm - S40 - Điểm tín dụng của khách hàng.,CBQTNCIC,,,B,3,Đơn giản,,,,,
UC-1547,1547,QLSP,QUẢN LÝ TẠO LẬP SẢN PHẨM,"Khai thác sản phẩm - Sản phẩm Bộ chỉ số trung bình ngành (theo phân loại, tính toán của CIC) - XH53",CBQTNCIC,,,B,3,Đơn giản,,,,,
UC-1548,1548,QLSP,QUẢN LÝ TẠO LẬP SẢN PHẨM,Khai thác sản phẩm - PN.SBVF1 - Báo cáo chi tiết về khách hàng vay pháp nhân,CBQTNCIC,,,B,3,Đơn giản,,,,,
UC-1549,1549,QLSP,QUẢN LÝ TẠO LẬP SẢN PHẨM,Khai thác sản phẩm - TN.SBVF1 - Báo cáo chi tiết về khách hàng vay thể nhân,CBQTNCIC,,,B,3,Đơn giản,,,,,
UC-1550,1550,QLSP,QUẢN LÝ TẠO LẬP SẢN PHẨM,Khai thác sản phẩm - Báo cáo thông tin quan hệ tín dụng thể nhân theo yêu cầu áp dụng đối với hỏi tin của các tổ chức tài chính vi mô.,CBQTNCIC,,,B,3,Đơn giản,,,,,
UC-1551,1551,QLSP,QUẢN LÝ TẠO LẬP SẢN PHẨM,Khai thác sản phẩm - Các sản phẩm khác tùy biến theo chỉ tiêu thông tin,CBQTNCIC,,,B,3,Đơn giản,,,,,
UC-1552,1552,QLSP,QUẢN LÝ TẠO LẬP SẢN PHẨM,Khai thác sản phẩm - Sản phẩm theo chỉ tiêu thông tin,CBQTNCIC,,,B,3,Đơn giản,,,,,
UC-1553,1553,QLSP,QUẢN LÝ TẠO LẬP SẢN PHẨM,Khai thác sản phẩm - Sản phẩm thông tin quan hệ tín dụng thể nhân và pháp nhân theo yêu cầu hợp đồng phát sinh thường xuyên.,CBQTNCIC,,,B,3,Đơn giản,,,,,
UC-1554,1554,QLSP,QUẢN LÝ TẠO LẬP SẢN PHẨM,Khai thác sản phẩm - Báo cáo thông tin doanh nghiệp cơ bản (English version),CBQTNCIC,,,B,3,Đơn giản,,,,,
UC-1555,1555,QLSP,QUẢN LÝ TẠO LẬP SẢN PHẨM,Khai thác sản phẩm - Báo cáo thông tin doanh nghiệp (English version),CBQTNCIC,,,B,3,Đơn giản,,,,,
UC-1556,1556,QLSP,QUẢN LÝ TẠO LẬP SẢN PHẨM,Khai thác sản phẩm - Báo cáo thông tin doanh nghiệp toàn diện (English version),CBQTNCIC,,,B,3,Đơn giản,,,,,
UC-1557,1557,QLSP,QUẢN LÝ TẠO LẬP SẢN PHẨM,Khai thác sản phẩm - S70 – Báo cáo thông tin về doanh nghiệp nước ngoài.,CBQTNCIC,,,B,3,Đơn giản,,,,,
UC-1558,1558,QLSP,QUẢN LÝ TẠO LẬP SẢN PHẨM,Khai thác sản phẩm - Nhóm báo cáo theo mô hình.,CBQTNCIC,,,B,3,Đơn giản,,,,,
UC-1559,1559,QLSP,QUẢN LÝ TẠO LẬP SẢN PHẨM,Khai thác sản phẩm - Sản phẩm cung cấp danh sách khách hàng tiềm năng.,CBQTNCIC,,,B,3,Đơn giản,,,,,
UC-1560,1560,QLSP,QUẢN LÝ TẠO LẬP SẢN PHẨM,Khai thác sản phẩm - Sản phẩm xếp hạng tín dụng doanh nghiệp chuyên sâu.,CBQTNCIC,,,B,3,Đơn giản,,,,,
UC-1561,1561,QLSP,QUẢN LÝ TẠO LẬP SẢN PHẨM,"Khai thác sản phẩm - Sản phẩm XHTD Tập đoàn, Tổng Công ty chuyên sâu.",CBQTNCIC,,,B,3,Đơn giản,,,,,
UC-1562,1562,QLSP,QUẢN LÝ TẠO LẬP SẢN PHẨM,Khai thác sản phẩm - Sản phẩm chuyên sâu cho Doanh nghiệp tự đăng ký XHTD,CBQTNCIC,,,B,3,Đơn giản,,,,,
UC-1563,1563,QLSP,QUẢN LÝ TẠO LẬP SẢN PHẨM,"Khai thác sản phẩm - Sản phẩm chuyên sâu cho Tập đoàn, Tổng Công ty tự đăng ký",CBQTNCIC,,,B,3,Đơn giản,,,,,
UC-1564,1564,QLSP,QUẢN LÝ TẠO LẬP SẢN PHẨM,Khai thác sản phẩm - XH50S - Sản phẩm cơ bản cho Doanh nghiệp tự đăng ký XHTD.,CBQTNCIC,,,B,3,Đơn giản,,,,,
UC-1565,1565,QLSP,QUẢN LÝ TẠO LẬP SẢN PHẨM,"Khai thác sản phẩm - XH51S - Sản phẩm cơ bản cho Tập đoàn, Tổng Công ty tự đăng ký XHTD. XHTD",CBQTNCIC,,,B,3,Đơn giản,,,,,
UC-1566,1566,QLSP,QUẢN LÝ TẠO LẬP SẢN PHẨM,Khai thác sản phẩm - Sản phẩm XHTD DN chuyên sâu cho các tổ chức ngoài ngành.,CBQTNCIC,,,B,3,Đơn giản,,,,,
UC-1567,1567,QLSP,QUẢN LÝ TẠO LẬP SẢN PHẨM,"Khai thác sản phẩm - Sản phẩm XHTD Tập đoàn, Tổng Công ty chuyên sâu cho các tổ chức ngoài ngành.",CBQTNCIC,,,B,3,Đơn giản,,,,,
UC-1568,1568,QLSP,QUẢN LÝ TẠO LẬP SẢN PHẨM,Khai thác sản phẩm - Sản phẩm bộ chỉ số trung bình ngành theo yêu cầu của đơn vị hỏi tin - XH53A,CBQTNCIC,,,B,3,Đơn giản,,,,,
UC-1569,1569,QLSP,QUẢN LÝ TẠO LẬP SẢN PHẨM,Khai thác sản phẩm - Kết quả xếp hạng và các chỉ số liên quan của doanh nghiệp,CBQTNCIC,,,B,3,Đơn giản,,,,,
UC-1570,1570,QLSP,QUẢN LÝ TẠO LẬP SẢN PHẨM,Khai thác sản phẩm - Kết quả chấm điểm thể nhân và các chỉ số liên quan.,CBQTNCIC,,,B,3,Đơn giản,,,,,
UC-1571,1571,QLSP,QUẢN LÝ TẠO LẬP SẢN PHẨM,"Khai thác sản phẩm - Báo cáo về tập đoàn, Tổng công ty, doanh nghiệp và cá nhân có liên quan.",CBQTNCIC,,,B,3,Đơn giản,,,,,
UC-1572,1572,QLSP,QUẢN LÝ TẠO LẬP SẢN PHẨM,Kiểm tra thời hạn phản hồi sản phẩm - R11A - Thông tin quan hệ tín dụng thể nhân,Hệ thống,,,B,2,Đơn giản,1,,,,
UC-1573,1573,QLSP,QUẢN LÝ TẠO LẬP SẢN PHẨM,Kiểm tra thời hạn phản hồi sản phẩm - R14 - Thông tin chủ thẻ tín dụng thể nhân,Hệ thống,,,B,2,Đơn giản,1,,,,
UC-1574,1574,QLSP,QUẢN LÝ TẠO LẬP SẢN PHẨM,Kiểm tra thời hạn phản hồi sản phẩm - R21 - Thông tin đảm bảo tiền vay thể nhân,Hệ thống,,,B,2,Đơn giản,1,,,,
UC-1575,1575,QLSP,QUẢN LÝ TẠO LẬP SẢN PHẨM,Kiểm tra thời hạn phản hồi sản phẩm - Báo cáo tổng hợp thông tin tín dụng khách hàng thể nhân (S11A: Thông tin chi tiết quan hệ tín dụng thể nhân. S11T: Thông tin chi tiết quan hệ tín dụng thể nhân tức thời),Hệ thống,,,B,2,Đơn giản,1,,,,
UC-1576,1576,QLSP,QUẢN LÝ TẠO LẬP SẢN PHẨM,Kiểm tra thời hạn phản hồi sản phẩm - S37 - Cảnh báo khách hàng vay,Hệ thống,,,B,2,Đơn giản,1,,,,
UC-1577,1577,QLSP,QUẢN LÝ TẠO LẬP SẢN PHẨM,Kiểm tra thời hạn phản hồi sản phẩm - R10A - Thông tin quan hệ tín dụng pháp nhân,Hệ thống,,,B,2,Đơn giản,1,,,,
UC-1578,1578,QLSP,QUẢN LÝ TẠO LẬP SẢN PHẨM,Kiểm tra thời hạn phản hồi sản phẩm - R14 - Thông tin chủ thẻ tín dụng pháp nhân,Hệ thống,,,B,2,Đơn giản,1,,,,
UC-1579,1579,QLSP,QUẢN LÝ TẠO LẬP SẢN PHẨM,Kiểm tra thời hạn phản hồi sản phẩm - R20 - Thông tin bảo đảm tiền vay pháp nhân,Hệ thống,,,B,2,Đơn giản,1,,,,
UC-1580,1580,QLSP,QUẢN LÝ TẠO LẬP SẢN PHẨM,Kiểm tra thời hạn phản hồi sản phẩm - S10A - Chi tiết về khách hàng vay pháp nhân,Hệ thống,,,B,2,Đơn giản,1,,,,
UC-1581,1581,QLSP,QUẢN LÝ TẠO LẬP SẢN PHẨM,Kiểm tra thời hạn phản hồi sản phẩm - XH50 - Sản phẩm xếp hạng tín dụng doanh nghiệp cơ bản.,Hệ thống,,,B,2,Đơn giản,1,,,,
UC-1582,1582,QLSP,QUẢN LÝ TẠO LẬP SẢN PHẨM,"Kiểm tra thời hạn phản hồi sản phẩm - XH51 - Sản phẩm XHTD Tập đoàn, Tổng Công ty cơ bản.",Hệ thống,,,B,2,Đơn giản,1,,,,
UC-1583,1583,QLSP,QUẢN LÝ TẠO LẬP SẢN PHẨM,Kiểm tra thời hạn phản hồi sản phẩm - XH50K - Sản phẩm XHTD DN cơ bản cho các tổ chức ngoài ngành.,Hệ thống,,,B,2,Đơn giản,1,,,,
UC-1584,1584,QLSP,QUẢN LÝ TẠO LẬP SẢN PHẨM,"Kiểm tra thời hạn phản hồi sản phẩm - XH51K - Sản phẩm XHTD Tập đoàn, Tổng Công ty cơ bản cho các tổ chức ngoài ngành.",Hệ thống,,,B,2,Đơn giản,1,,,,
UC-1585,1585,QLSP,QUẢN LÝ TẠO LẬP SẢN PHẨM,Kiểm tra thời hạn phản hồi sản phẩm - S40 - Điểm tín dụng của khách hàng.,Hệ thống,,,B,2,Đơn giản,1,,,,
UC-1586,1586,QLSP,QUẢN LÝ TẠO LẬP SẢN PHẨM,"Kiểm tra thời hạn phản hồi sản phẩm - Sản phẩm Bộ chỉ số trung bình ngành (theo phân loại, tính toán của CIC) - XH53",Hệ thống,,,B,2,Đơn giản,1,,,,
UC-1587,1587,QLSP,QUẢN LÝ TẠO LẬP SẢN PHẨM,Kiểm tra thời hạn phản hồi sản phẩm - PN.SBVF1 - Báo cáo chi tiết về khách hàng vay pháp nhân,Hệ thống,,,B,2,Đơn giản,1,,,,
UC-1588,1588,QLSP,QUẢN LÝ TẠO LẬP SẢN PHẨM,Kiểm tra thời hạn phản hồi sản phẩm - TN.SBVF1 - Báo cáo chi tiết về khách hàng vay thể nhân,Hệ thống,,,B,2,Đơn giản,1,,,,
UC-1589,1589,QLSP,QUẢN LÝ TẠO LẬP SẢN PHẨM,Kiểm tra thời hạn phản hồi sản phẩm - Báo cáo thông tin quan hệ tín dụng thể nhân theo yêu cầu áp dụng đối với hỏi tin của các tổ chức tài chính vi mô.,Hệ thống,,,B,2,Đơn giản,1,,,,
UC-1590,1590,QLSP,QUẢN LÝ TẠO LẬP SẢN PHẨM,Kiểm tra thời hạn phản hồi sản phẩm - Các sản phẩm khác tùy biến theo chỉ tiêu thông tin,Hệ thống,,,B,2,Đơn giản,1,,,,
UC-1591,1591,QLSP,QUẢN LÝ TẠO LẬP SẢN PHẨM,Kiểm tra thời hạn phản hồi sản phẩm - Sản phẩm theo chỉ tiêu thông tin,Hệ thống,,,B,2,Đơn giản,1,,,,
UC-1592,1592,QLSP,QUẢN LÝ TẠO LẬP SẢN PHẨM,Kiểm tra thời hạn phản hồi sản phẩm - Sản phẩm thông tin quan hệ tín dụng thể nhân và pháp nhân theo yêu cầu hợp đồng phát sinh thường xuyên.,Hệ thống,,,B,2,Đơn giản,1,,,,
UC-1593,1593,QLSP,QUẢN LÝ TẠO LẬP SẢN PHẨM,Kiểm tra thời hạn phản hồi sản phẩm - Báo cáo thông tin doanh nghiệp cơ bản (English version),Hệ thống,,,B,2,Đơn giản,1,,,,
UC-1594,1594,QLSP,QUẢN LÝ TẠO LẬP SẢN PHẨM,Kiểm tra thời hạn phản hồi sản phẩm - Báo cáo thông tin doanh nghiệp (English version),Hệ thống,,,B,2,Đơn giản,1,,,,
UC-1595,1595,QLSP,QUẢN LÝ TẠO LẬP SẢN PHẨM,Kiểm tra thời hạn phản hồi sản phẩm - Báo cáo thông tin doanh nghiệp toàn diện (English version),Hệ thống,,,B,2,Đơn giản,1,,,,
UC-1596,1596,QLSP,QUẢN LÝ TẠO LẬP SẢN PHẨM,Kiểm tra thời hạn phản hồi sản phẩm - S70 – Báo cáo thông tin về doanh nghiệp nước ngoài.,Hệ thống,,,B,2,Đơn giản,1,,,,
UC-1597,1597,QLSP,QUẢN LÝ TẠO LẬP SẢN PHẨM,Kiểm tra thời hạn phản hồi sản phẩm - Nhóm báo cáo theo mô hình.,Hệ thống,,,B,2,Đơn giản,1,,,,
UC-1598,1598,QLSP,QUẢN LÝ TẠO LẬP SẢN PHẨM,Kiểm tra thời hạn phản hồi sản phẩm - Sản phẩm cung cấp danh sách khách hàng tiềm năng.,Hệ thống,,,B,2,Đơn giản,1,,,,
UC-1599,1599,QLSP,QUẢN LÝ TẠO LẬP SẢN PHẨM,Kiểm tra thời hạn phản hồi sản phẩm - Sản phẩm xếp hạng tín dụng doanh nghiệp chuyên sâu.,Hệ thống,,,B,2,Đơn giản,1,,,,
UC-1600,1600,QLSP,QUẢN LÝ TẠO LẬP SẢN PHẨM,"Kiểm tra thời hạn phản hồi sản phẩm - Sản phẩm XHTD Tập đoàn, Tổng Công ty chuyên sâu.",Hệ thống,,,B,2,Đơn giản,1,,,,
UC-1601,1601,QLSP,QUẢN LÝ TẠO LẬP SẢN PHẨM,Kiểm tra thời hạn phản hồi sản phẩm - Sản phẩm chuyên sâu cho Doanh nghiệp tự đăng ký XHTD,Hệ thống,,,B,2,Đơn giản,1,,,,
UC-1602,1602,QLSP,QUẢN LÝ TẠO LẬP SẢN PHẨM,"Kiểm tra thời hạn phản hồi sản phẩm - Sản phẩm chuyên sâu cho Tập đoàn, Tổng Công ty tự đăng ký",Hệ thống,,,B,2,Đơn giản,1,,,,
UC-1603,1603,QLSP,QUẢN LÝ TẠO LẬP SẢN PHẨM,Kiểm tra thời hạn phản hồi sản phẩm - XH50S - Sản phẩm cơ bản cho Doanh nghiệp tự đăng ký XHTD.,Hệ thống,,,B,2,Đơn giản,1,,,,
UC-1604,1604,QLSP,QUẢN LÝ TẠO LẬP SẢN PHẨM,"Kiểm tra thời hạn phản hồi sản phẩm - XH51S - Sản phẩm cơ bản cho Tập đoàn, Tổng Công ty tự đăng ký XHTD. XHTD",Hệ thống,,,B,2,Đơn giản,1,,,,
UC-1605,1605,QLSP,QUẢN LÝ TẠO LẬP SẢN PHẨM,Kiểm tra thời hạn phản hồi sản phẩm - Sản phẩm XHTD DN chuyên sâu cho các tổ chức ngoài ngành.,Hệ thống,,,B,2,Đơn giản,1,,,,
UC-1606,1606,QLSP,QUẢN LÝ TẠO LẬP SẢN PHẨM,"Kiểm tra thời hạn phản hồi sản phẩm - Sản phẩm XHTD Tập đoàn, Tổng Công ty chuyên sâu cho các tổ chức ngoài ngành.",Hệ thống,,,B,2,Đơn giản,1,,,,
UC-1607,1607,QLSP,QUẢN LÝ TẠO LẬP SẢN PHẨM,Kiểm tra thời hạn phản hồi sản phẩm - Sản phẩm bộ chỉ số trung bình ngành theo yêu cầu của đơn vị hỏi tin - XH53A,Hệ thống,,,B,2,Đơn giản,1,,,,
UC-1608,1608,QLSP,QUẢN LÝ TẠO LẬP SẢN PHẨM,Kiểm tra thời hạn phản hồi sản phẩm - Kết quả xếp hạng và các chỉ số liên quan của doanh nghiệp,Hệ thống,,,B,2,Đơn giản,1,,,,
UC-1609,1609,QLSP,QUẢN LÝ TẠO LẬP SẢN PHẨM,Kiểm tra thời hạn phản hồi sản phẩm - Kết quả chấm điểm thể nhân và các chỉ số liên quan.,Hệ thống,,,B,2,Đơn giản,1,,,,
UC-1610,1610,QLSP,QUẢN LÝ TẠO LẬP SẢN PHẨM,"Kiểm tra thời hạn phản hồi sản phẩm - Báo cáo về tập đoàn, Tổng công ty, doanh nghiệp và cá nhân có liên quan.",Hệ thống,,,B,2,Đơn giản,1,,,,
UC-1611,1611,QLSP,QUẢN LÝ TẠO LẬP SẢN PHẨM,Kiểm tra thời hạn phản hồi sản phẩm - Sản phẩm bộ chỉ số trung bình ngành theo yêu cầu của đơn vị hỏi tin - XH53,Hệ thống,,,B,2,Đơn giản,1,,,,
UC-1612,1612,QLSP,QUẢN LÝ TẠO LẬP SẢN PHẨM,Từ chối và gửi thông báo từ chối ghi nhận phản hồi sản phẩm - R11A - Thông tin quan hệ tín dụng thể nhân,Hệ thống,,,B,2,Đơn giản,1,,,,
UC-1613,1613,QLSP,QUẢN LÝ TẠO LẬP SẢN PHẨM,Từ chối và gửi thông báo từ chối ghi nhận phản hồi sản phẩm - R14 - Thông tin chủ thẻ tín dụng thể nhân,Hệ thống,,,B,2,Đơn giản,1,,,,
UC-1614,1614,QLSP,QUẢN LÝ TẠO LẬP SẢN PHẨM,Từ chối và gửi thông báo từ chối ghi nhận phản hồi sản phẩm - R21 - Thông tin đảm bảo tiền vay thể nhân,Hệ thống,,,B,2,Đơn giản,1,,,,
UC-1615,1615,QLSP,QUẢN LÝ TẠO LẬP SẢN PHẨM,Từ chối và gửi thông báo từ chối ghi nhận phản hồi sản phẩm - Báo cáo tổng hợp thông tin tín dụng khách hàng thể nhân (S11A: Thông tin chi tiết quan hệ tín dụng thể nhân. S11T: Thông tin chi tiết quan hệ tín dụng thể nhân tức thời),Hệ thống,,,B,2,Đơn giản,1,,,,
UC-1616,1616,QLSP,QUẢN LÝ TẠO LẬP SẢN PHẨM,Từ chối và gửi thông báo từ chối ghi nhận phản hồi sản phẩm - S37 - Cảnh báo khách hàng vay,Hệ thống,,,B,2,Đơn giản,1,,,,
UC-1617,1617,QLSP,QUẢN LÝ TẠO LẬP SẢN PHẨM,Từ chối và gửi thông báo từ chối ghi nhận phản hồi sản phẩm - R10A - Thông tin quan hệ tín dụng pháp nhân,Hệ thống,,,B,2,Đơn giản,1,,,,
UC-1618,1618,QLSP,QUẢN LÝ TẠO LẬP SẢN PHẨM,Từ chối và gửi thông báo từ chối ghi nhận phản hồi sản phẩm - R14 - Thông tin chủ thẻ tín dụng pháp nhân,Hệ thống,,,B,2,Đơn giản,1,,,,
UC-1619,1619,QLSP,QUẢN LÝ TẠO LẬP SẢN PHẨM,Từ chối và gửi thông báo từ chối ghi nhận phản hồi sản phẩm - R20 - Thông tin bảo đảm tiền vay pháp nhân,Hệ thống,,,B,2,Đơn giản,1,,,,
UC-1620,1620,QLSP,QUẢN LÝ TẠO LẬP SẢN PHẨM,Từ chối và gửi thông báo từ chối ghi nhận phản hồi sản phẩm - S10A - Chi tiết về khách hàng vay pháp nhân,Hệ thống,,,B,2,Đơn giản,1,,,,
UC-1621,1621,QLSP,QUẢN LÝ TẠO LẬP SẢN PHẨM,Từ chối và gửi thông báo từ chối ghi nhận phản hồi sản phẩm - XH50 - Sản phẩm xếp hạng tín dụng doanh nghiệp cơ bản.,Hệ thống,,,B,2,Đơn giản,1,,,,
UC-1622,1622,QLSP,QUẢN LÝ TẠO LẬP SẢN PHẨM,"Từ chối và gửi thông báo từ chối ghi nhận phản hồi sản phẩm - XH51 - Sản phẩm XHTD Tập đoàn, Tổng Công ty cơ bản.",Hệ thống,,,B,2,Đơn giản,1,,,,
UC-1623,1623,QLSP,QUẢN LÝ TẠO LẬP SẢN PHẨM,Từ chối và gửi thông báo từ chối ghi nhận phản hồi sản phẩm - XH50K - Sản phẩm XHTD DN cơ bản cho các tổ chức ngoài ngành.,Hệ thống,,,B,2,Đơn giản,1,,,,
UC-1624,1624,QLSP,QUẢN LÝ TẠO LẬP SẢN PHẨM,"Từ chối và gửi thông báo từ chối ghi nhận phản hồi sản phẩm - XH51K - Sản phẩm XHTD Tập đoàn, Tổng Công ty cơ bản cho các tổ chức ngoài ngành.",Hệ thống,,,B,2,Đơn giản,1,,,,
UC-1625,1625,QLSP,QUẢN LÝ TẠO LẬP SẢN PHẨM,Từ chối và gửi thông báo từ chối ghi nhận phản hồi sản phẩm - S40 - Điểm tín dụng của khách hàng.,Hệ thống,,,B,2,Đơn giản,1,,,,
UC-1626,1626,QLSP,QUẢN LÝ TẠO LẬP SẢN PHẨM,"Từ chối và gửi thông báo từ chối ghi nhận phản hồi sản phẩm - Sản phẩm Bộ chỉ số trung bình ngành (theo phân loại, tính toán của CIC) - XH53",Hệ thống,,,B,2,Đơn giản,1,,,,
UC-1627,1627,QLSP,QUẢN LÝ TẠO LẬP SẢN PHẨM,Từ chối và gửi thông báo từ chối ghi nhận phản hồi sản phẩm - PN.SBVF1 - Báo cáo chi tiết về khách hàng vay pháp nhân,Hệ thống,,,B,2,Đơn giản,1,,,,
UC-1628,1628,QLSP,QUẢN LÝ TẠO LẬP SẢN PHẨM,Từ chối và gửi thông báo từ chối ghi nhận phản hồi sản phẩm - TN.SBVF1 - Báo cáo chi tiết về khách hàng vay thể nhân,Hệ thống,,,B,2,Đơn giản,1,,,,
UC-1629,1629,QLSP,QUẢN LÝ TẠO LẬP SẢN PHẨM,Từ chối và gửi thông báo từ chối ghi nhận phản hồi sản phẩm - Báo cáo thông tin quan hệ tín dụng thể nhân theo yêu cầu áp dụng đối với hỏi tin của các tổ chức tài chính vi mô.,Hệ thống,,,B,2,Đơn giản,1,,,,
UC-1630,1630,QLSP,QUẢN LÝ TẠO LẬP SẢN PHẨM,Từ chối và gửi thông báo từ chối ghi nhận phản hồi sản phẩm - Các sản phẩm khác tùy biến theo chỉ tiêu thông tin,Hệ thống,,,B,2,Đơn giản,1,,,,
UC-1631,1631,QLSP,QUẢN LÝ TẠO LẬP SẢN PHẨM,Từ chối và gửi thông báo từ chối ghi nhận phản hồi sản phẩm - Sản phẩm theo chỉ tiêu thông tin,Hệ thống,,,B,2,Đơn giản,1,,,,
UC-1632,1632,QLSP,QUẢN LÝ TẠO LẬP SẢN PHẨM,Từ chối và gửi thông báo từ chối ghi nhận phản hồi sản phẩm - Sản phẩm thông tin quan hệ tín dụng thể nhân và pháp nhân theo yêu cầu hợp đồng phát sinh thường xuyên.,Hệ thống,,,B,2,Đơn giản,1,,,,
UC-1633,1633,QLSP,QUẢN LÝ TẠO LẬP SẢN PHẨM,Từ chối và gửi thông báo từ chối ghi nhận phản hồi sản phẩm - Báo cáo thông tin doanh nghiệp cơ bản (English version),Hệ thống,,,B,2,Đơn giản,1,,,,
UC-1634,1634,QLSP,QUẢN LÝ TẠO LẬP SẢN PHẨM,Từ chối và gửi thông báo từ chối ghi nhận phản hồi sản phẩm - Báo cáo thông tin doanh nghiệp (English version),Hệ thống,,,B,2,Đơn giản,1,,,,
UC-1635,1635,QLSP,QUẢN LÝ TẠO LẬP SẢN PHẨM,Từ chối và gửi thông báo từ chối ghi nhận phản hồi sản phẩm - Báo cáo thông tin doanh nghiệp toàn diện (English version),Hệ thống,,,B,2,Đơn giản,1,,,,
UC-1636,1636,QLSP,QUẢN LÝ TẠO LẬP SẢN PHẨM,Từ chối và gửi thông báo từ chối ghi nhận phản hồi sản phẩm - S70 – Báo cáo thông tin về doanh nghiệp nước ngoài.,Hệ thống,,,B,2,Đơn giản,1,,,,
UC-1637,1637,QLSP,QUẢN LÝ TẠO LẬP SẢN PHẨM,Từ chối và gửi thông báo từ chối ghi nhận phản hồi sản phẩm - Nhóm báo cáo theo mô hình.,Hệ thống,,,B,2,Đơn giản,1,,,,
UC-1638,1638,QLSP,QUẢN LÝ TẠO LẬP SẢN PHẨM,Từ chối và gửi thông báo từ chối ghi nhận phản hồi sản phẩm - Sản phẩm cung cấp danh sách khách hàng tiềm năng.,Hệ thống,,,B,2,Đơn giản,1,,,,
UC-1639,1639,QLSP,QUẢN LÝ TẠO LẬP SẢN PHẨM,Từ chối và gửi thông báo từ chối ghi nhận phản hồi sản phẩm - Sản phẩm xếp hạng tín dụng doanh nghiệp chuyên sâu.,Hệ thống,,,B,2,Đơn giản,1,,,,
UC-1640,1640,QLSP,QUẢN LÝ TẠO LẬP SẢN PHẨM,"Từ chối và gửi thông báo từ chối ghi nhận phản hồi sản phẩm - Sản phẩm XHTD Tập đoàn, Tổng Công ty chuyên sâu.",Hệ thống,,,B,2,Đơn giản,1,,,,
UC-1641,1641,QLSP,QUẢN LÝ TẠO LẬP SẢN PHẨM,Từ chối và gửi thông báo từ chối ghi nhận phản hồi sản phẩm - Sản phẩm chuyên sâu cho Doanh nghiệp tự đăng ký XHTD,Hệ thống,,,B,2,Đơn giản,1,,,,
UC-1642,1642,QLSP,QUẢN LÝ TẠO LẬP SẢN PHẨM,"Từ chối và gửi thông báo từ chối ghi nhận phản hồi sản phẩm - Sản phẩm chuyên sâu cho Tập đoàn, Tổng Công ty tự đăng ký",Hệ thống,,,B,2,Đơn giản,1,,,,
UC-1643,1643,QLSP,QUẢN LÝ TẠO LẬP SẢN PHẨM,Từ chối và gửi thông báo từ chối ghi nhận phản hồi sản phẩm - XH50S - Sản phẩm cơ bản cho Doanh nghiệp tự đăng ký XHTD.,Hệ thống,,,B,2,Đơn giản,1,,,,
UC-1644,1644,QLSP,QUẢN LÝ TẠO LẬP SẢN PHẨM,"Từ chối và gửi thông báo từ chối ghi nhận phản hồi sản phẩm - XH51S - Sản phẩm cơ bản cho Tập đoàn, Tổng Công ty tự đăng ký XHTD. XHTD",Hệ thống,,,B,2,Đơn giản,1,,,,
UC-1645,1645,QLSP,QUẢN LÝ TẠO LẬP SẢN PHẨM,Từ chối và gửi thông báo từ chối ghi nhận phản hồi sản phẩm - Sản phẩm XHTD DN chuyên sâu cho các tổ chức ngoài ngành.,Hệ thống,,,B,2,Đơn giản,1,,,,
UC-1646,1646,QLSP,QUẢN LÝ TẠO LẬP SẢN PHẨM,"Từ chối và gửi thông báo từ chối ghi nhận phản hồi sản phẩm - Sản phẩm XHTD Tập đoàn, Tổng Công ty chuyên sâu cho các tổ chức ngoài ngành.",Hệ thống,,,B,2,Đơn giản,1,,,,
UC-1647,1647,QLSP,QUẢN LÝ TẠO LẬP SẢN PHẨM,Từ chối và gửi thông báo từ chối ghi nhận phản hồi sản phẩm - Sản phẩm bộ chỉ số trung bình ngành theo yêu cầu của đơn vị hỏi tin - XH53A,Hệ thống,,,B,2,Đơn giản,1,,,,
UC-1648,1648,QLSP,QUẢN LÝ TẠO LẬP SẢN PHẨM,Từ chối và gửi thông báo từ chối ghi nhận phản hồi sản phẩm - Kết quả xếp hạng và các chỉ số liên quan của doanh nghiệp,Hệ thống,,,B,2,Đơn giản,1,,,,
UC-1649,1649,QLSP,QUẢN LÝ TẠO LẬP SẢN PHẨM,Từ chối và gửi thông báo từ chối ghi nhận phản hồi sản phẩm - Kết quả chấm điểm thể nhân và các chỉ số liên quan.,Hệ thống,,,B,2,Đơn giản,1,,,,
UC-1650,1650,QLSP,QUẢN LÝ TẠO LẬP SẢN PHẨM,"Từ chối và gửi thông báo từ chối ghi nhận phản hồi sản phẩm - Báo cáo về tập đoàn, Tổng công ty, doanh nghiệp và cá nhân có liên quan.",Hệ thống,,,B,2,Đơn giản,1,,,,
UC-1651,1651,QLSP,QUẢN LÝ TẠO LẬP SẢN PHẨM,Khai thác sản phẩm Khai thác sản phẩm - R18 - Danh sách khách hàng có nhóm nợ cao hơn ở TCTD khác,CBQTNCIC,,,B,3,Đơn giản,,,,,
UC-1652,1652,QLSP,QUẢN LÝ TẠO LẬP SẢN PHẨM,Khai thác sản phẩm Khai thác sản phẩm - R19 - Danh sách khách hàng thay đổi nhóm nợ cao nhất.,CBQTNCIC,,,B,3,Đơn giản,,,,,
UC-1653,1653,QLSP,QUẢN LÝ TẠO LẬP SẢN PHẨM,Khai thác sản phẩm Khai thác sản phẩm - S36 - Cảnh báo khách hàng có nợ xấu tại TCTD khác,CBQTNCIC,,,B,3,Đơn giản,,,,,
UC-1654,1654,QLSP,QUẢN LÝ TẠO LẬP SẢN PHẨM,Khai thác sản phẩm Khai thác sản phẩm - S39 - Cảnh báo khách hàng phát sinh nợ cần chú ý,CBQTNCIC,,,B,3,Đơn giản,,,,,
UC-1655,1655,QLSP,QUẢN LÝ TẠO LẬP SẢN PHẨM,"Khai thác sản phẩm Khai thác sản phẩm - Báo cáo quản trị rủi ro về tình hình hoạt động của doanh nghiệp theo địa bàn, ngành, TCTD, ...",CBQTNCIC,,,B,3,Đơn giản,,,,,
UC-1656,1656,QLSP,QUẢN LÝ TẠO LẬP SẢN PHẨM,Khai thác sản phẩm Khai thác sản phẩm - Báo cáo tổng hợp về khách hàng thể nhân,CBQTNCIC,,,B,3,Đơn giản,,,,,
UC-1657,1657,QLSP,QUẢN LÝ TẠO LẬP SẢN PHẨM,Khai thác sản phẩm Khai thác sản phẩm - Danh sách TĐ tư nhân và các đơn vị thành viên,CBQTNCIC,,,B,3,Đơn giản,,,,,
UC-1658,1658,QLSP,QUẢN LÝ TẠO LẬP SẢN PHẨM,Phản hồi tính đúng đắn của sản phẩm định kỳ,CBQTNCIC,,,B,4,Trung bình,,,,,
UC-1659,1659,QLSP,QUẢN LÝ TẠO LẬP SẢN PHẨM,Tra cứu thông tin phản hổi tính đúng đắn của sản phẩm định kỳ,CBQTNCIC,,,B,3,Đơn giản,,,,,
UC-1660,1660,QLSP,QUẢN LÝ TẠO LẬP SẢN PHẨM,"Tạo bản ghi nghi ngờ dữ liệu sau tạo lập, cung cấp sản phẩm - thông tin định danh khách hàng vay",CB-TLSP,,,B,4,Trung bình,,,,,
UC-1661,1661,QLSP,QUẢN LÝ TẠO LẬP SẢN PHẨM,"Tạo bản ghi nghi ngờ dữ liệu sau tạo lập, cung cấp sản phẩm - thông tin về người có liên quan của khách hàng vay",CB-TLSP,,,B,4,Trung bình,,,,,
UC-1662,1662,QLSP,QUẢN LÝ TẠO LẬP SẢN PHẨM,"Tạo bản ghi nghi ngờ dữ liệu sau tạo lập, cung cấp sản phẩm - thông tin tài chính khách hàng vay là doanh nghiệp",CB-TLSP,,,B,4,Trung bình,,,,,
UC-1663,1663,QLSP,QUẢN LÝ TẠO LẬP SẢN PHẨM,"Tạo bản ghi nghi ngờ dữ liệu sau tạo lập, cung cấp sản phẩm - thông tin quan hệ tín dụng",CB-TLSP,,,B,4,Trung bình,,,,,
UC-1664,1664,QLSP,QUẢN LÝ TẠO LẬP SẢN PHẨM,"Tạo bản ghi nghi ngờ dữ liệu sau tạo lập, cung cấp sản phẩm - thông tin thẻ tín dụng",CB-TLSP,,,B,4,Trung bình,,,,,
UC-1665,1665,QLSP,QUẢN LÝ TẠO LẬP SẢN PHẨM,"Tạo bản ghi nghi ngờ dữ liệu sau tạo lập, cung cấp sản phẩm - thông tin thống kê tình hình giải ngân, trả nợ của khách hàng",CB-TLSP,,,B,4,Trung bình,,,,,
UC-1666,1666,QLSP,QUẢN LÝ TẠO LẬP SẢN PHẨM,"Tạo bản ghi nghi ngờ dữ liệu sau tạo lập, cung cấp sản phẩm - thông tin về biện pháp bảo đảm cấp tín dụng",CB-TLSP,,,B,4,Trung bình,,,,,
UC-1667,1667,QLSP,QUẢN LÝ TẠO LẬP SẢN PHẨM,"Tạo bản ghi nghi ngờ dữ liệu sau tạo lập, cung cấp sản phẩm - thông tin mua và ủy thác mua trái phiếu doanh nghiệp (không bao gồm TCTD)",CB-TLSP,,,B,4,Trung bình,,,,,
UC-1668,1668,QLSP,QUẢN LÝ TẠO LẬP SẢN PHẨM,"Tạo bản ghi nghi ngờ dữ liệu sau tạo lập, cung cấp sản phẩm - thông tin hoạt động xử lý nợ xấu nội bảng",CB-TLSP,,,B,4,Trung bình,,,,,
UC-1669,1669,QLSP,QUẢN LÝ TẠO LẬP SẢN PHẨM,"Tạo bản ghi nghi ngờ dữ liệu sau tạo lập, cung cấp sản phẩm - thông tin dư nợ tại VAMC",CB-TLSP,,,B,4,Trung bình,,,,,
UC-1670,1670,QLSP,QUẢN LÝ TẠO LẬP SẢN PHẨM,"Tạo bản ghi nghi ngờ dữ liệu sau tạo lập, cung cấp sản phẩm - Kết quả tự phân loại nợ",CB-TLSP,,,B,4,Trung bình,,,,,
UC-1671,1671,QLSP,QUẢN LÝ TẠO LẬP SẢN PHẨM,"Tra cứu ghi nhận về nghi ngờ dữ liệu sau tạo lập, cung cấp sản phẩm",CB-TLSP,,,B,3,Đơn giản,,,,,
UC-1672,1672,QLSP,QUẢN LÝ TẠO LẬP SẢN PHẨM,"Kiểm tra dữ liệu sau tạo lập, cung cấp sản phẩm - thông tin định danh khách hàng vay",Hệ thống,,,B,4,Trung bình,1,,,,
UC-1673,1673,QLSP,QUẢN LÝ TẠO LẬP SẢN PHẨM,"Kiểm tra dữ liệu sau tạo lập, cung cấp sản phẩm - thông tin về người có liên quan của khách hàng vay",Hệ thống,,,B,4,Trung bình,1,,,,
UC-1674,1674,QLSP,QUẢN LÝ TẠO LẬP SẢN PHẨM,"Kiểm tra dữ liệu sau tạo lập, cung cấp sản phẩm - thông tin tài chính khách hàng vay là doanh nghiệp",Hệ thống,,,B,4,Trung bình,1,,,,
UC-1675,1675,QLSP,QUẢN LÝ TẠO LẬP SẢN PHẨM,"Kiểm tra dữ liệu sau tạo lập, cung cấp sản phẩm - thông tin quan hệ tín dụng",Hệ thống,,,B,4,Trung bình,1,,,,
UC-1676,1676,QLSP,QUẢN LÝ TẠO LẬP SẢN PHẨM,"Kiểm tra dữ liệu sau tạo lập, cung cấp sản phẩm - thông tin thẻ tín dụng",Hệ thống,,,B,4,Trung bình,1,,,,
UC-1677,1677,QLSP,QUẢN LÝ TẠO LẬP SẢN PHẨM,"Kiểm tra dữ liệu sau tạo lập, cung cấp sản phẩm - thông tin thống kê tình hình giải ngân, trả nợ của khách hàng",Hệ thống,,,B,4,Trung bình,1,,,,
UC-1678,1678,QLSP,QUẢN LÝ TẠO LẬP SẢN PHẨM,"Kiểm tra dữ liệu sau tạo lập, cung cấp sản phẩm - thông tin về biện pháp bảo đảm cấp tín dụng",Hệ thống,,,B,4,Trung bình,1,,,,
UC-1679,1679,QLSP,QUẢN LÝ TẠO LẬP SẢN PHẨM,"Kiểm tra dữ liệu sau tạo lập, cung cấp sản phẩm - thông tin mua và ủy thác mua trái phiếu doanh nghiệp (không bao gồm TCTD)",Hệ thống,,,B,4,Trung bình,1,,,,
UC-1680,1680,QLSP,QUẢN LÝ TẠO LẬP SẢN PHẨM,"Kiểm tra dữ liệu sau tạo lập, cung cấp sản phẩm - thông tin hoạt động xử lý nợ xấu nội bảng",Hệ thống,,,B,4,Trung bình,1,,,,
UC-1681,1681,QLSP,QUẢN LÝ TẠO LẬP SẢN PHẨM,"Kiểm tra dữ liệu sau tạo lập, cung cấp sản phẩm - thông tin dư nợ tại VAMC",Hệ thống,,,B,4,Trung bình,1,,,,
UC-1682,1682,QLSP,QUẢN LÝ TẠO LẬP SẢN PHẨM,"Kiểm tra dữ liệu sau tạo lập, cung cấp sản phẩm - Kết quả tự phân loại nợ",Hệ thống,,,B,4,Trung bình,1,,,,
UC-1683,1683,QLSP,QUẢN LÝ TẠO LẬP SẢN PHẨM,"Kiểm tra dữ liệu sau tạo lập, cung cấp sản phẩm - D36 Thông tin trích lập dự phòng rủi ro cuối quý",Hệ thống,,,B,4,Trung bình,1,,,,
UC-1684,1684,QLSP,QUẢN LÝ TẠO LẬP SẢN PHẨM,Thiết lập thông tin quan trọng cần kiểm soát sau khi cung cấp sản phẩm,"CB-TLSP, QTHT (gọi chung là Người dùng)",,,B,4,Trung bình,,,,,
UC-1685,1685,QLSP,QUẢN LÝ TẠO LẬP SẢN PHẨM,Tra cứu về thông tin quan trọng cần kiểm soát sau khi cung cấp sản phẩm,"CB-TLSP, LĐ-TLSP, QTHT (gọi chung là Người dùng)",,,B,3,Đơn giản,,,,,
UC-1686,1686,QLSP,QUẢN LÝ TẠO LẬP SẢN PHẨM,Tra cứu nội dung thông tin phản hổi tính đúng đắn của sản phẩm tức thời,CB-TLSP,,,B,3,Đơn giản,,,,,
UC-1687,1687,QLSP,QUẢN LÝ TẠO LẬP SẢN PHẨM,Tra cứu nội dung thông tin phản hổi tính đúng đắn của sản phẩm theo yêu cầu,CB-TLSP,,,B,3,Đơn giản,,,,,
UC-1688,1688,QLSP,QUẢN LÝ TẠO LẬP SẢN PHẨM,Tra cứu nội dung thông tin phản hổi tính đúng đắn của sản phẩm định kỳ,CB-TLSP,,,B,3,Đơn giản,,,,,
UC-1689,1689,QLSP,QUẢN LÝ TẠO LẬP SẢN PHẨM,Gửi yêu cầu tra soát thông tin,CB-TLSP,,,B,2,Đơn giản,,,,,
UC-1690,1690,QLSP,QUẢN LÝ TẠO LẬP SẢN PHẨM,Tra cứu yêu cầu tra soát thông tin,CB-TLSP,,,B,4,Trung bình,,,,,
UC-1691,1691,QLSP,QUẢN LÝ TẠO LẬP SẢN PHẨM,Xác nhận kết quả tra soát thông tin - không cần tạo lập lại sản phẩm,CB-TLSP,,,B,2,Đơn giản,,,,,
UC-1692,1692,QLSP,QUẢN LÝ TẠO LẬP SẢN PHẨM,Xác nhận kết quả tra soát thông tin - cần tạo lập lại sản phẩm,CB-TLSP,,,B,2,Đơn giản,,,,,
UC-1693,1693,QLSP,QUẢN LÝ TẠO LẬP SẢN PHẨM,Gửi thông báo từ chối thu hồi báo cáo,Hệ thống,,,B,2,Đơn giản,1,,,,
UC-1694,1694,QLSP,QUẢN LÝ TẠO LẬP SẢN PHẨM,Thu hồi báo cáo đã cung cấp,Hệ thống,,,B,2,Đơn giản,1,,,,
UC-1695,1695,QLSP,QUẢN LÝ TẠO LẬP SẢN PHẨM,Tra cứu thông tin báo cáo đã cung cấp,"CB-TLSP, LĐ-TLSP (gọi chung là Người dùng)",,,B,3,Đơn giản,,,,,
UC-1696,1696,QLSP,QUẢN LÝ TẠO LẬP SẢN PHẨM,Thực hiện phân loại lỗi sau cung cấp sản phẩm,Hệ thống,,,B,4,Trung bình,1,,,,
UC-1697,1697,QLSP,QUẢN LÝ TẠO LẬP SẢN PHẨM,Thu hổi sản phẩm định kỳ,Hệ thống,,,B,2,Đơn giản,1,,,,
UC-1698,1698,QLSP,QUẢN LÝ TẠO LẬP SẢN PHẨM,Tra cứu sản phẩm định kỳ đã thu hồi,"CB-TLSP, LĐ-TLSP (gọi chung là Người dùng)",,,B,3,Đơn giản,,,,,
UC-1699,1699,QLSP,QUẢN LÝ TẠO LẬP SẢN PHẨM,Tổng hợp lại nội dung sản phẩm - R18 - Danh sách khách hàng có nhóm nợ cao hơn ở TCTD khác,"CB-TLSP, LĐ-TLSP (gọi chung là Người dùng)",,,B,8,Phức tạp,,,,,
UC-1700,1700,QLSP,QUẢN LÝ TẠO LẬP SẢN PHẨM,Tổng hợp lại nội dung sản phẩm - R19 - Danh sách khách hàng thay đổi nhóm nợ cao nhất.,"CB-TLSP, LĐ-TLSP (gọi chung là Người dùng)",,,B,8,Phức tạp,,,,,
UC-1701,1701,QLSP,QUẢN LÝ TẠO LẬP SẢN PHẨM,Tra cứu kết quả tổng hợp nội dung sản phẩm theo danh sách dữ liệu thay đổi,"CB-TLSP, LĐ-TLSP (gọi chung là Người dùng)",,,B,3,Đơn giản,,,,,
UC-1702,1702,QLSP,QUẢN LÝ TẠO LẬP SẢN PHẨM,Gửi lãnh đạo xác nhận nội dung sản phẩm theo danh sách dữ liệu thay đổi,CB-TLSP,,,B,2,Đơn giản,,,,,
UC-1703,1703,QLSP,QUẢN LÝ TẠO LẬP SẢN PHẨM,Tra cứu nội dung sản phẩm theo danh sách dữ liệu thay đổi,"CB-TLSP, LĐ-TLSP (gọi chung là Người dùng)",,,B,3,Đơn giản,,,,,
UC-1704,1704,QLSP,QUẢN LÝ TẠO LẬP SẢN PHẨM,Yêu cầu kiểm tra lại nội dung sản phẩm đã tổng hợp - R18 - Danh sách khách hàng có nhóm nợ cao hơn ở TCTD khác,"CB-TLSP, LĐ-TLSP (gọi chung là Người dùng)",,,B,2,Đơn giản,,,,,
UC-1705,1705,QLSP,QUẢN LÝ TẠO LẬP SẢN PHẨM,Yêu cầu kiểm tra lại nội dung sản phẩm đã tổng hợp - R19 - Danh sách khách hàng thay đổi nhóm nợ cao nhất.,"CB-TLSP, LĐ-TLSP (gọi chung là Người dùng)",,,B,2,Đơn giản,,,,,
UC-1706,1706,QLSP,QUẢN LÝ TẠO LẬP SẢN PHẨM,Xác nhận nội dung sản phẩm đã tổng hợp là hợp lệ - R18 - Danh sách khách hàng có nhóm nợ cao hơn ở TCTD khác,"CB-TLSP, LĐ-TLSP (gọi chung là Người dùng)",,,B,2,Đơn giản,,,,,
UC-1707,1707,QLSP,QUẢN LÝ TẠO LẬP SẢN PHẨM,Xác nhận nội dung sản phẩm đã tổng hợp là hợp lệ - R19 - Danh sách khách hàng thay đổi nhóm nợ cao nhất.,"CB-TLSP, LĐ-TLSP (gọi chung là Người dùng)",,,B,2,Đơn giản,,,,,
UC-1708,1708,QLSP,QUẢN LÝ TẠO LẬP SẢN PHẨM,Gửi thông tin về tạo lập lại sản phẩm báo cáo định kỳ sang phần mềm tính phí,"CB-TLSP, LĐ-TLSP (gọi chung là Người dùng)",,,B,2,Đơn giản,,,,,
UC-1709,1709,QLSP,QUẢN LÝ TẠO LẬP SẢN PHẨM,Tra cứu thông tin về tạo lập lại sản phẩm báo cáo định kỳ sang phần mềm tính phí,"CB-TLSP, LĐ-TLSP (gọi chung là Người dùng)",,,B,3,Đơn giản,,,,,
UC-1710,1710,HTVH,"HỖ TRỢ VẬN HÀNH, TÁC NGHIỆP",Quản lý danh mục chỉ tiêu chấm điểm,LĐ-TTXLDL,,,B,4,Trung bình,,,,,
UC-1711,1711,HTVH,"HỖ TRỢ VẬN HÀNH, TÁC NGHIỆP",Tra cứu danh mục chỉ tiêu chấm điểm,LĐ-TTXLDL,,,B,3,Đơn giản,,,,,
UC-1712,1712,HTVH,"HỖ TRỢ VẬN HÀNH, TÁC NGHIỆP",Kích hoạt/Hủy hiệu lực chỉ tiêu chấm điểm,LĐ-TTXLDL,,,B,3,Đơn giản,,,,,
UC-1713,1713,HTVH,"HỖ TRỢ VẬN HÀNH, TÁC NGHIỆP",Quản lý danh mục đơn vị,LĐ-TTXLDL,,,B,4,Trung bình,,,,,
UC-1714,1714,HTVH,"HỖ TRỢ VẬN HÀNH, TÁC NGHIỆP",Tra cứu thông tin đơn vị cần chấm điểm,LĐ-TTXLDL,,,B,3,Đơn giản,,,,,
UC-1715,1715,HTVH,"HỖ TRỢ VẬN HÀNH, TÁC NGHIỆP",Kích hoạt/hủy hiệu lực đơn vị cần chấm điểm,LĐ-TTXLDL,,,B,3,Đơn giản,,,,,
UC-1716,1716,HTVH,"HỖ TRỢ VẬN HÀNH, TÁC NGHIỆP",Tổng hợp dữ liệu về thông tin định danh khách hàng vay theo các tiêu chí chấm điểm,CB-TTXLDL,,,B,8,Phức tạp,,,,,
UC-1717,1717,HTVH,"HỖ TRỢ VẬN HÀNH, TÁC NGHIỆP",Tổng hợp dữ liệu về khách hàng có liên quan của khách hàng vay theo các tiêu chí chấm điểm,CB-TTXLDL,,,B,8,Phức tạp,,,,,
UC-1718,1718,HTVH,"HỖ TRỢ VẬN HÀNH, TÁC NGHIỆP",Tổng hợp dữ liệu về thông tin tài chính của khách hàng vay theo các tiêu chí chấm điểm,CB-TTXLDL,,,B,8,Phức tạp,,,,,
UC-1719,1719,HTVH,"HỖ TRỢ VẬN HÀNH, TÁC NGHIỆP",Tổng hợp dữ liệu thông tin quan hệ tín dụng của khách hàng theo các tiêu chí chấm điểm,CB-TTXLDL,,,B,8,Phức tạp,,,,,
UC-1720,1720,HTVH,"HỖ TRỢ VẬN HÀNH, TÁC NGHIỆP",Tổng hợp dữ liệu thông tin thẻ tín dụng của khách hàng theo các tiêu chí chấm điểm,CB-TTXLDL,,,B,8,Phức tạp,,,,,
UC-1721,1721,HTVH,"HỖ TRỢ VẬN HÀNH, TÁC NGHIỆP",Tổng hợp dữ liệu thông tin bảo đảm tiền vay của khách hàng theo các tiêu chí chấm điểm,CB-TTXLDL,,,B,8,Phức tạp,,,,,
UC-1722,1722,HTVH,"HỖ TRỢ VẬN HÀNH, TÁC NGHIỆP",Tổng hợp dữ liệu thông tin mua và ủy thác mua trái phiếu doanh nghiệp theo các tiêu chí chấm điểm,CB-TTXLDL,,,B,8,Phức tạp,,,,,
UC-1723,1723,HTVH,"HỖ TRỢ VẬN HÀNH, TÁC NGHIỆP",Tổng hợp dữ liệu thông tin phân loại nợ của khách hàng vay theo các tiêu chí chấm điểm,CB-TTXLDL,,,B,8,Phức tạp,,,,,
UC-1724,1724,HTVH,"HỖ TRỢ VẬN HÀNH, TÁC NGHIỆP",Thực hiện chấm điểm thông tin định danh khách hàng vay cho từng TCTD theo công thức đã được thiết lập,CB-TTXLDL,,,B,4,Trung bình,,,,,
UC-1725,1725,HTVH,"HỖ TRỢ VẬN HÀNH, TÁC NGHIỆP",Thực hiện chấm điểm thông tin khách hàng có liên quan của khách hàng vay theo công thức đã được thiết lập,CB-TTXLDL,,,B,4,Trung bình,,,,,
UC-1726,1726,HTVH,"HỖ TRỢ VẬN HÀNH, TÁC NGHIỆP",Thực hiện chấm điểm thông tin tài chính của khách hàng vay theo công thức đã được thiết lập,CB-TTXLDL,,,B,4,Trung bình,,,,,
UC-1727,1727,HTVH,"HỖ TRỢ VẬN HÀNH, TÁC NGHIỆP",Thực hiện chấm điểm thông tin quan hệ tín dụng của khách hàng theo công thức đã được thiết lập,CB-TTXLDL,,,B,4,Trung bình,,,,,
UC-1728,1728,HTVH,"HỖ TRỢ VẬN HÀNH, TÁC NGHIỆP",Thực hiện chấm điểm thông tin thẻ tín dụng của khách hàng theo công thức đã được thiết lập,CB-TTXLDL,,,B,4,Trung bình,,,,,
UC-1729,1729,HTVH,"HỖ TRỢ VẬN HÀNH, TÁC NGHIỆP",Thực hiện chấm điểm thông tin bảo đảm tiền vay của khách hàng công thức đã được thiết lập,CB-TTXLDL,,,B,4,Trung bình,,,,,
UC-1730,1730,HTVH,"HỖ TRỢ VẬN HÀNH, TÁC NGHIỆP",Thực hiện chấm điểm thông tin mua và ủy thác mua trái phiếu doanh nghiệp theo công thức đã được thiết lập,CB-TTXLDL,,,B,4,Trung bình,,,,,
UC-1731,1731,HTVH,"HỖ TRỢ VẬN HÀNH, TÁC NGHIỆP",Thực hiện chấm điểm thông tin phân loại nợ của khách hàng vay theo công thức đã được thiết lập,CB-TTXLDL,,,B,4,Trung bình,,,,,
UC-1732,1732,HTVH,"HỖ TRỢ VẬN HÀNH, TÁC NGHIỆP",Tra cứu kết quả đánh giá chất lượng báo cáo thông tin tín dụng,CB-TTXLDL,,,B,3,Đơn giản,,,,,
UC-1733,1733,HTVH,"HỖ TRỢ VẬN HÀNH, TÁC NGHIỆP",Chầm điểm TCTD khi có yêu cầu kiểm tra lại kết quả chấm điểm,CB-TTXLDL,,,B,4,Trung bình,,,,,
UC-1734,1734,HTVH,"HỖ TRỢ VẬN HÀNH, TÁC NGHIỆP",Chấm điểm điểm định tính cho TCTD,CB-TTXLDL,,,B,4,Trung bình,,,,,
UC-1735,1735,HTVH,"HỖ TRỢ VẬN HÀNH, TÁC NGHIỆP",Tra cứu kết quả chấm điểm định tính cho TCTD,CB-TTXLDL,,,B,3,Đơn giản,,,,,
UC-1736,1736,HTVH,"HỖ TRỢ VẬN HÀNH, TÁC NGHIỆP",Phê duyệt kết quả chấm điểm báo cáo TTTD,"CB-TTXLDL, LĐ-TTXLDL (gọi chung là Người dùng)",,,B,2,Đơn giản,,,,,
UC-1737,1737,HTVH,"HỖ TRỢ VẬN HÀNH, TÁC NGHIỆP",Từ chối phê duyệt kết quả chấm điểm báo cáo TTTD,"CB-TTXLDL, LĐ-TTXLDL (gọi chung là Người dùng)",,,B,2,Đơn giản,,,,,
UC-1738,1738,HTVH,"HỖ TRỢ VẬN HÀNH, TÁC NGHIỆP",Báo cáo thống kê đánh giá chất lượng báo cáo TTTD theo nhóm TCTD,"CB-TTXLDL, LĐ-TTXLDL (gọi chung là Người dùng)",,,B,4,Trung bình,,,,,
UC-1739,1739,HTVH,"HỖ TRỢ VẬN HÀNH, TÁC NGHIỆP",Báo cáo thống kê đánh giá chất lượng báo cáo TTTD theo nhóm chỉ tiêu tổng thể,"CB-TTXLDL, LĐ-TTXLDL",,,B,4,Trung bình,,,,,
UC-1740,1740,HTVH,"HỖ TRỢ VẬN HÀNH, TÁC NGHIỆP",Quản lý danh mục chỉ tiêu giám sát,"CB-TTXLDL, LĐ-TTXLDL, LĐP-TTXLDL, CB-KSDL, LĐP-KSDL, CB-TLSP, LĐ-TLSP, CB-TNYC, LĐP-TNYC (gọi chung là Người dùng)",,,B,4,Trung bình,,,,,
UC-1741,1741,HTVH,"HỖ TRỢ VẬN HÀNH, TÁC NGHIỆP",Tra cứu danh mục chỉ tiêu giám sát,"CB-TTXLDL, LĐ-TTXLDL, LĐP-TTXLDL, CB-KSDL, LĐP-KSDL, CB-TLSP, LĐ-TLSP, CB-TNYC, LĐP-TNYC (gọi chung là Người dùng)",,,B,3,Đơn giản,,,,,
UC-1742,1742,HTVH,"HỖ TRỢ VẬN HÀNH, TÁC NGHIỆP",Kích hoạt/Hủy hiệu lực chỉ tiêu giám sát,"CB-TTXLDL, LĐ-TTXLDL, LĐP-TTXLDL, CB-KSDL, LĐP-KSDL, CB-TLSP, LĐ-TLSP, CB-TNYC, LĐP-TNYC (gọi chung là Người dùng)",,,B,3,Đơn giản,,,,,
UC-1743,1743,HTVH,"HỖ TRỢ VẬN HÀNH, TÁC NGHIỆP","Quản lý danh sách TCTN, Quỹ tín dụng nhân dân được giám sát","CB-TTXLDL, LĐ-TTXLDL, LĐP-TTXLDL, CB-KSDL, LĐP-KSDL, CB-TLSP, LĐ-TLSP, CB-TNYC, LĐP-TNYC (gọi chung là Người dùng)",,,B,4,Trung bình,,,,,
UC-1744,1744,HTVH,"HỖ TRỢ VẬN HÀNH, TÁC NGHIỆP","Tra cứu danh sách TCTN, Quỹ tín dụng nhân dân được giám sát","CB-TTXLDL, LĐ-TTXLDL, LĐP-TTXLDL, CB-KSDL, LĐP-KSDL, CB-TLSP, LĐ-TLSP, CB-TNYC, LĐP-TNYC (gọi chung là Người dùng)",,,B,3,Đơn giản,,,,,
UC-1745,1745,HTVH,"HỖ TRỢ VẬN HÀNH, TÁC NGHIỆP","Kích hoạt/Hủy hiệu lực TCTN, Quỹ tín dụng nhân dân được giám sát","CB-TTXLDL, LĐ-TTXLDL, LĐP-TTXLDL, CB-KSDL, LĐP-KSDL, CB-TLSP, LĐ-TLSP, CB-TNYC, LĐP-TNYC (gọi chung là Người dùng)",,,B,3,Đơn giản,,,,,
UC-1746,1746,HTVH,"HỖ TRỢ VẬN HÀNH, TÁC NGHIỆP","Tự động tính toán, tổng hợp theo tỷ lệ hồ sơ của tổ chức có đủ chỉ tiêu theo quy định",QTHT,,,B,8,Phức tạp,,,,,
UC-1747,1747,HTVH,"HỖ TRỢ VẬN HÀNH, TÁC NGHIỆP",Tự động tổng hợp báo cáo giám sát theo tiêu chí về TCTD,Hệ thống,,,B,8,Phức tạp,1,,,,
UC-1748,1748,HTVH,"HỖ TRỢ VẬN HÀNH, TÁC NGHIỆP","Tra cứu kết quả giám sát TCTN, Quỹ tín dụng nhân dân","CB-TTXLDL, LĐ-TTXLDL, LĐP-TTXLDL, CB-KSDL, LĐP-KSDL, CB-TLSP, LĐ-TLSP, CB-TNYC, LĐP-TNYC (gọi chung là Người dùng)",,,B,3,Đơn giản,,,,,
UC-1749,1749,HTVH,"HỖ TRỢ VẬN HÀNH, TÁC NGHIỆP",Tổng hợp kết quả khi có yêu cầu kiểm tra lại kết quả giám sát,"CB-TTXLDL, LĐ-TTXLDL, LĐP-TTXLDL, CB-KSDL, LĐP-KSDL, CB-TLSP, LĐ-TLSP, CB-TNYC, LĐP-TNYC (gọi chung là Người dùng), Hệ thống",,,B,8,Phức tạp,,,,,
UC-1750,1750,HTVH,"HỖ TRỢ VẬN HÀNH, TÁC NGHIỆP",Quản lý đề nghị phê duyệt kết quả giám sát của hệ thống đã tự động tổng hợp,"CB-TTXLDL, LĐ-TTXLDL, LĐP-TTXLDL, CB-KSDL, LĐP-KSDL, CB-TLSP, LĐ-TLSP, CB-TNYC, LĐP-TNYC (gọi chung là Người dùng)",,,B,4,Trung bình,,,,,
UC-1751,1751,HTVH,"HỖ TRỢ VẬN HÀNH, TÁC NGHIỆP","Phê duyệt kết quả giám sát TCTN, Quỹ tín dụng nhân dân",LĐP-TTXLDL,,,B,2,Đơn giản,,,,,
UC-1752,1752,HTVH,"HỖ TRỢ VẬN HÀNH, TÁC NGHIỆP","Từ chối phê duyệt kết quả giam sát TCTN, Quỹ tín dụng nhân dân",LĐP-TTXLDL,,,B,2,Đơn giản,,,,,
UC-1753,1753,HTVH,"HỖ TRỢ VẬN HÀNH, TÁC NGHIỆP","Báo cáo thống kê theo tiêu chí giám sát TCTN, Quỹ TDND",LĐP-TTXLDL,,,B,4,Trung bình,,,,,
UC-1754,1754,HTVH,"HỖ TRỢ VẬN HÀNH, TÁC NGHIỆP","Báo cáo thống kê theo trạng thái giám sát TCTN, quỹ TDTN",LĐP-TTXLDL,,,B,4,Trung bình,,,,,
UC-1755,1755,HTVH,"HỖ TRỢ VẬN HÀNH, TÁC NGHIỆP",Quản lý yêu cầu tra soát gửi cho CIC,"CBĐVGBC, CBQTNCIC (gọi chung là Người dùng)",,,B,4,Trung bình,,,,,
UC-1756,1756,HTVH,"HỖ TRỢ VẬN HÀNH, TÁC NGHIỆP",Tra cứu yêu cầu tra soát gửi cho CIC,"CBĐVGBC, CBQTNCIC (gọi chung là Người dùng)",,,B,3,Đơn giản,,,,,
UC-1757,1757,HTVH,"HỖ TRỢ VẬN HÀNH, TÁC NGHIỆP",Tiếp nhận yêu cầu tra soát và kiểm tra thời hạn phản hồi của sản phẩm,QTHT,,,B,4,Trung bình,,,,,
UC-1758,1758,HTVH,"HỖ TRỢ VẬN HÀNH, TÁC NGHIỆP",Quản lý danh mục sản phẩm,QTHT,,,B,4,Trung bình,,,,,
UC-1759,1759,HTVH,"HỖ TRỢ VẬN HÀNH, TÁC NGHIỆP",Tra cứu danh sách sản phẩm,QTHT,,,B,3,Đơn giản,,,,,
UC-1760,1760,HTVH,"HỖ TRỢ VẬN HÀNH, TÁC NGHIỆP",Kích hoạt/Hủy hiệu lực danh sách sản phẩm,QTHT,,,B,3,Đơn giản,,,,,
UC-1761,1761,HTVH,"HỖ TRỢ VẬN HÀNH, TÁC NGHIỆP",Phê duyệt danh sách sản phẩm,QTHT,,,B,2,Đơn giản,,,,,
UC-1762,1762,HTVH,"HỖ TRỢ VẬN HÀNH, TÁC NGHIỆP",Từ chối sản phẩm,QTHT,,,B,2,Đơn giản,,,,,
UC-1763,1763,HTVH,"HỖ TRỢ VẬN HÀNH, TÁC NGHIỆP",Gửi thông báo cho đơn vị bên ngoài CIC,QTHT,,,B,2,Đơn giản,,,,,
UC-1764,1764,HTVH,"HỖ TRỢ VẬN HÀNH, TÁC NGHIỆP",Tra cứu thông báo thông báo kết quả tra soát gửi cho đơn vị ngoài CIC,QTHT,,,B,3,Đơn giản,,,,,
UC-1765,1765,HTVH,"HỖ TRỢ VẬN HÀNH, TÁC NGHIỆP",Thiết lập quy tắc phân công cán bộ tiếp nhận yêu cầu tra soát,QTHT,,,B,4,Trung bình,,,,,
UC-1766,1766,HTVH,"HỖ TRỢ VẬN HÀNH, TÁC NGHIỆP",Tra cứu quy tắc phân công cán bộ tiếp nhận yêu cầu tra soát,QTHT,,,B,3,Đơn giản,,,,,
UC-1767,1767,HTVH,"HỖ TRỢ VẬN HÀNH, TÁC NGHIỆP",Kích hoạt/Hủy hiệu lực quy tắc phân công cán bộ tiếp nhận yêu cầu tra soát,QTHT,,,B,3,Đơn giản,,,,,
UC-1768,1768,HTVH,"HỖ TRỢ VẬN HÀNH, TÁC NGHIỆP",Tra cứu yêu cầu tra soát,CB-TNYC,,,B,3,Đơn giản,,,,,
UC-1769,1769,HTVH,"HỖ TRỢ VẬN HÀNH, TÁC NGHIỆP",Đề xuất chuyển tiếp yêu cầu tra soát cho phòng ban có thẩm quyền,CB-TNYC,,,B,4,Trung bình,,,,,
UC-1770,1770,HTVH,"HỖ TRỢ VẬN HÀNH, TÁC NGHIỆP",Phê duyệt đề xuất chuyển tiếp yêu cầu tra soát,LĐP-TNYC,,,B,2,Đơn giản,,,,,
UC-1771,1771,HTVH,"HỖ TRỢ VẬN HÀNH, TÁC NGHIỆP",Từ chối đề xuất chuyển tiếp yêu cầu tra soát,LĐP-TNYC,,,B,2,Đơn giản,,,,,
UC-1772,1772,HTVH,"HỖ TRỢ VẬN HÀNH, TÁC NGHIỆP","Tra cứu, kiểm tra xử lý dữ liệu theo nội dung yêu cầu",CB-TNYC,,,B,3,Đơn giản,,,,,
UC-1773,1773,HTVH,"HỖ TRỢ VẬN HÀNH, TÁC NGHIỆP","Phản hồi kết quả kiểm tra, xử lý yêu cầu tra soát.","QTHT, CB-TNYC (gọi chung là Người dùng)",,,B,3,Đơn giản,,,,,
UC-1774,1774,HTVH,"HỖ TRỢ VẬN HÀNH, TÁC NGHIỆP",Thông báo kết quả tra soát cho cán bộ gửi yêu cầu,"QTHT, CB-TNYC (gọi chung là Người dùng)",,,B,3,Đơn giản,,,,,
UC-1775,1775,HTVH,"HỖ TRỢ VẬN HÀNH, TÁC NGHIỆP",Cập nhật trạng thái yêu cầu tra soát hoàn thành,CB-TNYC,,,B,2,Đơn giản,,,,,
UC-1776,1776,HTVH,"HỖ TRỢ VẬN HÀNH, TÁC NGHIỆP",Báo cáo thống kê yêu cầu tra soát từ đơn vị bên ngoài đến CIC,LĐP-TNYC,,,B,4,Trung bình,,,,,
UC-1777,1777,HTVH,"HỖ TRỢ VẬN HÀNH, TÁC NGHIỆP",Quản lý yêu cầu tra soát gửi đến đơn vị ngoài CIC,"CB-TTXLDL, CB-KSDL, CB-TLSP, CB-TNYC (gọi chung là Người dùng)",,,B,4,Trung bình,,,,,
UC-1778,1778,HTVH,"HỖ TRỢ VẬN HÀNH, TÁC NGHIỆP",Tra cứu yêu cầu tra soát gửi đến đơn vị ngoài CIC,"CB-TTXLDL, CB-KSDL, CB-TLSP, CB-TNYC (gọi chung là Người dùng)",,,B,3,Đơn giản,,,,,
UC-1779,1779,HTVH,"HỖ TRỢ VẬN HÀNH, TÁC NGHIỆP",Tra cứu yêu cầu tra soát nhận từ CIC,"CBĐVGBC, CBQTNCIC (gọi chung là Người dùng)",,,B,3,Đơn giản,,,,,
UC-1780,1780,HTVH,"HỖ TRỢ VẬN HÀNH, TÁC NGHIỆP",Phản hồi về yêu cầu tra soát nhận được từ CIC,"CBĐVGBC, CBQTNCIC (gọi chung là Người dùng)",,,B,2,Đơn giản,,,,,
UC-1781,1781,HTVH,"HỖ TRỢ VẬN HÀNH, TÁC NGHIỆP",Đóng yêu cầu tra soát,CB-TNYC,,,B,2,Đơn giản,,,,,
UC-1782,1782,HTVH,"HỖ TRỢ VẬN HÀNH, TÁC NGHIỆP",Báo cáo thống kê yêu cầu tra soát từ CIC đến đơn vị bên ngoài,LĐP-TNYC,,,B,4,Trung bình,,,,,
UC-1783,1783,HTVH,"HỖ TRỢ VẬN HÀNH, TÁC NGHIỆP",Quản lý thông tin hợp đồng,CB-TLSP,,,B,4,Trung bình,,,,,
UC-1784,1784,HTVH,"HỖ TRỢ VẬN HÀNH, TÁC NGHIỆP",Tra cứu thông tin hợp đồng,CB-TLSP,,,B,3,Đơn giản,,,,,
UC-1785,1785,HTVH,"HỖ TRỢ VẬN HÀNH, TÁC NGHIỆP",Thiết lập sản phẩm theo hợp đồng,CB-TLSP,,,B,4,Trung bình,,,,,
UC-1786,1786,HTVH,"HỖ TRỢ VẬN HÀNH, TÁC NGHIỆP",Quản lý khoản quản trị của đơn vị ngoài CIC,QTHT,,,B,4,Trung bình,,,,,
UC-1787,1787,HTVH,"HỖ TRỢ VẬN HÀNH, TÁC NGHIỆP",Tra cứu tài khoản quản trị của đơn vị ngoài CIC,QTHT,,,B,3,Đơn giản,,,,,
UC-1788,1788,HTVH,"HỖ TRỢ VẬN HÀNH, TÁC NGHIỆP",Hiệu lực/Hết hiệu lực tài khoản quản trị của đơn vị ngoài CIC,QTHT,,,B,3,Đơn giản,,,,,
UC-1789,1789,HTVH,"HỖ TRỢ VẬN HÀNH, TÁC NGHIỆP",Trình duyệt tài khoản quản trị của đơn vị ngoài CIC,CB-TLSP,,,B,2,Đơn giản,,,,,
UC-1790,1790,HTVH,"HỖ TRỢ VẬN HÀNH, TÁC NGHIỆP",Phê duyệt tài khoản quản trị của đơn vị ngoài CIC,QTHT,,,B,2,Đơn giản,,,,,
UC-1791,1791,HTVH,"HỖ TRỢ VẬN HÀNH, TÁC NGHIỆP",Từ chối tài khoản quản trị của đơn vị ngoài CIC,QTHT,,,B,2,Đơn giản,,,,,
UC-1792,1792,HTVH,"HỖ TRỢ VẬN HÀNH, TÁC NGHIỆP",Phê duyệt thông tin hợp đồng,LĐ-TLSP,,,B,2,Đơn giản,,,,,
UC-1793,1793,HTVH,"HỖ TRỢ VẬN HÀNH, TÁC NGHIỆP",Từ chối thông tin hợp đồng,LĐ-TLSP,,,B,2,Đơn giản,,,,,
UC-1794,1794,HTVH,"HỖ TRỢ VẬN HÀNH, TÁC NGHIỆP",Gửi thông tin về hợp đồng sang hệ thống tính phí,QTHT,,,B,2,Đơn giản,,,,,
UC-1795,1795,HTVH,"HỖ TRỢ VẬN HÀNH, TÁC NGHIỆP",Tra cứu thông tin về hợp đồng gửi sang hệ thống tính phí,QTHT,,,B,3,Đơn giản,,,,,
UC-1796,1796,HTVH,"HỖ TRỢ VẬN HÀNH, TÁC NGHIỆP",Gửi thông báo cho đơn vị bên ngoài CIC về việc tạo tài khoản quản trị thành công.,QTHT,,,B,2,Đơn giản,,,,,
UC-1797,1797,HTVH,"HỖ TRỢ VẬN HÀNH, TÁC NGHIỆP",Tra cứu thông báo gửi cho đơn vị bên ngoài về việc tạo tài khoản quản trị,QTHT,,,B,3,Đơn giản,,,,,
UC-1798,1798,HTVH,"HỖ TRỢ VẬN HÀNH, TÁC NGHIỆP",Quản lý tài khoản người dùng CIC,QTHT,,,B,4,Trung bình,,,,,
UC-1799,1799,HTVH,"HỖ TRỢ VẬN HÀNH, TÁC NGHIỆP",Tra cứu thông tin tài khoản người dùng CIC,QTHT,,,B,3,Đơn giản,,,,,
UC-1800,1800,HTVH,"HỖ TRỢ VẬN HÀNH, TÁC NGHIỆP",Kích hoạt/Hết hiệu lực tài khoản người dùng CIC,QTHT,,,B,3,Đơn giản,,,,,
UC-1801,1801,HTVH,"HỖ TRỢ VẬN HÀNH, TÁC NGHIỆP",Gửi thông báo hết hiệu lực/Kích hoạt tài khoản của người dùng CIC đến các ứng dụng vệ tinh,QTHT,,,B,2,Đơn giản,,,,,
UC-1802,1802,HTVH,"HỖ TRỢ VẬN HÀNH, TÁC NGHIỆP",Phê duyệt thông tin tài khoản,QTHT,,,B,2,Đơn giản,,,,,
UC-1803,1803,HTVH,"HỖ TRỢ VẬN HÀNH, TÁC NGHIỆP",Từ chối thông tin tài khoản,QTHT,,,B,2,Đơn giản,,,,,
UC-1804,1804,HTVH,"HỖ TRỢ VẬN HÀNH, TÁC NGHIỆP",Gửi thông báo thông tin tài khoản tới cán bộ,QTHT,,,B,2,Đơn giản,,,,,
UC-1805,1805,HTVH,"HỖ TRỢ VẬN HÀNH, TÁC NGHIỆP",Quản lý tài khoản tác nghiệp cho đơn vị,"CBQTNCIC, QTHT (gọi chung là Người dùng)",,,B,4,Trung bình,,,,,
UC-1806,1806,HTVH,"HỖ TRỢ VẬN HÀNH, TÁC NGHIỆP",Thiết lập sản phẩm của tài khoản tác nghiệp được phép khai thác,"CBQTNCIC, QTHT (gọi chung là Người dùng)",,,B,4,Trung bình,,,,,
UC-1807,1807,HTVH,"HỖ TRỢ VẬN HÀNH, TÁC NGHIỆP",Tra cứu tài khoản tác nghiệp,"CBQTNCIC, QTHT (gọi chung là Người dùng)",,,B,3,Đơn giản,,,,,
UC-1808,1808,HTVH,"HỖ TRỢ VẬN HÀNH, TÁC NGHIỆP",Kích hoạt/Hủy hiệu lực tài khoản tác nghiệp,"CBQTNCIC, QTHT (gọi chung là Người dùng)",,,B,3,Đơn giản,,,,,
UC-1809,1809,HTVH,"HỖ TRỢ VẬN HÀNH, TÁC NGHIỆP",Gửi CIC phê duyệt tài khoản tác nghiệp,CBQTNCIC,,,B,2,Đơn giản,,,,,
UC-1810,1810,HTVH,"HỖ TRỢ VẬN HÀNH, TÁC NGHIỆP",Phê duyệt tài khoản tác nghiệp,QTHT,,,B,2,Đơn giản,,,,,
UC-1811,1811,HTVH,"HỖ TRỢ VẬN HÀNH, TÁC NGHIỆP",Từ chối phê duyệt tài khoản tác nghiệp,QTHT,,,B,2,Đơn giản,,,,,
UC-1812,1812,HTVH,"HỖ TRỢ VẬN HÀNH, TÁC NGHIỆP",Phân quyền khai thác sản phẩm của tài khoản tác nghiệp,"CBQTNCIC, QTHT (gọi chung là Người dùng)",,,B,4,Trung bình,,,,,
UC-1813,1813,HTVH,"HỖ TRỢ VẬN HÀNH, TÁC NGHIỆP",Gửi thông báo kích hoạt tài khoản tác nghiệp cho tài khoản quản trị của đơn vị,QTHT,,,B,2,Đơn giản,,,,,
UC-1814,1814,HTVH,"HỖ TRỢ VẬN HÀNH, TÁC NGHIỆP",Tra cứu thông báo kích hoạt tài khoản tác nghiệp từ CIC gửi cho tài khoản quản trị của đơn vị,QTHT,,,B,3,Đơn giản,,,,,
UC-1815,1815,HTVH,"HỖ TRỢ VẬN HÀNH, TÁC NGHIỆP",Gửi thông báo kích hoạt tài khoản tác nghiệp cho tài khoản tác nghiệp,QTHT,,,B,2,Đơn giản,,,,,
UC-1816,1816,HTVH,"HỖ TRỢ VẬN HÀNH, TÁC NGHIỆP",Tra cứu thông báo kích hoạt tài khoản tác nghiệp đã gửi cho cán bộ của đơn vị bên ngoài CIC,QTHT,,,B,3,Đơn giản,,,,,
UC-1817,1817,HTVH,"HỖ TRỢ VẬN HÀNH, TÁC NGHIỆP",Thống kê tài khoản người dùng ngoài theo từng đơn vị ngoài,QTHT,,,B,4,Trung bình,,,,,
UC-1818,1818,HTVH,"HỖ TRỢ VẬN HÀNH, TÁC NGHIỆP",Quản lý đề nghị hủy/khôi phục tài khoản,"QTHT, CB-TTXLDL, CB-KSDL, CB-TLSP, CB-TNYC (gọi chung là Người dùng)",,,B,4,Trung bình,,,,,
UC-1819,1819,HTVH,"HỖ TRỢ VẬN HÀNH, TÁC NGHIỆP",Tra cứu đề nghị hủy/khôi phục tài khoản,"QTHT, CB-TTXLDL, CB-KSDL, CB-TLSP, CB-TNYC (gọi chung là Người dùng)",,,B,3,Đơn giản,,,,,
UC-1820,1820,HTVH,"HỖ TRỢ VẬN HÀNH, TÁC NGHIỆP",Trình duyệt đề nghị hủy/khôi phục tài khoản,"QTHT, CB-TTXLDL, CB-KSDL, CB-TLSP, CB-TNYC (gọi chung là Người dùng)",,,B,2,Đơn giản,,,,,
UC-1821,1821,HTVH,"HỖ TRỢ VẬN HÀNH, TÁC NGHIỆP",Phê duyệt đề nghị hủy/khôi phục tài khoản,QTHT,,,B,2,Đơn giản,,,,,
UC-1822,1822,HTVH,"HỖ TRỢ VẬN HÀNH, TÁC NGHIỆP",Từ chối đề nghị hủy/khôi phục khoản,QTHT,,,B,2,Đơn giản,,,,,
UC-1823,1823,HTVH,"HỖ TRỢ VẬN HÀNH, TÁC NGHIỆP",Gửi thông báo cho tài khoản bị hết hiệu lực/khôi phục hiệu lực,QTHT,,,B,2,Đơn giản,,,,,
UC-1824,1824,HTVH,"HỖ TRỢ VẬN HÀNH, TÁC NGHIỆP",Tra cứu thông báo về việc tài khoản khôi phục/hết hiệu lực cho cán bộ CIC,QTHT,,,B,3,Đơn giản,,,,,
UC-1825,1825,HTVH,"HỖ TRỢ VẬN HÀNH, TÁC NGHIỆP",Đăng nhập hệ thống Core,"QTHT, CB-TTXLDL, LĐ-TTXLDL, LĐP-TTXLDL, CB-KSDL, LĐP-KSDL, CB-TLSP, LĐ-TLSP, CB-TNYC, LĐP-TNYC (gọi chung là Người dùng)",,,B,2,Đơn giản,,,,,
UC-1826,1826,HTVH,"HỖ TRỢ VẬN HÀNH, TÁC NGHIỆP",Nhận yêu cầu xác thực danh tính (Authorication). Phản hồi nhận thông tin,"QTHT, CB-TTXLDL, LĐ-TTXLDL, LĐP-TTXLDL, CB-KSDL, LĐP-KSDL, CB-TLSP, LĐ-TLSP, CB-TNYC, LĐP-TNYC (gọi chung là Người dùng)",,,B,2,Đơn giản,,,,,
UC-1827,1827,HTVH,"HỖ TRỢ VẬN HÀNH, TÁC NGHIỆP",Xác thực thông tin tài khoản. Phản hồi thời gian chờ cho NSD,"QTHT, CB-TTXLDL, LĐ-TTXLDL, LĐP-TTXLDL, CB-KSDL, LĐP-KSDL, CB-TLSP, LĐ-TLSP, CB-TNYC, LĐP-TNYC (gọi chung là Người dùng)",,,B,2,Đơn giản,,,,,
UC-1828,1828,HTVH,"HỖ TRỢ VẬN HÀNH, TÁC NGHIỆP",Cấp Access token. Gửi cho ứng dụng yêu cầu,"QTHT, CB-TTXLDL, LĐ-TTXLDL, LĐP-TTXLDL, CB-KSDL, LĐP-KSDL, CB-TLSP, LĐ-TLSP, CB-TNYC, LĐP-TNYC (gọi chung là Người dùng)",,,B,2,Đơn giản,,,,,
UC-1829,1829,HTVH,"HỖ TRỢ VẬN HÀNH, TÁC NGHIỆP",Báo cáo thống kể về tình hình xác thực tài khoản,QTHT,,,B,4,Trung bình,,,,,
UC-1830,1830,HTVH,"HỖ TRỢ VẬN HÀNH, TÁC NGHIỆP",Quản lý thông tin phân hệ/module,QTHT,,,B,4,Trung bình,,,,,
UC-1831,1831,HTVH,"HỖ TRỢ VẬN HÀNH, TÁC NGHIỆP",Tra cứu thông tin phân hệ/module,QTHT,,,B,3,Đơn giản,,,,,
UC-1832,1832,HTVH,"HỖ TRỢ VẬN HÀNH, TÁC NGHIỆP",Quản lý danh sách chức năng theo phân hệ/Module,QTHT,,,B,4,Trung bình,,,,,
UC-1833,1833,HTVH,"HỖ TRỢ VẬN HÀNH, TÁC NGHIỆP",Tra cứu danh sách chức năng,QTHT,,,B,3,Đơn giản,,,,,
UC-1834,1834,HTVH,"HỖ TRỢ VẬN HÀNH, TÁC NGHIỆP",Hiệu lực/Hết hiệu lực chức năng,QTHT,,,B,3,Đơn giản,,,,,
UC-1835,1835,HTVH,"HỖ TRỢ VẬN HÀNH, TÁC NGHIỆP",Quản lý nhóm NSD,QTHT,,,B,4,Trung bình,,,,,
UC-1836,1836,HTVH,"HỖ TRỢ VẬN HÀNH, TÁC NGHIỆP",Tra cứu thông tin nhóm NSD,QTHT,,,B,3,Đơn giản,,,,,
UC-1837,1837,HTVH,"HỖ TRỢ VẬN HÀNH, TÁC NGHIỆP",Hủy/Kích hoạt nhóm NSD,QTHT,,,B,3,Đơn giản,,,,,
UC-1838,1838,HTVH,"HỖ TRỢ VẬN HÀNH, TÁC NGHIỆP",Quản lý nhóm quyền (nhóm chức năng theo vai trò),QTHT,,,B,4,Trung bình,,,,,
UC-1839,1839,HTVH,"HỖ TRỢ VẬN HÀNH, TÁC NGHIỆP",Tra cứu thông tin nhóm quyền,QTHT,,,B,3,Đơn giản,,,,,
UC-1840,1840,HTVH,"HỖ TRỢ VẬN HÀNH, TÁC NGHIỆP",Hủy/Kích hoạt nhóm quyền,QTHT,,,B,3,Đơn giản,,,,,
UC-1841,1841,HTVH,"HỖ TRỢ VẬN HÀNH, TÁC NGHIỆP",Thiết lập quyền theo nhóm NSD,QTHT,,,B,4,Trung bình,,,,,
UC-1842,1842,HTVH,"HỖ TRỢ VẬN HÀNH, TÁC NGHIỆP",Quản lý tiêu chí phân công xử lý công việc tự động,"LĐP-TTXLDL, LĐ-TTXLDL, LĐP-KSDL, LĐ-TLSP, LĐP-TNYC (gọi chung  là Người dùng)",,,B,4,Trung bình,,,,,
UC-1843,1843,HTVH,"HỖ TRỢ VẬN HÀNH, TÁC NGHIỆP",Tra cứu danh sách tiêu chí phân công tự động,"LĐP-TTXLDL, LĐ-TTXLDL, LĐP-KSDL, LĐ-TLSP, LĐP-TNYC (gọi chung  là Người dùng)",,,B,3,Đơn giản,,,,,
UC-1844,1844,HTVH,"HỖ TRỢ VẬN HÀNH, TÁC NGHIỆP",Hủy/Kích hoạt tiêu chí phân công tự động,"LĐP-TTXLDL, LĐ-TTXLDL, LĐP-KSDL, LĐ-TLSP, LĐP-TNYC (gọi chung  là Người dùng)",,,B,3,Đơn giản,,,,,
UC-1845,1845,HTVH,"HỖ TRỢ VẬN HÀNH, TÁC NGHIỆP",Tự động phân công cán bộ xử lý công việc,"LĐP-TTXLDL, LĐ-TTXLDL, LĐP-KSDL, LĐ-TLSP, LĐP-TNYC (gọi chung  là Người dùng)",,,B,5,Trung bình,,,,,
UC-1846,1846,HTVH,"HỖ TRỢ VẬN HÀNH, TÁC NGHIỆP",Tra cứu danh sách đã phân công của hệ thống,"LĐP-TTXLDL, LĐ-TTXLDL, LĐP-KSDL, LĐ-TLSP, LĐP-TNYC (gọi chung  là Người dùng)",,,B,3,Đơn giản,,,,,
UC-1847,1847,HTVH,"HỖ TRỢ VẬN HÀNH, TÁC NGHIỆP",Cập nhật kết quả phân công (nếu cần),"LĐP-TTXLDL, LĐ-TTXLDL, LĐP-KSDL, LĐ-TLSP, LĐP-TNYC (gọi chung  là Người dùng)",,,B,3,Đơn giản,,,,,
UC-1848,1848,HTVH,"HỖ TRỢ VẬN HÀNH, TÁC NGHIỆP",Gửi thông báo cho cán bộ xử lý kết quả xử lý,QTHT,,,B,2,Đơn giản,,,,,
UC-1849,1849,HTVH,"HỖ TRỢ VẬN HÀNH, TÁC NGHIỆP",Tra cứu thông báo gửi cho cán bộ CIC về kết quả phân công công việc,QTHT,,,B,3,Đơn giản,,,,,
UC-1850,1850,HTVH,"HỖ TRỢ VẬN HÀNH, TÁC NGHIỆP",Thiết lập quyền/phạm vi xử lý dữ liệu - tài khoản cán bộ CIC,"LĐP-TTXLDL, LĐ-TTXLDL, LĐP-KSDL, LĐ-TLSP, LĐP-TNYC (gọi chung  là Người dùng)",,,B,4,Trung bình,,,,,
UC-1851,1851,HTVH,"HỖ TRỢ VẬN HÀNH, TÁC NGHIỆP",Thiết lập quyền/phạm vi xử lý dữ liệu - tài khoản ngoài CIC,"LĐP-TTXLDL, LĐ-TTXLDL, LĐP-KSDL, LĐ-TLSP, LĐP-TNYC (gọi chung  là Người dùng)",,,B,4,Trung bình,,,,,
UC-1852,1852,HTVH,"HỖ TRỢ VẬN HÀNH, TÁC NGHIỆP",Tra cứu thông tin phân quyền/phạm vi dữ liệu - tài khoản cán bộ CIC,"LĐP-TTXLDL, LĐ-TTXLDL, LĐP-KSDL, LĐ-TLSP, LĐP-TNYC (gọi chung  là Người dùng)",,,B,3,Đơn giản,,,,,
UC-1853,1853,HTVH,"HỖ TRỢ VẬN HÀNH, TÁC NGHIỆP",Tra cứu thông tin phân quyền/phạm vi dữ liệu - tài khoản ngoài CIC,"LĐP-TTXLDL, LĐ-TTXLDL, LĐP-KSDL, LĐ-TLSP, LĐP-TNYC (gọi chung  là Người dùng)",,,B,3,Đơn giản,,,,,
UC-1854,1854,HTVH,"HỖ TRỢ VẬN HÀNH, TÁC NGHIỆP",Báo cáo quản trị NSD - tài khoản cán bộ CIC,QTHT,,,B,4,Trung bình,,,,,
UC-1855,1855,HTVH,"HỖ TRỢ VẬN HÀNH, TÁC NGHIỆP",Báo cáo quản trị NSD - tài khoản ngoài CIC,QTHT,,,B,4,Trung bình,,,,,
UC-1856,1856,HTVH,"HỖ TRỢ VẬN HÀNH, TÁC NGHIỆP",Báo cáo quản trị về nhóm quyền trên hệ thống,QTHT,,,B,4,Trung bình,,,,,
UC-1857,1857,HTVH,"HỖ TRỢ VẬN HÀNH, TÁC NGHIỆP","Quản lý Danh mục mã tỉnh, thành phố",QTHT,,,B,4,Trung bình,,,,,
UC-1858,1858,HTVH,"HỖ TRỢ VẬN HÀNH, TÁC NGHIỆP","Tra cứu danh mục mã tỉnh, thành phố",QTHT,,,B,3,Đơn giản,,,,,
UC-1859,1859,HTVH,"HỖ TRỢ VẬN HÀNH, TÁC NGHIỆP","Hết hiệu lực/Hiệu lực danh mục mã tỉnh, thành phố",QTHT,,,B,3,Đơn giản,,,,,
UC-1860,1860,HTVH,"HỖ TRỢ VẬN HÀNH, TÁC NGHIỆP","Phê duyệt danh mục mã tỉnh, thành phố",QTHT,,,B,2,Đơn giản,,,,,
UC-1861,1861,HTVH,"HỖ TRỢ VẬN HÀNH, TÁC NGHIỆP","Từ chối danh mục mã tỉnh, thành phố",QTHT,,,B,2,Đơn giản,,,,,
UC-1862,1862,HTVH,"HỖ TRỢ VẬN HÀNH, TÁC NGHIỆP",Quản lý Danh mục mã loại hình tổ chức,QTHT,,,B,4,Trung bình,,,,,
UC-1863,1863,HTVH,"HỖ TRỢ VẬN HÀNH, TÁC NGHIỆP",Tra cứu danh mục mã loại hình tổ chức,QTHT,,,B,3,Đơn giản,,,,,
UC-1864,1864,HTVH,"HỖ TRỢ VẬN HÀNH, TÁC NGHIỆP",Hết hiệu lực/Hiệu lực danh mục mã loại hình tổ chức,QTHT,,,B,3,Đơn giản,,,,,
UC-1865,1865,HTVH,"HỖ TRỢ VẬN HÀNH, TÁC NGHIỆP",Phê duyệt danh mục mã loại hình tổ chức,QTHT,,,B,2,Đơn giản,,,,,
UC-1866,1866,HTVH,"HỖ TRỢ VẬN HÀNH, TÁC NGHIỆP",Từ chối danh mục mã loại hình tổ chức,QTHT,,,B,2,Đơn giản,,,,,
UC-1867,1867,HTVH,"HỖ TRỢ VẬN HÀNH, TÁC NGHIỆP",Quản lý Danh mục mã người có liên quan,QTHT,,,B,4,Trung bình,,,,,
UC-1868,1868,HTVH,"HỖ TRỢ VẬN HÀNH, TÁC NGHIỆP",Tra cứu danh mục mã người có liên quan,QTHT,,,B,3,Đơn giản,,,,,
UC-1869,1869,HTVH,"HỖ TRỢ VẬN HÀNH, TÁC NGHIỆP",Hết hiệu lực/Hiệu lực danh mục mã người có liên quan,QTHT,,,B,3,Đơn giản,,,,,
UC-1870,1870,HTVH,"HỖ TRỢ VẬN HÀNH, TÁC NGHIỆP",Phê duyệt danh mục mã người có liên quan,QTHT,,,B,2,Đơn giản,,,,,
UC-1871,1871,HTVH,"HỖ TRỢ VẬN HÀNH, TÁC NGHIỆP",Từ chối danh mục mã người có liên quan,QTHT,,,B,2,Đơn giản,,,,,
UC-1872,1872,HTVH,"HỖ TRỢ VẬN HÀNH, TÁC NGHIỆP",Quản lý Danh mục mã ký hiệu các loại tiền,QTHT,,,B,4,Trung bình,,,,,
UC-1873,1873,HTVH,"HỖ TRỢ VẬN HÀNH, TÁC NGHIỆP",Tra cứu danh mục mã ký hiệu các loại tiền,QTHT,,,B,3,Đơn giản,,,,,
UC-1874,1874,HTVH,"HỖ TRỢ VẬN HÀNH, TÁC NGHIỆP",Hết hiệu lực/Hiệu lực danh mục mã ký hiệu các loại tiền,QTHT,,,B,3,Đơn giản,,,,,
UC-1875,1875,HTVH,"HỖ TRỢ VẬN HÀNH, TÁC NGHIỆP",Phê duyệt danh mục mã ký hiệu các loại tiền,QTHT,,,B,2,Đơn giản,,,,,
UC-1876,1876,HTVH,"HỖ TRỢ VẬN HÀNH, TÁC NGHIỆP",Từ chối danh mục mã ký hiệu các loại tiền,QTHT,,,B,2,Đơn giản,,,,,
UC-1877,1877,HTVH,"HỖ TRỢ VẬN HÀNH, TÁC NGHIỆP",Quản lý Danh mục mã ngành kinh tế,QTHT,,,B,4,Trung bình,,,,,
UC-1878,1878,HTVH,"HỖ TRỢ VẬN HÀNH, TÁC NGHIỆP",Tra cứu danh mục mã ngành kinh tế,QTHT,,,B,3,Đơn giản,,,,,
UC-1879,1879,HTVH,"HỖ TRỢ VẬN HÀNH, TÁC NGHIỆP",Hết hiệu lực/Hiệu lực danh mục mã ngành kinh tế,QTHT,,,B,3,Đơn giản,,,,,
UC-1880,1880,HTVH,"HỖ TRỢ VẬN HÀNH, TÁC NGHIỆP",Phê duyệt danh mục mã ngành kinh tế,QTHT,,,B,2,Đơn giản,,,,,
UC-1881,1881,HTVH,"HỖ TRỢ VẬN HÀNH, TÁC NGHIỆP",Từ chối danh mục mã ngành kinh tế,QTHT,,,B,2,Đơn giản,,,,,
UC-1882,1882,HTVH,"HỖ TRỢ VẬN HÀNH, TÁC NGHIỆP",Quản lý Danh mục mã mục đích sử dụng tiền vay,QTHT,,,B,4,Trung bình,,,,,
UC-1883,1883,HTVH,"HỖ TRỢ VẬN HÀNH, TÁC NGHIỆP",Tra cứu danh mục mã mục đích sử dụng tiền vay,QTHT,,,B,3,Đơn giản,,,,,
UC-1884,1884,HTVH,"HỖ TRỢ VẬN HÀNH, TÁC NGHIỆP",Hết hiệu lực/Hiệu lực danh mục mã mục đích sử dụng tiền vay,QTHT,,,B,3,Đơn giản,,,,,
UC-1885,1885,HTVH,"HỖ TRỢ VẬN HÀNH, TÁC NGHIỆP",Phê duyệt danh mục mã mục đích sử dụng tiền vay,QTHT,,,B,2,Đơn giản,,,,,
UC-1886,1886,HTVH,"HỖ TRỢ VẬN HÀNH, TÁC NGHIỆP",Từ chối danh mục mã mục đích sử dụng tiền vay,QTHT,,,B,2,Đơn giản,,,,,
UC-1887,1887,HTVH,"HỖ TRỢ VẬN HÀNH, TÁC NGHIỆP",Quản lý Danh mục mã thời hạn cấp tín dụng,QTHT,,,B,4,Trung bình,,,,,
UC-1888,1888,HTVH,"HỖ TRỢ VẬN HÀNH, TÁC NGHIỆP",Tra cứu danh mục mã thời hạn cấp tín dụng,QTHT,,,B,3,Đơn giản,,,,,
UC-1889,1889,HTVH,"HỖ TRỢ VẬN HÀNH, TÁC NGHIỆP",Hết hiệu lực/Hiệu lực danh mục mã thời hạn cấp tín dụng,QTHT,,,B,3,Đơn giản,,,,,
UC-1890,1890,HTVH,"HỖ TRỢ VẬN HÀNH, TÁC NGHIỆP",Phê duyệt danh mục mã thời hạn cấp tín dụng,QTHT,,,B,2,Đơn giản,,,,,
UC-1891,1891,HTVH,"HỖ TRỢ VẬN HÀNH, TÁC NGHIỆP",Từ chối danh mục mã thời hạn cấp tín dụng,QTHT,,,B,2,Đơn giản,,,,,
UC-1892,1892,HTVH,"HỖ TRỢ VẬN HÀNH, TÁC NGHIỆP",Quản lý Danh mục mã hình thức cấp tín dụng,QTHT,,,B,4,Trung bình,,,,,
UC-1893,1893,HTVH,"HỖ TRỢ VẬN HÀNH, TÁC NGHIỆP",Tra cứu danh mục mã hình thức cấp tín dụng,QTHT,,,B,3,Đơn giản,,,,,
UC-1894,1894,HTVH,"HỖ TRỢ VẬN HÀNH, TÁC NGHIỆP",Hết hiệu lực/Hiệu lực danh mục mã hình thức cấp tín dụng,QTHT,,,B,3,Đơn giản,,,,,
UC-1895,1895,HTVH,"HỖ TRỢ VẬN HÀNH, TÁC NGHIỆP",Phê duyệt danh mục mã hình thức cấp tín dụng,QTHT,,,B,2,Đơn giản,,,,,
UC-1896,1896,HTVH,"HỖ TRỢ VẬN HÀNH, TÁC NGHIỆP",Từ chối danh mục mã hình thức cấp tín dụng,QTHT,,,B,2,Đơn giản,,,,,
UC-1897,1897,HTVH,"HỖ TRỢ VẬN HÀNH, TÁC NGHIỆP",Quản lý Danh mục mã phương thức cho vay,QTHT,,,B,4,Trung bình,,,,,
UC-1898,1898,HTVH,"HỖ TRỢ VẬN HÀNH, TÁC NGHIỆP",Tra cứu danh mục mã phương thức cho vay,QTHT,,,B,3,Đơn giản,,,,,
UC-1899,1899,HTVH,"HỖ TRỢ VẬN HÀNH, TÁC NGHIỆP",Hết hiệu lực/Hiệu lực danh mục mã phương thức cho vay,QTHT,,,B,3,Đơn giản,,,,,
UC-1900,1900,HTVH,"HỖ TRỢ VẬN HÀNH, TÁC NGHIỆP",Phê duyệt danh mục mã phương thức cho vay,QTHT,,,B,2,Đơn giản,,,,,
UC-1901,1901,HTVH,"HỖ TRỢ VẬN HÀNH, TÁC NGHIỆP",Từ chối danh mục mã phương thức cho vay,QTHT,,,B,2,Đơn giản,,,,,
UC-1902,1902,HTVH,"HỖ TRỢ VẬN HÀNH, TÁC NGHIỆP",Quản lý Danh mục mã nhóm nợ,QTHT,,,B,4,Trung bình,,,,,
UC-1903,1903,HTVH,"HỖ TRỢ VẬN HÀNH, TÁC NGHIỆP",Tra cứu danh mục mã nhóm nợ,QTHT,,,B,3,Đơn giản,,,,,
UC-1904,1904,HTVH,"HỖ TRỢ VẬN HÀNH, TÁC NGHIỆP",Hết hiệu lực/Hiệu lực danh mục mã nhóm nợ,QTHT,,,B,3,Đơn giản,,,,,
UC-1905,1905,HTVH,"HỖ TRỢ VẬN HÀNH, TÁC NGHIỆP",Phê duyệt danh mục mã nhóm nợ,QTHT,,,B,2,Đơn giản,,,,,
UC-1906,1906,HTVH,"HỖ TRỢ VẬN HÀNH, TÁC NGHIỆP",Từ chối danh mục mã nhóm nợ,QTHT,,,B,2,Đơn giản,,,,,
UC-1907,1907,HTVH,"HỖ TRỢ VẬN HÀNH, TÁC NGHIỆP",Quản lý Danh mục mã loại đảm bảo cấp tín dụng,QTHT,,,B,4,Trung bình,,,,,
UC-1908,1908,HTVH,"HỖ TRỢ VẬN HÀNH, TÁC NGHIỆP",Tra cứu danh mục mã loại đảm bảo cấp tín dụng,QTHT,,,B,3,Đơn giản,,,,,
UC-1909,1909,HTVH,"HỖ TRỢ VẬN HÀNH, TÁC NGHIỆP",Hết hiệu lực/Hiệu lực danh mục mã loại đảm bảo cấp tín dụng,QTHT,,,B,3,Đơn giản,,,,,
UC-1910,1910,HTVH,"HỖ TRỢ VẬN HÀNH, TÁC NGHIỆP",Phê duyệt danh mục mã loại đảm bảo cấp tín dụng,QTHT,,,B,2,Đơn giản,,,,,
UC-1911,1911,HTVH,"HỖ TRỢ VẬN HÀNH, TÁC NGHIỆP",Từ chối danh mục mã loại đảm bảo cấp tín dụng,QTHT,,,B,2,Đơn giản,,,,,
UC-1912,1912,HTVH,"HỖ TRỢ VẬN HÀNH, TÁC NGHIỆP",Quản lý Danh mục mã mục đích phát hành trái phiếu,QTHT,,,B,4,Trung bình,,,,,
UC-1913,1913,HTVH,"HỖ TRỢ VẬN HÀNH, TÁC NGHIỆP",Tra cứu danh mục mã mục đích phát hành trái phiếu,QTHT,,,B,3,Đơn giản,,,,,
UC-1914,1914,HTVH,"HỖ TRỢ VẬN HÀNH, TÁC NGHIỆP",Hết hiệu lực/Hiệu lực danh mục mã mục đích phát hành trái phiếu,QTHT,,,B,3,Đơn giản,,,,,
UC-1915,1915,HTVH,"HỖ TRỢ VẬN HÀNH, TÁC NGHIỆP",Phê duyệt danh mục mã mục đích phát hành trái phiếu,QTHT,,,B,2,Đơn giản,,,,,
UC-1916,1916,HTVH,"HỖ TRỢ VẬN HÀNH, TÁC NGHIỆP",Từ chối danh mục mã mục đích phát hành trái phiếu,QTHT,,,B,2,Đơn giản,,,,,
UC-1917,1917,HTVH,"HỖ TRỢ VẬN HÀNH, TÁC NGHIỆP",Quản lý Danh mục mã hình thức xử lý nợ xấu,QTHT,,,B,4,Trung bình,,,,,
UC-1918,1918,HTVH,"HỖ TRỢ VẬN HÀNH, TÁC NGHIỆP",Tra cứu danh mục mã hình thức xử lý nợ xấu,QTHT,,,B,3,Đơn giản,,,,,
UC-1919,1919,HTVH,"HỖ TRỢ VẬN HÀNH, TÁC NGHIỆP",Hết hiệu lực/Hiệu lực danh mục mã hình thức xử lý nợ xấu,QTHT,,,B,3,Đơn giản,,,,,
UC-1920,1920,HTVH,"HỖ TRỢ VẬN HÀNH, TÁC NGHIỆP",Phê duyệt danh mục mã hình thức xử lý nợ xấu,QTHT,,,B,2,Đơn giản,,,,,
UC-1921,1921,HTVH,"HỖ TRỢ VẬN HÀNH, TÁC NGHIỆP",Từ chối danh mục mã hình thức xử lý nợ xấu,QTHT,,,B,2,Đơn giản,,,,,
UC-1922,1922,HTVH,"HỖ TRỢ VẬN HÀNH, TÁC NGHIỆP",Quản lý Danh mục mã nghiệp vụ cam kết ngoại bảng,QTHT,,,B,4,Trung bình,,,,,
UC-1923,1923,HTVH,"HỖ TRỢ VẬN HÀNH, TÁC NGHIỆP",Tra cứu danh mục mã nghiệp vụ cam kết ngoại bảng,QTHT,,,B,3,Đơn giản,,,,,
UC-1924,1924,HTVH,"HỖ TRỢ VẬN HÀNH, TÁC NGHIỆP",Hết hiệu lực/Hiệu lực danh mục mã nghiệp vụ cam kết ngoại bảng,QTHT,,,B,3,Đơn giản,,,,,
UC-1925,1925,HTVH,"HỖ TRỢ VẬN HÀNH, TÁC NGHIỆP",Phê duyệt danh mục mã nghiệp vụ cam kết ngoại bảng,QTHT,,,B,2,Đơn giản,,,,,
UC-1926,1926,HTVH,"HỖ TRỢ VẬN HÀNH, TÁC NGHIỆP",Từ chối danh mục mã nghiệp vụ cam kết ngoại bảng,QTHT,,,B,2,Đơn giản,,,,,
UC-1927,1927,HTVH,"HỖ TRỢ VẬN HÀNH, TÁC NGHIỆP",Quản lý Danh mục mã lý do phân nhóm nợ,QTHT,,,B,4,Trung bình,,,,,
UC-1928,1928,HTVH,"HỖ TRỢ VẬN HÀNH, TÁC NGHIỆP",Tra cứu danh mục mã lý do phân nhóm nợ,QTHT,,,B,3,Đơn giản,,,,,
UC-1929,1929,HTVH,"HỖ TRỢ VẬN HÀNH, TÁC NGHIỆP",Hết hiệu lực/Hiệu lực danh mục mã lý do phân nhóm nợ,QTHT,,,B,3,Đơn giản,,,,,
UC-1930,1930,HTVH,"HỖ TRỢ VẬN HÀNH, TÁC NGHIỆP",Phê duyệt danh mục mã lý do phân nhóm nợ,QTHT,,,B,2,Đơn giản,,,,,
UC-1931,1931,HTVH,"HỖ TRỢ VẬN HÀNH, TÁC NGHIỆP",Từ chối danh mục mã lý do phân nhóm nợ,QTHT,,,B,2,Đơn giản,,,,,
UC-1932,1932,HTVH,"HỖ TRỢ VẬN HÀNH, TÁC NGHIỆP",Quản lý Danh mục đầu mối báo cáo,QTHT,,,B,4,Trung bình,,,,,
UC-1933,1933,HTVH,"HỖ TRỢ VẬN HÀNH, TÁC NGHIỆP",Tra cứu danh mục đầu mối báo cáo,QTHT,,,B,3,Đơn giản,,,,,
UC-1934,1934,HTVH,"HỖ TRỢ VẬN HÀNH, TÁC NGHIỆP",Hết hiệu lực/Hiệu lực danh mục đầu mối báo cáo,QTHT,,,B,3,Đơn giản,,,,,
UC-1935,1935,HTVH,"HỖ TRỢ VẬN HÀNH, TÁC NGHIỆP",Phê duyệt danh mục đầu mối báo cáo,QTHT,,,B,2,Đơn giản,,,,,
UC-1936,1936,HTVH,"HỖ TRỢ VẬN HÀNH, TÁC NGHIỆP",Từ chối danh mục đầu mối báo cáo,QTHT,,,B,2,Đơn giản,,,,,
UC-1937,1937,HTVH,"HỖ TRỢ VẬN HÀNH, TÁC NGHIỆP",Quản lý Danh mục khối TCTD,QTHT,,,B,4,Trung bình,,,,,
UC-1938,1938,HTVH,"HỖ TRỢ VẬN HÀNH, TÁC NGHIỆP",Tra cứu danh mục khối TCTD,QTHT,,,B,3,Đơn giản,,,,,
UC-1939,1939,HTVH,"HỖ TRỢ VẬN HÀNH, TÁC NGHIỆP",Hết hiệu lực/Hiệu lực danh mục khối TCTD,QTHT,,,B,3,Đơn giản,,,,,
UC-1940,1940,HTVH,"HỖ TRỢ VẬN HÀNH, TÁC NGHIỆP",Phê duyệt danh mục khối TCTD,QTHT,,,B,2,Đơn giản,,,,,
UC-1941,1941,HTVH,"HỖ TRỢ VẬN HÀNH, TÁC NGHIỆP",Từ chối danh mục khối TCTD,QTHT,,,B,2,Đơn giản,,,,,
UC-1942,1942,HTVH,"HỖ TRỢ VẬN HÀNH, TÁC NGHIỆP",Quản lý Danh mục TCTD/CNTCTD,QTHT,,,B,4,Trung bình,,,,,
UC-1943,1943,HTVH,"HỖ TRỢ VẬN HÀNH, TÁC NGHIỆP",Tra cứu danh mục TCTD/CNTCTD,QTHT,,,B,3,Đơn giản,,,,,
UC-1944,1944,HTVH,"HỖ TRỢ VẬN HÀNH, TÁC NGHIỆP",Hết hiệu lực/Hiệu lực danh mục TCTD/CNTCTD,QTHT,,,B,3,Đơn giản,,,,,
UC-1945,1945,HTVH,"HỖ TRỢ VẬN HÀNH, TÁC NGHIỆP",Phê duyệt danh mục TCTD/CNTCTD,QTHT,,,B,2,Đơn giản,,,,,
UC-1946,1946,HTVH,"HỖ TRỢ VẬN HÀNH, TÁC NGHIỆP",Từ chối danh mục TCTD/CNTCTD,QTHT,,,B,2,Đơn giản,,,,,
UC-1947,1947,HTVH,"HỖ TRỢ VẬN HÀNH, TÁC NGHIỆP",Quản lý Danh mục TCTD/CNTCTD khác,QTHT,,,B,4,Trung bình,,,,,
UC-1948,1948,HTVH,"HỖ TRỢ VẬN HÀNH, TÁC NGHIỆP",Tra cứu danh mục TCTD/CNTCTD khác,QTHT,,,B,3,Đơn giản,,,,,
UC-1949,1949,HTVH,"HỖ TRỢ VẬN HÀNH, TÁC NGHIỆP",Hết hiệu lực/Hiệu lực danh mục TCTD/CNTCTD khác,QTHT,,,B,3,Đơn giản,,,,,
UC-1950,1950,HTVH,"HỖ TRỢ VẬN HÀNH, TÁC NGHIỆP",Phê duyệt danh mục TCTD/CNTCTD khác,QTHT,,,B,2,Đơn giản,,,,,
UC-1951,1951,HTVH,"HỖ TRỢ VẬN HÀNH, TÁC NGHIỆP",Từ chối danh mục TCTD/CNTCTD khác,QTHT,,,B,2,Đơn giản,,,,,
UC-1952,1952,HTVH,"HỖ TRỢ VẬN HÀNH, TÁC NGHIỆP",Quản lý Danh mục nhóm loại TCTD,QTHT,,,B,4,Trung bình,,,,,
UC-1953,1953,HTVH,"HỖ TRỢ VẬN HÀNH, TÁC NGHIỆP",Tra cứu danh mục nhóm loại TCTD,QTHT,,,B,3,Đơn giản,,,,,
UC-1954,1954,HTVH,"HỖ TRỢ VẬN HÀNH, TÁC NGHIỆP",Hết hiệu lực/Hiệu lực danh mục nhóm loại TCTD,QTHT,,,B,3,Đơn giản,,,,,
UC-1955,1955,HTVH,"HỖ TRỢ VẬN HÀNH, TÁC NGHIỆP",Phê duyệt danh mục nhóm loại TCTD,QTHT,,,B,2,Đơn giản,,,,,
UC-1956,1956,HTVH,"HỖ TRỢ VẬN HÀNH, TÁC NGHIỆP",Từ chối danh mục nhóm loại TCTD,QTHT,,,B,2,Đơn giản,,,,,
UC-1957,1957,HTVH,"HỖ TRỢ VẬN HÀNH, TÁC NGHIỆP",Quản lý Danh mục vùng miền,QTHT,,,B,4,Trung bình,,,,,
UC-1958,1958,HTVH,"HỖ TRỢ VẬN HÀNH, TÁC NGHIỆP",Tra cứu danh mục vùng miền,QTHT,,,B,3,Đơn giản,,,,,
UC-1959,1959,HTVH,"HỖ TRỢ VẬN HÀNH, TÁC NGHIỆP",Hết hiệu lực/Hiệu lực danh mục vùng miền,QTHT,,,B,3,Đơn giản,,,,,
UC-1960,1960,HTVH,"HỖ TRỢ VẬN HÀNH, TÁC NGHIỆP",Phê duyệt danh mục vùng miền,QTHT,,,B,2,Đơn giản,,,,,
UC-1961,1961,HTVH,"HỖ TRỢ VẬN HÀNH, TÁC NGHIỆP",Từ chối danh mục vùng miền,QTHT,,,B,2,Đơn giản,,,,,
UC-1962,1962,HTVH,"HỖ TRỢ VẬN HÀNH, TÁC NGHIỆP",Quản lý Danh mục quận huyện,QTHT,,,B,4,Trung bình,,,,,
UC-1963,1963,HTVH,"HỖ TRỢ VẬN HÀNH, TÁC NGHIỆP",Tra cứu danh mục quận huyện,QTHT,,,B,3,Đơn giản,,,,,
UC-1964,1964,HTVH,"HỖ TRỢ VẬN HÀNH, TÁC NGHIỆP",Hết hiệu lực/Hiệu lực danh mục quận huyện,QTHT,,,B,3,Đơn giản,,,,,
UC-1965,1965,HTVH,"HỖ TRỢ VẬN HÀNH, TÁC NGHIỆP",Phê duyệt danh mục quận huyện,QTHT,,,B,2,Đơn giản,,,,,
UC-1966,1966,HTVH,"HỖ TRỢ VẬN HÀNH, TÁC NGHIỆP",Từ chối danh mục quận huyện,QTHT,,,B,2,Đơn giản,,,,,
UC-1967,1967,HTVH,"HỖ TRỢ VẬN HÀNH, TÁC NGHIỆP",Quản lý Danh mục loại hình doanh nghiệp,QTHT,,,B,4,Trung bình,,,,,
UC-1968,1968,HTVH,"HỖ TRỢ VẬN HÀNH, TÁC NGHIỆP",Tra cứu danh mục loại hình doanh nghiệp,QTHT,,,B,3,Đơn giản,,,,,
UC-1969,1969,HTVH,"HỖ TRỢ VẬN HÀNH, TÁC NGHIỆP",Hết hiệu lực/Hiệu lực danh mục loại hình doanh nghiệp,QTHT,,,B,3,Đơn giản,,,,,
UC-1970,1970,HTVH,"HỖ TRỢ VẬN HÀNH, TÁC NGHIỆP",Phê duyệt danh mục loại hình doanh nghiệp,QTHT,,,B,2,Đơn giản,,,,,
UC-1971,1971,HTVH,"HỖ TRỢ VẬN HÀNH, TÁC NGHIỆP",Từ chối danh mục loại hình doanh nghiệp,QTHT,,,B,2,Đơn giản,,,,,
UC-1972,1972,HTVH,"HỖ TRỢ VẬN HÀNH, TÁC NGHIỆP",Quản lý danh mục tỷ giá,QTHT,,,B,4,Trung bình,,,,,
UC-1973,1973,HTVH,"HỖ TRỢ VẬN HÀNH, TÁC NGHIỆP",Tra cứu danh mục tỷ giá,QTHT,,,B,3,Đơn giản,,,,,
UC-1974,1974,HTVH,"HỖ TRỢ VẬN HÀNH, TÁC NGHIỆP",Hết hiệu lực/Hiệu lực danh mục tỷ giá,QTHT,,,B,3,Đơn giản,,,,,
UC-1975,1975,HTVH,"HỖ TRỢ VẬN HÀNH, TÁC NGHIỆP",Phê duyệt danh mục tỷ giá,QTHT,,,B,2,Đơn giản,,,,,
UC-1976,1976,HTVH,"HỖ TRỢ VẬN HÀNH, TÁC NGHIỆP",Từ chối danh mục tỷ giá,QTHT,,,B,2,Đơn giản,,,,,
UC-1977,1977,BCTK,BÁO CÁO THỐNG KÊ,Báo cáo chấm điểm TCTD theo tiêu chí tỷ lệ hồ sơ của tổ chức có đủ chỉ tiêu theo quy định,"CB-KSDL, LĐ-KSDL (gọi chung là Người dùng)",,,B,4,Trung bình,,,,,
UC-1978,1978,BCTK,BÁO CÁO THỐNG KÊ,Báo cáo chấm điểm TCTD theo tỷ lệ hồ sơ của tổ chức lỗi,"CB-KSDL, LĐ-KSDL (gọi chung là Người dùng)",,,B,4,Trung bình,,,,,
UC-1979,1979,BCTK,BÁO CÁO THỐNG KÊ,Báo cáo chấm điểm TCTD theo thời gian gửi tệp D101 so với tệp D321,"CB-KSDL, LĐ-KSDL (gọi chung là Người dùng)",,,B,4,Trung bình,,,,,
UC-1980,1980,BCTK,BÁO CÁO THỐNG KÊ,Báo cáo chấm điểm TCTD theo tỷ lệ hồ sơ cá nhân có đủ chỉ tiêu theo quy định,"CB-KSDL, LĐ-KSDL (gọi chung là Người dùng)",,,B,4,Trung bình,,,,,
UC-1981,1981,BCTK,BÁO CÁO THỐNG KÊ,Báo cáo chấm điểm TCTD theo tỷ lệ hồ sơ cá nhân lỗi,"CB-KSDL, LĐ-KSDL (gọi chung là Người dùng)",,,B,4,Trung bình,,,,,
UC-1982,1982,BCTK,BÁO CÁO THỐNG KÊ,Báo cáo chấm điểm TCTD theo thời gian gửi tệp D102 so với tệp D322,"CB-KSDL, LĐ-KSDL (gọi chung là Người dùng)",,,B,4,Trung bình,,,,,
UC-1983,1983,BCTK,BÁO CÁO THỐNG KÊ,Báo cáo chấm điểm TCTD theo tỷ lệ hồ sơ chủ thẻ tín dụng có đủ chỉ tiêu theo quy định,"CB-KSDL, LĐ-KSDL (gọi chung là Người dùng)",,,B,4,Trung bình,,,,,
UC-1984,1984,BCTK,BÁO CÁO THỐNG KÊ,Báo cáo chấm điểm TCTD theo tỷ lệ hồ sơ chủ thẻ tín dụng lỗi,"CB-KSDL, LĐ-KSDL (gọi chung là Người dùng)",,,B,4,Trung bình,,,,,
UC-1985,1985,BCTK,BÁO CÁO THỐNG KÊ,Báo cáo chấm điểm TCTD theo thời gian gửi tệp D113 so với tệp D33,"CB-KSDL, LĐ-KSDL (gọi chung là Người dùng)",,,B,4,Trung bình,,,,,
UC-1986,1986,BCTK,BÁO CÁO THỐNG KÊ,Báo cáo chấm điểm TCTD theo tỷ lệ khách hàng có báo cáo lưu chuyển tiền tệ,"CB-KSDL, LĐ-KSDL (gọi chung là Người dùng)",,,B,4,Trung bình,,,,,
UC-1987,1987,BCTK,BÁO CÁO THỐNG KÊ,Báo cáo chấm điểm TCTD theo tỷ lệ hồ sơ BCTC lỗi,"CB-KSDL, LĐ-KSDL (gọi chung là Người dùng)",,,B,4,Trung bình,,,,,
UC-1988,1988,BCTK,BÁO CÁO THỐNG KÊ,Báo cáo chấm điểm TCTD theo tỷ lệ báo cáo tài chính gửi bằng file,"CB-KSDL, LĐ-KSDL (gọi chung là Người dùng)",,,B,4,Trung bình,,,,,
UC-1989,1989,BCTK,BÁO CÁO THỐNG KÊ,Báo cáo chấm điểm TCTD theo tỷ lệ gửi báo cáo tài chính so với tổng sổ khách hàng có dư nợ,"CB-KSDL, LĐ-KSDL (gọi chung là Người dùng)",,,B,4,Trung bình,,,,,
UC-1990,1990,BCTK,BÁO CÁO THỐNG KÊ,Báo cáo chấm điểm TCTD theo tỷ lệ hồ sơ thông tin quan hệ tín dụng khách hàng vay có đủ chỉ tiêu theo quy định,"CB-KSDL, LĐ-KSDL (gọi chung là Người dùng)",,,B,4,Trung bình,,,,,
UC-1991,1991,BCTK,BÁO CÁO THỐNG KÊ,"Báo cáo chấm điểm TCTD theo tỷ lệ hồ sơ quan hệ tín dụng
 bi lỗi so với tổng hồ sơ quan hê tín dụng đã gửi","CB-KSDL, LĐ-KSDL (gọi chung là Người dùng)",,,B,4,Trung bình,,,,,
UC-1992,1992,BCTK,BÁO CÁO THỐNG KÊ,Báo cáo chấm điểm TCTD theo tiêu chí thời gian gửi tệp D32,"CB-KSDL, LĐ-KSDL (gọi chung là Người dùng)",,,B,4,Trung bình,,,,,
UC-1993,1993,BCTK,BÁO CÁO THỐNG KÊ,Báo cáo chấm điểm TCTD theo tiêu chí thông tin hợp đồng tín dụng cuối tháng có đủ chỉ tiêu theo quy định,"CB-KSDL, LĐ-KSDL (gọi chung là Người dùng)",,,B,4,Trung bình,,,,,
UC-1994,1994,BCTK,BÁO CÁO THỐNG KÊ,Báo cáo chấm điểm TCTD theo tỷ lệ hồ sơ hợp đồng tín dụng cuối tháng bị lỗi so với số lượng hồ sơ hợp đồng tín dụng cuối tháng đã gửi,"CB-KSDL, LĐ-KSDL (gọi chung là Người dùng)",,,B,4,Trung bình,,,,,
UC-1995,1995,BCTK,BÁO CÁO THỐNG KÊ,Báo cáo chấm điểm TCTD theo thời gian gửi tệp K31X3,"CB-KSDL, LĐ-KSDL (gọi chung là Người dùng)",,,B,4,Trung bình,,,,,
UC-1996,1996,BCTK,BÁO CÁO THỐNG KÊ,Báo cáo chấm điểm TCTD theo tỷ lệ khế ước có đủ chỉ tiêu theo quy định,"CB-KSDL, LĐ-KSDL (gọi chung là Người dùng)",,,B,4,Trung bình,,,,,
UC-1997,1997,BCTK,BÁO CÁO THỐNG KÊ,Báo cáo chấm điểm TCTD theo tỷ lệ hồ sơ họp đồng tín dụng phát sinh bị lỗi so với số lượng hợp đồng tín dụng phát sinh đã gửi,"CB-KSDL, LĐ-KSDL (gọi chung là Người dùng)",,,B,4,Trung bình,,,,,
UC-1998,1998,BCTK,BÁO CÁO THỐNG KÊ,Báo cáo chấm điểm TCTD theo tỷ lệ số kỳ đã báo cáo so với tổng số kỳ phải báo cáo trong tháng,"CB-KSDL, LĐ-KSDL (gọi chung là Người dùng)",,,B,4,Trung bình,,,,,
UC-1999,1999,BCTK,BÁO CÁO THỐNG KÊ,Báo cáo chấm điểm TCTD theo thời gian gửi tệp K3IX,"CB-KSDL, LĐ-KSDL (gọi chung là Người dùng)",,,B,4,Trung bình,,,,,
UC-2000,2000,BCTK,BÁO CÁO THỐNG KÊ,Báo cáo chấm điểm TCTD theo tỷ lệ hồ sơ tình trạng tài khoản thẻ tín dụng đủ chỉ tiêu theo quy định,"CB-KSDL, LĐ-KSDL (gọi chung là Người dùng)",,,B,4,Trung bình,,,,,
UC-2001,2001,BCTK,BÁO CÁO THỐNG KÊ,Báo cáo chấm điểm TCTD theo tỷ lệ hồ sơ tình trạng tài khoản thẻ tín dụng bị lỗi so với số lượng hồ sơ tình trạng tài khoản thẻ tín dụng dã gửi,"CB-KSDL, LĐ-KSDL (gọi chung là Người dùng)",,,B,4,Trung bình,,,,,
UC-2002,2002,BCTK,BÁO CÁO THỐNG KÊ,Báo cáo chấm điểm TCTD theo thời gian gửi tệp D33,"CB-KSDL, LĐ-KSDL (gọi chung là Người dùng)",,,B,4,Trung bình,,,,,
UC-2003,2003,BCTK,BÁO CÁO THỐNG KÊ,Báo cáo chấm điểm TCTD theo tỷ lệ hồ sơ bảo đảm tiền vay có đủ chỉ tiêu theo quy định,"CB-KSDL, LĐ-KSDL (gọi chung là Người dùng)",,,B,4,Trung bình,,,,,
UC-2004,2004,BCTK,BÁO CÁO THỐNG KÊ,Báo cáo chấm điểm TCTD theo tỷ lệ hồ sơ bảo đảm tiền vay bị lỗi so với sổ lượng hồ sơ bảo đảm tiền vay đã gửi,"CB-KSDL, LĐ-KSDL (gọi chung là Người dùng)",,,B,4,Trung bình,,,,,
UC-2005,2005,BCTK,BÁO CÁO THỐNG KÊ,Báo cáo chấm điểm TCTD theo thời gian gửi tệp D4,"CB-KSDL, LĐ-KSDL (gọi chung là Người dùng)",,,B,4,Trung bình,,,,,
UC-2006,2006,BCTK,BÁO CÁO THỐNG KÊ,Báo cáo chấm điểm TCTD theo tỷ lệ hồ sơ trái phiếu có đủ chỉ tiêu theo quy định,"CB-KSDL, LĐ-KSDL (gọi chung là Người dùng)",,,B,4,Trung bình,,,,,
UC-2007,2007,BCTK,BÁO CÁO THỐNG KÊ,Báo cáo chấm điểm TCTD theo số lượng hồ sơ trái phiếu bị lỗi so với so lượng hồ sơ trái phiếu đã gửi,"CB-KSDL, LĐ-KSDL (gọi chung là Người dùng)",,,B,4,Trung bình,,,,,
UC-2008,2008,BCTK,BÁO CÁO THỐNG KÊ,Báo cáo chấm điểm TCTD theo thời gian gửi tệp D5,"CB-KSDL, LĐ-KSDL (gọi chung là Người dùng)",,,B,4,Trung bình,,,,,
UC-2009,2009,BCTK,BÁO CÁO THỐNG KÊ,Báo cáo chấm điểm TCTD theo tỷ lệ hồ sơ danh sách khách hàng vay theo phân loại nợ có đủ chỉ tiêu theo quy định,"CB-KSDL, LĐ-KSDL (gọi chung là Người dùng)",,,B,4,Trung bình,,,,,
UC-2010,2010,BCTK,BÁO CÁO THỐNG KÊ,Báo cáo chấm điểm TCTD theo tỷ lệ hồ sơ danh sách khách hàng vay theo phân loại nợ bị lỗi so với so lượng hồ sơ danh sách khách hàng vay đã gửi,"CB-KSDL, LĐ-KSDL (gọi chung là Người dùng)",,,B,4,Trung bình,,,,,
UC-2011,2011,BCTK,BÁO CÁO THỐNG KÊ,Báo cáo chấm điểm TCTD theo thời gian gửi tệp T02DS,"CB-KSDL, LĐ-KSDL (gọi chung là Người dùng)",,,B,4,Trung bình,,,,,
UC-2012,2012,BCTK,BÁO CÁO THỐNG KÊ,Báo cáo chấm điểm TCTD theo tỷ lệ hồ sơ kết quả phân loại nợ có đủ chỉ tiêu theo quy định,"CB-KSDL, LĐ-KSDL (gọi chung là Người dùng)",,,B,4,Trung bình,,,,,
UC-2013,2013,BCTK,BÁO CÁO THỐNG KÊ,Báo cáo chấm điểm TCTD theo tỷ lệ hồ sơ kết quả phân loại nợ bị lỗi so với số lượng hồ sơ kết quả phản loại nợ đã gửi,"CB-KSDL, LĐ-KSDL (gọi chung là Người dùng)",,,B,4,Trung bình,,,,,
UC-2014,2014,BCTK,BÁO CÁO THỐNG KÊ,Báo cáo chấm điểm TCTD theo thời gian gửi tệp T02G,"CB-KSDL, LĐ-KSDL (gọi chung là Người dùng)",,,B,4,Trung bình,,,,,
UC-2015,2015,BCTK,BÁO CÁO THỐNG KÊ,Báo cáo thống kê các tài khoản không được sử dụng trong khoảng thời gian,"CB-KSDL, LĐ-KSDL (gọi chung là Người dùng)",,,B,4,Trung bình,,,,,
UC-2016,2016,BCTK,BÁO CÁO THỐNG KÊ,Thống kê quyền đã được cấp mà người dùng không sử dụng hoặc đã lâu không sử dụng.,QTHT,,,B,4,Trung bình,,,,,
UC-2017,2017,BCTK,BÁO CÁO THỐNG KÊ,Thống kê lịch sử phân quyền,QTHT,,,B,4,Trung bình,,,,,
UC-2018,2018,BCTK,BÁO CÁO THỐNG KÊ,Thống kê lịch sử truy cập và thao tác dữ liệu của người sử dụng.,QTHT,,,B,4,Trung bình,,,,,
UC-2019,2019,BCTK,BÁO CÁO THỐNG KÊ,Thống kê tình hình gửi tệp báo cáo của đơn vị báo cáo,QTHT,,,B,4,Trung bình,,,,,
UC-2020,2020,BCTK,BÁO CÁO THỐNG KÊ,Báo cáo thống kê tình hình tiếp nhận tệp dữ liệu định kỳ có cấu trúc đã xác định,QTHT,,,B,4,Trung bình,,,,,
UC-2021,2021,BCTK,BÁO CÁO THỐNG KÊ,Báo cáo thống kê tình hình tiếp nhận tệp dữ liệu điều chỉnh có cấu trúc đã xác định,QTHT,,,B,4,Trung bình,,,,,
UC-2022,2022,BCTK,BÁO CÁO THỐNG KÊ,Báo cáo thống kê tình hình tiếp nhận tệp dữ liệu có cấu trúc chưa xác định,QTHT,,,B,4,Trung bình,,,,,
UC-2023,2023,BCTK,BÁO CÁO THỐNG KÊ,Báo cáo thống kê tình hình tiếp nhận tệp dữ liệu phi cấu trúc,QTHT,,,B,4,Trung bình,,,,,
UC-2024,2024,BCTK,BÁO CÁO THỐNG KÊ,Báo cáo thống kê tình hình tiếp nhận dữ liệu xử lý thủ công,QTHT,,,B,4,Trung bình,,,,,
UC-2025,2025,BCTK,BÁO CÁO THỐNG KÊ,Báo cáo thống kê tình hình xử lý file dữ liệu lần đầu,QTHT,,,B,4,Trung bình,,,,,
UC-2026,2026,BCTK,BÁO CÁO THỐNG KÊ,Báo cáo Thống kê tình hình xử lý dữ liệu điều chỉnh (tệp C),QTHT,,,B,4,Trung bình,,,,,
UC-2027,2027,BCTK,BÁO CÁO THỐNG KÊ,Báo cáo Thống kê tình hình xử lý dữ liệu điều chỉnh (tệp E),QTHT,,,B,4,Trung bình,,,,,
UC-2028,2028,BCTK,BÁO CÁO THỐNG KÊ,Báo cáo Thống kê tình hình xử lý hồ sơ lỗi,QTHT,,,B,4,Trung bình,,,,,
UC-2029,2029,BCTK,BÁO CÁO THỐNG KÊ,Báo cáo thống kê tình hình xử lý hồ sơ chờ xem xét,QTHT,,,B,4,Trung bình,,,,,
UC-2030,2030,BCTK,BÁO CÁO THỐNG KÊ,Báo cáo thống kê tình hình kiểm tra sai lệch số liệu đã tiếp nhận,QTHT,,,B,4,Trung bình,,,,,
UC-2031,2031,BCTK,BÁO CÁO THỐNG KÊ,Báo cáo thống kê tình hình xử lý hồ sơ thông tin pháp lý,QTHT,,,B,4,Trung bình,,,,,
UC-2032,2032,BCTK,BÁO CÁO THỐNG KÊ,Thống kê về mã CIC cấp mới,QTHT,,,B,4,Trung bình,,,,,
UC-2033,2033,BCTK,BÁO CÁO THỐNG KÊ,Thống kê về tình hình gán mã CIC,QTHT,,,B,4,Trung bình,,,,,
UC-2034,2034,BCTK,BÁO CÁO THỐNG KÊ,Thống kê về tình hình gộp mã CIC,QTHT,,,B,4,Trung bình,,,,,
UC-2035,2035,BCTK,BÁO CÁO THỐNG KÊ,Thống kê về tình hình tách mã CIC,QTHT,,,B,4,Trung bình,,,,,
UC-2036,2036,BCTK,BÁO CÁO THỐNG KÊ,Báo cáo tình trạng xử lý khách hàng đã tất toán khoản vay,QTHT,,,B,4,Trung bình,,,,,
UC-2037,2037,BCTK,BÁO CÁO THỐNG KÊ,Báo cáo tình trạng xử lý khách hàng đã đóng thẻ tín dụng,QTHT,,,B,4,Trung bình,,,,,
UC-2038,2038,BCTK,BÁO CÁO THỐNG KÊ,Báo cáo tình trạng xử lý khách hàng đã tất toán trái phiếu,QTHT,,,B,4,Trung bình,,,,,
UC-2039,2039,BCTK,BÁO CÁO THỐNG KÊ,Báo cáo tình hình xử lý đề nghị điều chỉnh nội bộ CIC,QTHT,,,B,4,Trung bình,,,,,
UC-2040,2040,BCTK,BÁO CÁO THỐNG KÊ,Báo cáo tình hình xử lý đề nghị điều chỉnh từ đơn vị hỏi tin,QTHT,,,B,4,Trung bình,,,,,
UC-2041,2041,BCTK,BÁO CÁO THỐNG KÊ,"Báo cáo tổng hợp dữ liệu theo các tiêu chí (ngành nghề kinh doanh, tỉnh, phố; mã hình thức cấp tín dung; mã thời cấp tín dụng, …)",CB-KSDL,,,B,4,Trung bình,,,,,
UC-2042,2042,BCTK,BÁO CÁO THỐNG KÊ,"Báo cáo tiến trình xử lý dữ liệu (nhật ký, thời gian, tình trạng xử lý, …)",CB-KSDL,,,B,4,Trung bình,,,,,
UC-2043,2043,BCTK,BÁO CÁO THỐNG KÊ,Báo cáo tổng hợp công việc theo cán bộ CIC,CB-KSDL,,,B,4,Trung bình,,,,,
UC-2044,2044,BCTK,BÁO CÁO THỐNG KÊ,"Báo cáo tổng hợp dữ liệu toàn kho. Ví dụ: tổng dư nợ, tổng số khách hàng",CB-KSDL,,,B,4,Trung bình,,,,,
UC-2045,2045,BCTK,BÁO CÁO THỐNG KÊ,"Tổng hợp tình hình tiếp nhận, xử lý dữ liệu theo tài khoản đăng nhập",QTHT,,,B,4,Trung bình,,,,,
UC-2046,2046,BCTK,BÁO CÁO THỐNG KÊ,Thống kê công việc cần xử lý theo tài khoản đăng nhập,QTHT,,,B,4,Trung bình,,,,,
UC-2047,2047,BCTK,BÁO CÁO THỐNG KÊ,Sơ đồ thể hiện mối quan hệ của khách hàng vay và người có liên quan,QTHT,,,B,4,Trung bình,,,,,
UC-2048,2048,BCTK,BÁO CÁO THỐNG KÊ,"Sơ đồ về mối liên hệ thông tin bảo đảm cấp dụng được cấp chung cho khách hàng, hợp đồng.",QTHT,,,B,4,Trung bình,,,,,
UC-2049,2049,BCTK,BÁO CÁO THỐNG KÊ,"Dashboard phục vụ quản trị tiến độ công việc: số lượng yêu cầu đã tiếp nhận, chưa xử lý; trao đổi phản hồi chưa kết thúc;...",QTHT,,,B,4,Trung bình,,,,,
UC-2050,2050,BCTK,BÁO CÁO THỐNG KÊ,Báo cáo kiểm soát chất lượng theo tình trạng và kết quả xử lý cảnh báo,"CB-KSDL, LĐP-KSDL (gọi chung là Người dùng)",,,B,4,Trung bình,,,,,
UC-2051,2051,BCTK,BÁO CÁO THỐNG KÊ,Thống kê cảnh báo kiếm soát chất lượng,"CB-KSDL, LĐP-KSDL (gọi chung là Người dùng)",,,B,4,Trung bình,,,,,
UC-2052,2052,BCTK,BÁO CÁO THỐNG KÊ,"Thống kê số lượng, tình trạng, tỷ lệ xử lý các yêu cầu theo từng đơn vị khai thác, cán bộ.","CB-TLSP, LĐ-TLSP (gọi chung là Người dùng)",,,B,4,Trung bình,,,,,
UC-2053,2053,BCTK,BÁO CÁO THỐNG KÊ,"Thống kê số lượng tình trạng xử lý tạo lập sản phẩm theo từng đơn vị khai thác, cán bộ.","CB-TLSP, LĐ-TLSP (gọi chung là Người dùng)",,,B,4,Trung bình,,,,,
UC-2054,2054,BCTK,BÁO CÁO THỐNG KÊ,"Thông kê số lượng báo cáo, bài viết đã khai thác theo từng đơn vị khai thác, cán bộ.","CB-TLSP, LĐ-TLSP (gọi chung là Người dùng)",,,B,4,Trung bình,,,,,
UC-2055,2055,BCTK,BÁO CÁO THỐNG KÊ,"Thống kê số lượng, tình trạng thực hiện tra soát phản hồi về báo cáo, bài viết đã cung cấp.","CB-TLSP, LĐ-TLSP (gọi chung là Người dùng)",,,B,4,Trung bình,,,,,
UC-2056,2056,BCTK,BÁO CÁO THỐNG KÊ,"Thống kê số lượng, danh sách sản phẩm sử dụng kết quả chấm điểm thể nhân theo khoảng thời gian","CB-TLSP, LĐ-TLSP (gọi chung là Người dùng)",,,B,4,Trung bình,,,,,
UC-2057,2057,BCTK,BÁO CÁO THỐNG KÊ,"Thống kê danh sách sản phẩm sử dụng kết quả xếp hạng tín dụng, chỉ số PD theo khoảng thời gian","CB-TLSP, LĐ-TLSP (gọi chung là Người dùng)",,,B,4,Trung bình,,,,,
UC-2058,2058,BCTK,BÁO CÁO THỐNG KÊ,Thống kê thời điểm tiếp nhận yêu cầu và thời điểm xử lý tại các bước theo từng yêu cầu tra cứu/hỏi tin của đơn vị. Hệ thống tự động tính toán khoảng thời gian xử lý giữa các bước.,"CB-TLSP, LĐ-TLSP (gọi chung là Người dùng)",,,B,4,Trung bình,,,,,
UC-2059,2059,BCTK,BÁO CÁO THỐNG KÊ,Thống kê doanh thu của từng loại sản phẩm đã cung cấp.,"CB-TLSP, LĐ-TLSP (gọi chung là Người dùng)",,,B,4,Trung bình,,,,,
UC-2060,2060,BCTK,BÁO CÁO THỐNG KÊ,"Thống kê số lượng khách hàng cung cấp, tình trạng hợp đồng cung cấp thông tin.","CB-TLSP, LĐ-TLSP (gọi chung là Người dùng)",,,B,4,Trung bình,,,,,
UC-2061,2061,BCTK,BÁO CÁO THỐNG KÊ,Thống kê tình trạng khai thác sản phẩm.,"CB-TLSP, LĐ-TLSP (gọi chung là Người dùng)",,,B,4,Trung bình,,,,,
UC-2062,2062,BCTK,BÁO CÁO THỐNG KÊ,Báo cáo tình trạng khách hàng là doanh nghiệp,"CB-TLSP, LĐ-TLSP (gọi chung là Người dùng)",,,B,4,Trung bình,,,,,
UC-2063,2063,BCTK,BÁO CÁO THỐNG KÊ,Báo cáo tình trạng khách hàng là cá nhân,"CB-TLSP, LĐ-TLSP (gọi chung là Người dùng)",,,B,4,Trung bình,,,,,
UC-2064,2064,BCTK,BÁO CÁO THỐNG KÊ,"Thống kê số lượng, tình trạng, thời gian xử lý báo cáo tài chính thu thập được","CB-TTXLDL, LĐ-TTXLDL, LĐP-TTXLDL (gọi chung là Người dùng)",,,B,4,Trung bình,,,,,
UC-2065,2065,BCTK,BÁO CÁO THỐNG KÊ,Thống kê các mã CIC có thay đổi dữ liệu và chưa thực hiện chấm điểm thể nhân kể từ thời điểm thay đổi.,"CB-TTXLDL, LĐ-TTXLDL, LĐP-TTXLDL (gọi chung là Người dùng)",,,B,4,Trung bình,,,,,
UC-2066,2066,BCTK,BÁO CÁO THỐNG KÊ,Thống kê các mã CIC trong CSDL mà chưa có kết quả chấm điểm tại một thời điểm.,"CB-TTXLDL, LĐ-TTXLDL, LĐP-TTXLDL (gọi chung là Người dùng)",,,B,4,Trung bình,,,,,
UC-2067,2067,BCTK,BÁO CÁO THỐNG KÊ,Thống kê tình hình thay đổi hạng của các mã CIC tại hai kỳ dữ liệu,"CB-TTXLDL, LĐ-TTXLDL, LĐP-TTXLDL (gọi chung là Người dùng)",,,B,4,Trung bình,,,,,
UC-2068,2068,BCTK,BÁO CÁO THỐNG KÊ,Báo cáo chi tiết chấm điểm thể nhân,"CB-TTXLDL, LĐ-TTXLDL, LĐP-TTXLDL (gọi chung là Người dùng)",,,B,4,Trung bình,,,,,
UC-2069,2069,BCTK,BÁO CÁO THỐNG KÊ,Báo cáo KH điều chỉnh,"CB-TTXLDL, LĐ-TTXLDL, LĐP-TTXLDL (gọi chung là Người dùng)",,,B,4,Trung bình,,,,,
UC-2070,2070,BCTK,BÁO CÁO THỐNG KÊ,"Thống kê kết quả xếp hạng, tình trạng thay đổi kết quả xếp hạng của doanh nghiệp tại hai kỳ dữ liệu","CB-TTXLDL, LĐ-TTXLDL, LĐP-TTXLDL (gọi chung là Người dùng)",,,B,4,Trung bình,,,,,
UC-2071,2071,BCTK,BÁO CÁO THỐNG KÊ,Thống kê tình trạng xếp hạng tín dụng của doanh nghiệp,"CB-TTXLDL, LĐ-TTXLDL, LĐP-TTXLDL (gọi chung là Người dùng)",,,B,4,Trung bình,,,,,
UC-2072,2072,BCTK,BÁO CÁO THỐNG KÊ,Thống kê danh sách doanh nghiệp thay đổi báo cáo tài chính chuẩn mà chưa thực hiện xếp hạng tín dụng kể từ thời điểm thay đổi,"CB-TTXLDL, LĐ-TTXLDL, LĐP-TTXLDL (gọi chung là Người dùng)",,,B,4,Trung bình,,,,,
UC-2073,2073,BCTK,BÁO CÁO THỐNG KÊ,"Thống kê số yêu cầu trao đổi, số lần thực hiện trao đổi, số lượng đã xử lý của cán bộ thực hiện theo từng kỳ.","CB-TTXLDL, LĐ-TTXLDL, LĐP-TTXLDL (gọi chung là Người dùng)",,,B,4,Trung bình,,,,,
UC-2074,2074,BCTK,BÁO CÁO THỐNG KÊ,"Thống kê tình trạng, thời gian, kết quả xử lý của từng lần trao đổi","CB-TTXLDL, LĐ-TTXLDL, LĐP-TTXLDL (gọi chung là Người dùng)",,,B,4,Trung bình,,,,,
UC-2075,2075,BCTK,BÁO CÁO THỐNG KÊ,"Thống kê số lượng, đơn giá sản phẩm, doanh thu theo đơn vị khai thác theo khoảng thời gian tự chọn","CB-TLSP, LĐ-TLSP (gọi chung là Người dùng)",,,B,4,Trung bình,,,,,
UC-2076,2076,BCTK,BÁO CÁO THỐNG KÊ,"Thống kê số lượng khai thác, doanh thu, tần suất, … theo từng chỉ tiêu được cung cấp trong các sản phẩm đầu ra","CB-TLSP, LĐ-TLSP (gọi chung là Người dùng)",,,B,4,Trung bình,,,,,
UC-2077,2077,BCTK,BÁO CÁO THỐNG KÊ,"Thống kê số lượng khai thác, doanh thu, … theo từng sản phẩm","CB-TLSP, LĐ-TLSP (gọi chung là Người dùng)",,,B,4,Trung bình,,,,,
UC-2078,2078,BCTK,BÁO CÁO THỐNG KÊ,"Thống kê danh mục sản phẩm, mức giá, thời gian áp dụng, đối tượng sử dụng","CB-TLSP, LĐ-TLSP (gọi chung là Người dùng)",,,B,4,Trung bình,,,,,
UC-2079,2079,BCTK,BÁO CÁO THỐNG KÊ,Báo cáo thống kê để phục vụ cán bộ kiểm tra dữ liệu giữa kho và tệp báo cáo.,"CB-TLSP, LĐ-TLSP (gọi chung là Người dùng)",,,B,4,Trung bình,,,,,
UC-2080,2080,BCTK,BÁO CÁO THỐNG KÊ,"Báo cáo thống kê để phục vụ cán bộ kiểm tra, theo dõi tình trạng xử lý trong quá trình thu thập và xử lý dữ liệu","CB-TTXLDL, LĐ-TTXLDL, LĐP-TTXLDL (gọi chung là Người dùng)",,,B,4,Trung bình,,,,,
UC-2081,2081,BCTK,BÁO CÁO THỐNG KÊ,Dashboard hỗ trợ theo dõi tình hình trao đổi dữ liệu của các kênh,"CB-TTXLDL, LĐ-TTXLDL, LĐP-TTXLDL (gọi chung là Người dùng)",,,B,4,Trung bình,,,,,
UC-2082,2082,BCTK,BÁO CÁO THỐNG KÊ,Báo cáo đối soát dữ liệu giữa Core và các kênh trao đổi,"CB-TTXLDL, LĐ-TTXLDL, LĐP-TTXLDL (gọi chung là Người dùng)",,,B,4,Trung bình,,,,,
UC-2083,2083,BCTK,BÁO CÁO THỐNG KÊ,Thống kê danh sách kênh đang hoạt động,"CB-TTXLDL, LĐ-TTXLDL, LĐP-TTXLDL (gọi chung là Người dùng)",,,B,4,Trung bình,,,,,
UC-2084,2084,BCTK,BÁO CÁO THỐNG KÊ,Thống kê tình hình trao đổi dữ liệu,"CB-TTXLDL, LĐ-TTXLDL, LĐP-TTXLDL (gọi chung là Người dùng)",,,B,4,Trung bình,,,,,
UC-2085,2085,BCTK,BÁO CÁO THỐNG KÊ,Thống kê danh sách yêu cầu tra soát đã gửi/nhận,"CB-TTXLDL, LĐ-TTXLDL, LĐP-TTXLDL (gọi chung là Người dùng)",,,B,4,Trung bình,,,,,
UC-2086,2086,BCTK,BÁO CÁO THỐNG KÊ,Báo cáo tổng hợp số liệu theo từng nghiệp vụ,QTHT,,,B,4,Trung bình,,,,,
UC-2087,2087,BCTK,BÁO CÁO THỐNG KÊ,Thống kê chi tiết số liệu theo từng nghiệp vụ,QTHT,,,B,4,Trung bình,,,,,
UC-2088,2088,BCTK,BÁO CÁO THỐNG KÊ,Báo cáo thống kê đổi soát so sánh dữ liệu,QTHT,,,B,4,Trung bình,,,,,
UC-2089,2089,BCTK,BÁO CÁO THỐNG KÊ,Báo cáo thống kê trại thái đối soát,QTHT,,,B,4,Trung bình,,,,,
UC-2090,2090,BCTK,BÁO CÁO THỐNG KÊ,Dashboard thống kê theo dõi trại thái đối soát,QTHT,,,B,4,Trung bình,,,,,
UC-2091,2091,BCTK,BÁO CÁO THỐNG KÊ,Thống kê tần suất gửi báo cáo của từng TCTD,"CB-TTXLDL, LĐ-TTXLDL, LĐP-TTXLDL (gọi chung là Người dùng)",,,B,4,Trung bình,,,,,
UC-2092,2092,BCTK,BÁO CÁO THỐNG KÊ,Thống kê khoảng cách giữa ngày dữ liệu (ngày báo cáo) và ngày gửi báo cáo,"CB-TTXLDL, LĐ-TTXLDL, LĐP-TTXLDL (gọi chung là Người dùng)",,,B,4,Trung bình,,,,,
UC-2093,2093,BCTK,BÁO CÁO THỐNG KÊ,Thống kê khoảng cách giữa thời điểm gửi báo cáo và thời điểm tệp báo cáo hoàn tất xử lý tự động,"CB-TTXLDL, LĐ-TTXLDL, LĐP-TTXLDL (gọi chung là Người dùng)",,,B,4,Trung bình,,,,,
UC-2094,2094,BCTK,BÁO CÁO THỐNG KÊ,"Thống kê thời gian cán bộ xử lý theo từng hồ sơ lỗi, hồ sơ xem xét","CB-TTXLDL, LĐ-TTXLDL, LĐP-TTXLDL (gọi chung là Người dùng)",,,B,4,Trung bình,,,,,
UC-2095,2095,BCTK,BÁO CÁO THỐNG KÊ,Thống kê tỉ lệ chấp nhận các mã lỗi,"CB-TTXLDL, LĐ-TTXLDL, LĐP-TTXLDL (gọi chung là Người dùng)",,,B,4,Trung bình,,,,,
UC-2096,2096,BCTK,BÁO CÁO THỐNG KÊ,Thống kê số lượng dữ liệu tại các bước xử lý theo từng tệp báo cáo,"CB-TTXLDL, LĐ-TTXLDL, LĐP-TTXLDL (gọi chung là Người dùng)",,,B,4,Trung bình,,,,,
UC-2097,2097,BCTK,BÁO CÁO THỐNG KÊ,"Thống kê thời gian xử lý hồ sơ lỗi, hồ sơ xem xét của từng cán bộ","CB-TTXLDL, LĐ-TTXLDL, LĐP-TTXLDL (gọi chung là Người dùng)",,,B,4,Trung bình,,,,,
UC-2098,2098,BCTK,BÁO CÁO THỐNG KÊ,Đối chiếu dữ liệu chốt toàn kho của kỳ này với dữ liệu đã chốt của các kỳ liền trước,"CB-TTXLDL, LĐ-TTXLDL, LĐP-TTXLDL (gọi chung là Người dùng)",,,B,4,Trung bình,,,,,
UC-2099,2099,BCTK,BÁO CÁO THỐNG KÊ,Thống kê tần suất điều chỉnh,"CB-TTXLDL, LĐ-TTXLDL, LĐP-TTXLDL (gọi chung là Người dùng)",,,B,4,Trung bình,,,,,
UC-2100,2100,BCTK,BÁO CÁO THỐNG KÊ,Thống kê tỷ lệ dữ liệu được điều chỉnh,"CB-TTXLDL, LĐ-TTXLDL, LĐP-TTXLDL (gọi chung là Người dùng)",,,B,4,Trung bình,,,,,
UC-2101,2101,BCTK,BÁO CÁO THỐNG KÊ,"Thống kê mức độ biến động chỉ tiêu trước và sau điều chỉnh, lý do điều chỉnh","CB-TTXLDL, LĐ-TTXLDL, LĐP-TTXLDL (gọi chung là Người dùng)",,,B,4,Trung bình,,,,,
UC-2102,2102,BCTK,BÁO CÁO THỐNG KÊ,"Thống kê thời gian xử lý, trạng thái xử lý điều chỉnh dữ liệu theo từng yêu cầu/phương án điều chỉnh.","CB-TTXLDL, LĐ-TTXLDL, LĐP-TTXLDL (gọi chung là Người dùng)",,,B,4,Trung bình,,,,,
UC-2103,2103,BCTK,BÁO CÁO THỐNG KÊ,Thống kê các sản phẩm TTTD có dữ liệu bị điều chỉnh sau thời điểm tạo lập cuối cùng,"CB-TTXLDL, LĐ-TTXLDL, LĐP-TTXLDL (gọi chung là Người dùng)",,,B,4,Trung bình,,,,,
UC-2104,2104,BCTK,BÁO CÁO THỐNG KÊ,Thống kê thời điểm tiếp nhận yêu cầu và thời điểm xử lý tại các bước theo từng yêu cầu tra cứu/hỏi tin của đơn vị/khách hàng,"CB-TTXLDL, LĐ-TTXLDL, LĐP-TTXLDL (gọi chung là Người dùng)",,,B,4,Trung bình,,,,,
UC-2105,2105,BCTK,BÁO CÁO THỐNG KÊ,Thống kê tạo lập lại sản phẩm mà không thực hiện điều chỉnh kể từ thời điểm tạo lập gần nhất,"CB-TTXLDL, LĐ-TTXLDL, LĐP-TTXLDL (gọi chung là Người dùng)",,,B,4,Trung bình,,,,,
UC-2106,2106,BCTK,BÁO CÁO THỐNG KÊ,"Thống kê danh sách những hồ sơ có dữ liệu cung cấp báo cáo khác với dữ liệu nguồn để kiểm soát chương trình làm mất dữ liệu, sai dữ liệu…","CB-TTXLDL, LĐ-TTXLDL, LĐP-TTXLDL (gọi chung là Người dùng)",,,B,4,Trung bình,,,,,
UC-2107,2107,BCTK,BÁO CÁO THỐNG KÊ,Thống kê tỷ lệ khiếu nại theo nguồn dữ liệu để đánh giá mức độ tin cậy của nguồn dữ liệu.,"CB-TTXLDL, LĐ-TTXLDL, LĐP-TTXLDL (gọi chung là Người dùng)",,,B,4,Trung bình,,,,,
UC-2108,2108,BCTK,BÁO CÁO THỐNG KÊ,Thống kê tỷ lệ khách hàng được hỏi tin so với số lượng khách hàng phát sinh mới trong cùng kỳ,"CB-TTXLDL, LĐ-TTXLDL, LĐP-TTXLDL (gọi chung là Người dùng)",,,B,4,Trung bình,,,,,
UC-2109,2109,BCTK,BÁO CÁO THỐNG KÊ,Thống kê tỷ lệ báo cáo phải tạo lập lại trên tổng số báo cáo đã tạo lập theo TCTD có dữ liệu điều chỉnh,"CB-TTXLDL, LĐ-TTXLDL, LĐP-TTXLDL (gọi chung là Người dùng)",,,B,4,Trung bình,,,,,
UC-2110,2110,BCTK,BÁO CÁO THỐNG KÊ,"Thống kê số lượng yêu cầu hỏi tin đã tiếp nhận, số lượng đã được tạo lập, cung cấp của từng đơn vị khai thác theo kỳ báo cáo","CB-TTXLDL, LĐ-TTXLDL, LĐP-TTXLDL (gọi chung là Người dùng)",,,B,4,Trung bình,,,,,
UC-2111,2111,BCTK,BÁO CÁO THỐNG KÊ,Thống kê tần suất trao đổi trao đổi/tra soát/phản hồi thông tin của phòng ban/cá nhân theo từng loại nghiệp vụ,QTHT,,,B,4,Trung bình,,,,,
UC-2112,2112,BCTK,BÁO CÁO THỐNG KÊ,"Thống kê tần suất trao đổi dữ liệu với các hệ thống khác (M5, C06, hệ thống của các TCTD, ...) qua các kênh giao tiếp (API, H2H, ...)",QTHT,,,B,4,Trung bình,,,,,
UC-2113,2113,BCTK,BÁO CÁO THỐNG KÊ,Thống kê danh sách trao đổi chi tiết,QTHT,,,B,4,Trung bình,,,,,
UC-2114,2114,BCTK,BÁO CÁO THỐNG KÊ,"Thống kê số lượng gói tin đã tiếp nhận/gửi, số lượng gói tin đã xử lý, thời gian xử lý theo hệ thống và kênh giao tiếp.",QTHT,,,B,4,Trung bình,,,,,
UC-2115,2115,BCTK,BÁO CÁO THỐNG KÊ,"Thống kê số yêu cầu trao đổi, số lần thực hiện trao đổi, số lượng đã xử lý của đơn vị/phòng ban/cán bộ thực hiện theo từng kỳ",QTHT,,,B,4,Trung bình,,,,,
UC-2116,2116,BCTK,BÁO CÁO THỐNG KÊ,"Thống kê tình trạng, thời gian, kết quả xử lý của từng gói tin",QTHT,,,B,4,Trung bình,,,,,
UC-2117,2117,BCTK,BÁO CÁO THỐNG KÊ,Báo cáo thống kê mã danh mục theo nhiều tiêu chí,QTHT,,,B,4,Trung bình,,,,,
UC-2118,2118,BCTK,BÁO CÁO THỐNG KÊ,"Thống kê lịch sử cập nhật, đồng bộ dữ liệu theo từng loại danh mục",QTHT,,,B,4,Trung bình,,,,,
UC-2119,2119,BCTK,BÁO CÁO THỐNG KÊ,Báo cáo thống kê danh sách quyền theo nhiều tiêu chí,QTHT,,,B,4,Trung bình,,,,,
UC-2120,2120,BCTK,BÁO CÁO THỐNG KÊ,Theo dõi lịch sử phân quyền,QTHT,,,B,4,Trung bình,,,,,
UC-2121,2121,BCTK,BÁO CÁO THỐNG KÊ,Thống kê lịch sử truy cập và thao tác dữ liệu của người sử dụng,QTHT,,,B,4,Trung bình,,,,,
UC-2122,2122,QTDL,QUẢN TRỊ DỮ LIỆU,Tra cứu thông tin đặc tính dữ liệu (metadata),"CB-KSDL, LĐP-KSDL (gọi chung là Người dùng)",,,B,3,Đơn giản,,,,,
UC-2123,2123,QTDL,QUẢN TRỊ DỮ LIỆU,Cập nhật thông tin về đặc tính dữ liệu,"CB-KSDL, LĐP-KSDL (gọi chung là Người dùng)",,,B,2,Đơn giản,,,,,
UC-2124,2124,QTDL,QUẢN TRỊ DỮ LIỆU,Quản lý danh sách thông tin tài sản nghiệp vụ cần quản trị,"CB-KSDL, LĐP-KSDL (gọi chung là Người dùng)",,,B,4,Trung bình,,,,,
UC-2125,2125,QTDL,QUẢN TRỊ DỮ LIỆU,Tra cứu danh sách thông tin tài sản nghiệp vụ cần quản trị,"CB-KSDL, LĐP-KSDL (gọi chung là Người dùng)",,,B,3,Đơn giản,,,,,
UC-2126,2126,QTDL,QUẢN TRỊ DỮ LIỆU,Cấu hình thông tin thuộc tính của tài sản nghiệp vụ cần quản trị,"CB-KSDL, LĐP-KSDL (gọi chung là Người dùng)",,,B,3,Đơn giản,,,,,
UC-2127,2127,QTDL,QUẢN TRỊ DỮ LIỆU,Tra cứu thông tin cấu hình thông tin thuộc tính của tài sản nghiệp vụ cần quản trị,"CB-KSDL, LĐP-KSDL (gọi chung là Người dùng)",,,B,3,Đơn giản,,,,,
UC-2128,2128,QTDL,QUẢN TRỊ DỮ LIỆU,"Hệ thống tự động thực hiện các nghiệp vụ kiểm soát, theo dõi về tài sản nghiệp vụ","CB-KSDL, LĐP-KSDL (gọi chung là Người dùng)",,,B,2,Đơn giản,,,,,
UC-2129,2129,QTDL,QUẢN TRỊ DỮ LIỆU,Tra cứu/Khai thác thông tin quản trị dữ liệu về tài sản nghiệp vụ,"CB-KSDL, LĐP-KSDL (gọi chung là Người dùng)",,,B,3,Đơn giản,,,,,
UC-2130,2130,QTDL,QUẢN TRỊ DỮ LIỆU,"Hệ thống tự động thực hiện các nghiệp vụ kiểm soát, theo dõi về tài sản kỹ thuật","CB-KSDL, LĐP-KSDL (gọi chung là Người dùng)",,,B,2,Đơn giản,,,,,
UC-2131,2131,QTDL,QUẢN TRỊ DỮ LIỆU,Cập nhật thông tin giá trị về tài sản kỹ thuật,"CB-KSDL, LĐP-KSDL (gọi chung là Người dùng)",,,B,2,Đơn giản,,,,,
UC-2132,2132,QTDL,QUẢN TRỊ DỮ LIỆU,Tra cứu/khai thác thông tin quản trị dữ liệu về tài sản kỹ thuật,"CB-KSDL, LĐP-KSDL (gọi chung là Người dùng)",,,B,3,Đơn giản,,,,,
UC-2133,2133,QTDL,QUẢN TRỊ DỮ LIỆU,Tra cứu/Khai thác thông tin quản trị dữ liệu về tài sản nghiệp vụ và tài sản kỹ thuật,"CB-KSDL, LĐP-KSDL (gọi chung là Người dùng)",,,B,3,Đơn giản,,,,,
UC-2134,2134,QTDL,QUẢN TRỊ DỮ LIỆU,Quản lý danh sách thông tin loại dữ liệu cần theo dõi dòng dữ liệu,"CB-KSDL, LĐP-KSDL (gọi chung là Người dùng)",,,B,4,Trung bình,,,,,
UC-2135,2135,QTDL,QUẢN TRỊ DỮ LIỆU,Tra cứu danh sách thông tin loại dữ liệu cần theo dõi dòng dữ liệu,"CB-KSDL, LĐP-KSDL (gọi chung là Người dùng)",,,B,3,Đơn giản,,,,,
UC-2136,2136,QTDL,QUẢN TRỊ DỮ LIỆU,"Hệ thống tự động thực hiện các nghiệp vụ kiểm soát, theo dõi vòng đời của dữ liệu","CB-KSDL, LĐP-KSDL (gọi chung là Người dùng)",,,B,2,Đơn giản,,,,,
UC-2137,2137,QTDL,QUẢN TRỊ DỮ LIỆU,Tra cứu/Khai thác lược đồ về luồng dữ liệu,"CB-KSDL, LĐP-KSDL (gọi chung là Người dùng)",,,B,3,Đơn giản,,,,,
UC-2138,2138,QTDL,QUẢN TRỊ DỮ LIỆU,Thiết lập bộ tiêu chí đánh giá chất lượng dữ liệu,"CB-KSDL, LĐP-KSDL (gọi chung là Người dùng)",,,B,3,Đơn giản,,,,,
UC-2139,2139,QTDL,QUẢN TRỊ DỮ LIỆU,Tra cứu bộ tiêu chí đánh giá chất lượng dữ liệu,"CB-KSDL, LĐP-KSDL (gọi chung là Người dùng)",,,B,2,Đơn giản,,,,,
UC-2140,2140,QTDL,QUẢN TRỊ DỮ LIỆU,Thiết lập quy tắc về chất lượng tài sản nghiệp vụ,"CB-KSDL, LĐP-KSDL (gọi chung là Người dùng)",,,B,3,Đơn giản,,,,,
UC-2141,2141,QTDL,QUẢN TRỊ DỮ LIỆU,Tra cứu thông tin quy tắc về chất lượng tài sản nghiệp vụ,"CB-KSDL, LĐP-KSDL (gọi chung là Người dùng)",,,B,2,Đơn giản,,,,,
UC-2142,2142,QTDL,QUẢN TRỊ DỮ LIỆU,Thiết lập quy tắc về chất lượng tài sản kỹ thuật,"CB-KSDL, LĐP-KSDL (gọi chung là Người dùng)",,,B,3,Đơn giản,,,,,
UC-2143,2143,QTDL,QUẢN TRỊ DỮ LIỆU,Tra cứu thông tin quy tắc về chất lượng tài sản kỹ thuật,"CB-KSDL, LĐP-KSDL (gọi chung là Người dùng)",,,B,3,Đơn giản,,,,,
UC-2144,2144,QTDL,QUẢN TRỊ DỮ LIỆU,Thiết lập các ngưỡng đánh giá chất lượng dữ liệu,"CB-KSDL, LĐP-KSDL (gọi chung là Người dùng)",,,B,3,Đơn giản,,,,,
UC-2145,2145,QTDL,QUẢN TRỊ DỮ LIỆU,Tra cứu ngưỡng đánh giá chất lượng dữ liệu,"CB-KSDL, LĐP-KSDL (gọi chung là Người dùng)",,,B,3,Đơn giản,,,,,
UC-2146,2146,QTDL,QUẢN TRỊ DỮ LIỆU,Thiết lập các quy tắc quản lý chất lượng dữ liệu,"CB-KSDL, LĐP-KSDL (gọi chung là Người dùng)",,,B,3,Đơn giản,,,,,
UC-2147,2147,QTDL,QUẢN TRỊ DỮ LIỆU,Tra cứu các quy tắc quản lý chất lượng dữ liệu,"CB-KSDL, LĐP-KSDL (gọi chung là Người dùng)",,,B,3,Đơn giản,,,,,
UC-2148,2148,QTDL,QUẢN TRỊ DỮ LIỆU,Đánh giá và xử lý các vấn đề về chất lượng dữ liệu,"CB-KSDL, LĐP-KSDL (gọi chung là Người dùng)",,,B,3,Đơn giản,,,,,
UC-2149,2149,QTDL,QUẢN TRỊ DỮ LIỆU,Hệ thống tự động thực hiện rà soát và tự động tạo thông báo vượt ngưỡng khi có tiêu chí đánh giá chất lượng vượt ngưỡng cho phép cấp 1,"CB-KSDL, LĐP-KSDL (gọi chung là Người dùng)",,,B,2,Đơn giản,,,,,
UC-2150,2150,QTDL,QUẢN TRỊ DỮ LIỆU,Hệ thống tự động thực hiện rà soát và tự động tạo thông báo vượt ngưỡng khi có tiêu chí đánh giá chất lượng vượt ngưỡng cho phép cấp 2,"CB-KSDL, LĐP-KSDL (gọi chung là Người dùng)",,,B,2,Đơn giản,,,,,
UC-2151,2151,QTDL,QUẢN TRỊ DỮ LIỆU,Tra cứu thông báo cảnh báo vượt ngưỡng,"CB-KSDL, LĐP-KSDL (gọi chung là Người dùng)",,,B,3,Đơn giản,,,,,
UC-2152,2152,QTDL,QUẢN TRỊ DỮ LIỆU,Cập nhật kết quả xử lý thông báo cảnh báo vượt ngưỡng,"CB-KSDL, LĐP-KSDL (gọi chung là Người dùng)",,,B,3,Đơn giản,,,,,
UC-2153,2153,QTDL,QUẢN TRỊ DỮ LIỆU,"Hệ thống tự động tạo lập đề nghị tra soát, xử lý dữ liệu vượt ngưỡng","CB-KSDL, LĐP-KSDL (gọi chung là Người dùng)",,,B,2,Đơn giản,,,,,
UC-2154,2154,QTDL,QUẢN TRỊ DỮ LIỆU,"Tra cứu đề nghị tra soát, xử lý dữ liệu vượt ngưỡng","CB-KSDL, LĐP-KSDL (gọi chung là Người dùng)",,,B,3,Đơn giản,,,,,
UC-2155,2155,QTDL,QUẢN TRỊ DỮ LIỆU,"Cập nhật kết quả xử lý đề nghị tra soát, xử lý dữ liệu vượt ngưỡng","CB-KSDL, LĐP-KSDL (gọi chung là Người dùng)",,,B,3,Đơn giản,,,,,
UC-2156,2156,QTDL,QUẢN TRỊ DỮ LIỆU,Cấu hình thời gian đồng bộ từ dữ liệu tác nghiệp về vùng dữ liệu phục vụ công tác quản trị dữ liệu,"CB-KSDL, LĐP-KSDL (gọi chung là Người dùng)",,,B,2,Đơn giản,,,,,
UC-2157,2157,QTDL,QUẢN TRỊ DỮ LIỆU,Tra cứu thông tin/tham số cấu hình Cấu hình thời gian đồng bộ từ dữ liệu tác nghiệp về vùng dữ liệu phục vụ công tác quản trị dữ liệu,"CB-KSDL, LĐP-KSDL (gọi chung là Người dùng)",,,B,2,Đơn giản,,,,,
